[2025-06-21 11:31:57.576] [2151133] [HailoRT] [info] [vstream_builder.cpp:220] [create_outputs] Output pipeline 'scrfd_2_5g/conv42': HW >> (HwReadEl3scrfd_2_5g/conv42 | hw_frame_size: 12800) >> (UserBuffQEl3scrfd_2_5g/conv42 | timeout: 10s)
[2025-06-21 11:31:57.578] [2151133] [HailoRT] [info] [edge_elements.cpp:287] [create] Created (HwReadEl0scrfd_2_5g/conv43 | hw_frame_size: 51200)
[2025-06-21 11:31:57.579] [2151133] [HailoRT] [info] [queue_elements.cpp:800] [create] Created (UserBuffQEl0scrfd_2_5g/conv43 | timeout: 10s)
[2025-06-21 11:31:57.579] [2151133] [HailoRT] [info] [vstream.cpp:1114] [OutputVStreamImpl] Creating scrfd_2_5g/conv43...
[2025-06-21 11:31:57.579] [2151133] [HailoRT] [info] [vstream_builder.cpp:220] [create_outputs] Output pipeline 'scrfd_2_5g/conv43': HW >> (HwReadEl0scrfd_2_5g/conv43 | hw_frame_size: 51200) >> (UserBuffQEl0scrfd_2_5g/conv43 | timeout: 10s)
[2025-06-21 11:31:57.579] [2151133] [HailoRT] [info] [edge_elements.cpp:287] [create] Created (HwReadEl2scrfd_2_5g/conv44 | hw_frame_size: 153600)
[2025-06-21 11:31:57.579] [2151133] [HailoRT] [info] [queue_elements.cpp:657] [create] Created (PullQEl_hw_read2scrfd_2_5g/conv44)
[2025-06-21 11:31:57.579] [2151133] [HailoRT] [info] [filter_elements.cpp:375] [create] Created (PostInferEl2scrfd_2_5g/conv44 | Reorder - src_order: FCR, src_shape: (80, 80, 24), dst_order: FCR, dst_shape: (80, 80, 20))
[2025-06-21 11:31:57.580] [2151133] [HailoRT] [info] [queue_elements.cpp:800] [create] Created (UserBuffQEl2scrfd_2_5g/conv44 | timeout: 10s)
[2025-06-21 11:31:57.580] [2151133] [HailoRT] [info] [vstream.cpp:1114] [OutputVStreamImpl] Creating scrfd_2_5g/conv44...
[2025-06-21 11:31:57.580] [2151133] [HailoRT] [info] [vstream_builder.cpp:220] [create_outputs] Output pipeline 'scrfd_2_5g/conv44': HW >> (HwReadEl2scrfd_2_5g/conv44 | hw_frame_size: 153600) >> (PullQEl_hw_read2scrfd_2_5g/conv44) >> (PostInferEl2scrfd_2_5g/conv44 | Reorder - src_order: FCR, src_shape: (80, 80, 24), dst_order: FCR, dst_shape: (80, 80, 20)) >> (UserBuffQEl2scrfd_2_5g/conv44 | timeout: 10s)
[2025-06-21 11:31:57.580] [2151133] [HailoRT] [info] [edge_elements.cpp:287] [create] Created (HwReadEl14scrfd_2_5g/conv49 | hw_frame_size: 3200)
[2025-06-21 11:31:57.580] [2151133] [HailoRT] [info] [queue_elements.cpp:800] [create] Created (UserBuffQEl14scrfd_2_5g/conv49 | timeout: 10s)
[2025-06-21 11:31:57.580] [2151133] [HailoRT] [info] [vstream.cpp:1114] [OutputVStreamImpl] Creating scrfd_2_5g/conv49...
[2025-06-21 11:31:57.580] [2151133] [HailoRT] [info] [vstream_builder.cpp:220] [create_outputs] Output pipeline 'scrfd_2_5g/conv49': HW >> (HwReadEl14scrfd_2_5g/conv49 | hw_frame_size: 3200) >> (UserBuffQEl14scrfd_2_5g/conv49 | timeout: 10s)
[2025-06-21 11:31:57.580] [2151133] [HailoRT] [info] [edge_elements.cpp:287] [create] Created (HwReadEl12scrfd_2_5g/conv50 | hw_frame_size: 12800)
[2025-06-21 11:31:57.581] [2151133] [HailoRT] [info] [queue_elements.cpp:800] [create] Created (UserBuffQEl12scrfd_2_5g/conv50 | timeout: 10s)
[2025-06-21 11:31:57.581] [2151133] [HailoRT] [info] [vstream.cpp:1114] [OutputVStreamImpl] Creating scrfd_2_5g/conv50...
[2025-06-21 11:31:57.581] [2151133] [HailoRT] [info] [vstream_builder.cpp:220] [create_outputs] Output pipeline 'scrfd_2_5g/conv50': HW >> (HwReadEl12scrfd_2_5g/conv50 | hw_frame_size: 12800) >> (UserBuffQEl12scrfd_2_5g/conv50 | timeout: 10s)
[2025-06-21 11:31:57.581] [2151133] [HailoRT] [info] [edge_elements.cpp:287] [create] Created (HwReadEl1scrfd_2_5g/conv51 | hw_frame_size: 38400)
[2025-06-21 11:31:57.581] [2151133] [HailoRT] [info] [queue_elements.cpp:657] [create] Created (PullQEl_hw_read1scrfd_2_5g/conv51)
[2025-06-21 11:31:57.581] [2151133] [HailoRT] [info] [filter_elements.cpp:375] [create] Created (PostInferEl1scrfd_2_5g/conv51 | Reorder - src_order: FCR, src_shape: (40, 40, 24), dst_order: FCR, dst_shape: (40, 40, 20))
[2025-06-21 11:31:57.581] [2151133] [HailoRT] [info] [queue_elements.cpp:800] [create] Created (UserBuffQEl1scrfd_2_5g/conv51 | timeout: 10s)
[2025-06-21 11:31:57.581] [2151133] [HailoRT] [info] [vstream.cpp:1114] [OutputVStreamImpl] Creating scrfd_2_5g/conv51...
[2025-06-21 11:31:57.581] [2151133] [HailoRT] [info] [vstream_builder.cpp:220] [create_outputs] Output pipeline 'scrfd_2_5g/conv51': HW >> (HwReadEl1scrfd_2_5g/conv51 | hw_frame_size: 38400) >> (PullQEl_hw_read1scrfd_2_5g/conv51) >> (PostInferEl1scrfd_2_5g/conv51 | Reorder - src_order: FCR, src_shape: (40, 40, 24), dst_order: FCR, dst_shape: (40, 40, 20)) >> (UserBuffQEl1scrfd_2_5g/conv51 | timeout: 10s)
[2025-06-21 11:31:57.581] [2151133] [HailoRT] [info] [edge_elements.cpp:287] [create] Created (HwReadEl10scrfd_2_5g/conv55 | hw_frame_size: 800)
[2025-06-21 11:31:57.582] [2151133] [HailoRT] [info] [queue_elements.cpp:657] [create] Created (PullQEl_hw_read10scrfd_2_5g/conv55)
[2025-06-21 11:31:57.582] [2151133] [HailoRT] [info] [filter_elements.cpp:375] [create] Created (PostInferEl10scrfd_2_5g/conv55 | Reorder - src_order: NHCW, src_shape: (20, 20, 2), dst_order: NHWC, dst_shape: (20, 20, 2))
[2025-06-21 11:31:57.582] [2151133] [HailoRT] [info] [queue_elements.cpp:800] [create] Created (UserBuffQEl10scrfd_2_5g/conv55 | timeout: 10s)
[2025-06-21 11:31:57.582] [2151133] [HailoRT] [info] [vstream.cpp:1114] [OutputVStreamImpl] Creating scrfd_2_5g/conv55...
[2025-06-21 11:31:57.582] [2151133] [HailoRT] [info] [vstream_builder.cpp:220] [create_outputs] Output pipeline 'scrfd_2_5g/conv55': HW >> (HwReadEl10scrfd_2_5g/conv55 | hw_frame_size: 800) >> (PullQEl_hw_read10scrfd_2_5g/conv55) >> (PostInferEl10scrfd_2_5g/conv55 | Reorder - src_order: NHCW, src_shape: (20, 20, 2), dst_order: NHWC, dst_shape: (20, 20, 2)) >> (UserBuffQEl10scrfd_2_5g/conv55 | timeout: 10s)
[2025-06-21 11:31:57.582] [2151133] [HailoRT] [info] [edge_elements.cpp:287] [create] Created (HwReadEl9scrfd_2_5g/conv56 | hw_frame_size: 3200)
[2025-06-21 11:31:57.582] [2151133] [HailoRT] [info] [queue_elements.cpp:657] [create] Created (PullQEl_hw_read9scrfd_2_5g/conv56)
[2025-06-21 11:31:57.582] [2151133] [HailoRT] [info] [filter_elements.cpp:375] [create] Created (PostInferEl9scrfd_2_5g/conv56 | Reorder - src_order: NHCW, src_shape: (20, 20, 8), dst_order: NHWC, dst_shape: (20, 20, 8))
[2025-06-21 11:31:57.582] [2151133] [HailoRT] [info] [queue_elements.cpp:800] [create] Created (UserBuffQEl9scrfd_2_5g/conv56 | timeout: 10s)
[2025-06-21 11:31:57.582] [2151133] [HailoRT] [info] [vstream.cpp:1114] [OutputVStreamImpl] Creating scrfd_2_5g/conv56...
[2025-06-21 11:31:57.582] [2151133] [HailoRT] [info] [vstream_builder.cpp:220] [create_outputs] Output pipeline 'scrfd_2_5g/conv56': HW >> (HwReadEl9scrfd_2_5g/conv56 | hw_frame_size: 3200) >> (PullQEl_hw_read9scrfd_2_5g/conv56) >> (PostInferEl9scrfd_2_5g/conv56 | Reorder - src_order: NHCW, src_shape: (20, 20, 8), dst_order: NHWC, dst_shape: (20, 20, 8)) >> (UserBuffQEl9scrfd_2_5g/conv56 | timeout: 10s)
[2025-06-21 11:31:57.582] [2151133] [HailoRT] [info] [edge_elements.cpp:287] [create] Created (HwReadEl13scrfd_2_5g/conv57 | hw_frame_size: 9600)
[2025-06-21 11:31:57.582] [2151133] [HailoRT] [info] [queue_elements.cpp:657] [create] Created (PullQEl_hw_read13scrfd_2_5g/conv57)
[2025-06-21 11:31:57.582] [2151133] [HailoRT] [info] [filter_elements.cpp:375] [create] Created (PostInferEl13scrfd_2_5g/conv57 | Reorder - src_order: FCR, src_shape: (20, 20, 24), dst_order: FCR, dst_shape: (20, 20, 20))
[2025-06-21 11:31:57.583] [2151133] [HailoRT] [info] [queue_elements.cpp:800] [create] Created (UserBuffQEl13scrfd_2_5g/conv57 | timeout: 10s)
[2025-06-21 11:31:57.583] [2151133] [HailoRT] [info] [vstream.cpp:1114] [OutputVStreamImpl] Creating scrfd_2_5g/conv57...
[2025-06-21 11:31:57.583] [2151133] [HailoRT] [info] [vstream_builder.cpp:220] [create_outputs] Output pipeline 'scrfd_2_5g/conv57': HW >> (HwReadEl13scrfd_2_5g/conv57 | hw_frame_size: 9600) >> (PullQEl_hw_read13scrfd_2_5g/conv57) >> (PostInferEl13scrfd_2_5g/conv57 | Reorder - src_order: FCR, src_shape: (20, 20, 24), dst_order: FCR, dst_shape: (20, 20, 20)) >> (UserBuffQEl13scrfd_2_5g/conv57 | timeout: 10s)
[2025-06-21 11:31:58.542] [2151171] [HailoRT] [info] [hef.cpp:1929] [get_network_group_and_network_name] No name was given. Addressing all networks of default network_group: arcface_mobilefacenet
[2025-06-21 11:31:58.543] [2151171] [HailoRT] [info] [internal_buffer_manager.cpp:204] [print_execution_results] Planned internal buffer memory: CMA memory 0, user memory 50688. memory to edge layer usage factor is 1
[2025-06-21 11:31:58.543] [2151171] [HailoRT] [info] [internal_buffer_manager.cpp:212] [print_execution_results] Default Internal buffer planner executed successfully
[2025-06-21 11:31:58.554] [2151171] [HailoRT] [info] [device_internal.cpp:57] [configure] Configuring HEF took 12.076512 milliseconds
[2025-06-21 11:31:58.557] [2151171] [HailoRT] [info] [vdevice.cpp:749] [configure] Configuring HEF on VDevice took 14.705607 milliseconds
[2025-06-21 11:31:58.557] [2151171] [HailoRT] [info] [edge_elements.cpp:52] [create] Created (HwWriteEl1arcface_mobilefacenet/input_layer1 | hw_frame_size: 37632)
[2025-06-21 11:31:58.557] [2151171] [HailoRT] [info] [vstream.cpp:754] [InputVStreamImpl] Creating arcface_mobilefacenet/input_layer1...
[2025-06-21 11:31:58.557] [2151171] [HailoRT] [info] [vstream_builder.cpp:102] [create_inputs] Input pipeline 'arcface_mobilefacenet/input_layer1': (HwWriteEl1arcface_mobilefacenet/input_layer1 | hw_frame_size: 37632) >> HW
[2025-06-21 11:31:58.557] [2151171] [HailoRT] [info] [edge_elements.cpp:287] [create] Created (HwReadEl0arcface_mobilefacenet/fc1 | hw_frame_size: 512)
[2025-06-21 11:31:58.557] [2151171] [HailoRT] [info] [queue_elements.cpp:800] [create] Created (UserBuffQEl0arcface_mobilefacenet/fc1 | timeout: 10s)
[2025-06-21 11:31:58.557] [2151171] [HailoRT] [info] [vstream.cpp:1114] [OutputVStreamImpl] Creating arcface_mobilefacenet/fc1...
[2025-06-21 11:31:58.557] [2151171] [HailoRT] [info] [vstream_builder.cpp:220] [create_outputs] Output pipeline 'arcface_mobilefacenet/fc1': HW >> (HwReadEl0arcface_mobilefacenet/fc1 | hw_frame_size: 512) >> (UserBuffQEl0arcface_mobilefacenet/fc1 | timeout: 10s)
[2025-06-21 11:34:41.890] [2153151] [HailoRT] [info] [vdevice.cpp:523] [create] Creating vdevice with params: device_count: 1, scheduling_algorithm: ROUND_ROBIN, multi_process_service: false
[2025-06-21 11:34:41.908] [2153151] [HailoRT] [info] [device.cpp:49] [Device] OS Version: Linux 6.12.20+rpt-rpi-2712 #1 SMP PREEMPT Debian 1:6.12.20-1+rpt1~bpo12+1 (2025-03-19) aarch64
[2025-06-21 11:34:41.918] [2153151] [HailoRT] [info] [control.cpp:108] [control__parse_identify_results] firmware_version is: 4.20.0
[2025-06-21 11:34:41.918] [2153151] [HailoRT] [info] [vdevice.cpp:651] [create] VDevice Infos: 0001:01:00.0
[2025-06-21 11:34:41.960] [2155222] [HailoRT] [info] [hef.cpp:1929] [get_network_group_and_network_name] No name was given. Addressing all networks of default network_group: scrfd_2_5g
[2025-06-21 11:34:41.981] [2155222] [HailoRT] [info] [internal_buffer_manager.cpp:204] [print_execution_results] Planned internal buffer memory: CMA memory 0, user memory 462336. memory to edge layer usage factor is 1
[2025-06-21 11:34:41.981] [2155222] [HailoRT] [info] [internal_buffer_manager.cpp:212] [print_execution_results] Default Internal buffer planner executed successfully
[2025-06-21 11:34:42.009] [2155222] [HailoRT] [info] [device_internal.cpp:57] [configure] Configuring HEF took 46.921375 milliseconds
[2025-06-21 11:34:42.023] [2155222] [HailoRT] [info] [vdevice.cpp:749] [configure] Configuring HEF on VDevice took 62.796778 milliseconds
[2025-06-21 11:34:42.023] [2155222] [HailoRT] [info] [edge_elements.cpp:52] [create] Created (HwWriteEl3scrfd_2_5g/input_layer1 | hw_frame_size: 1228800)
[2025-06-21 11:34:42.023] [2155222] [HailoRT] [info] [vstream.cpp:754] [InputVStreamImpl] Creating scrfd_2_5g/input_layer1...
[2025-06-21 11:34:42.023] [2155222] [HailoRT] [info] [vstream_builder.cpp:102] [create_inputs] Input pipeline 'scrfd_2_5g/input_layer1': (HwWriteEl3scrfd_2_5g/input_layer1 | hw_frame_size: 1228800) >> HW
[2025-06-21 11:34:42.023] [2155222] [HailoRT] [info] [edge_elements.cpp:287] [create] Created (HwReadEl3scrfd_2_5g/conv42 | hw_frame_size: 12800)
[2025-06-21 11:34:42.025] [2155222] [HailoRT] [info] [queue_elements.cpp:800] [create] Created (UserBuffQEl3scrfd_2_5g/conv42 | timeout: 10s)
[2025-06-21 11:34:42.025] [2155222] [HailoRT] [info] [vstream.cpp:1114] [OutputVStreamImpl] Creating scrfd_2_5g/conv42...
[2025-06-21 11:34:42.025] [2155222] [HailoRT] [info] [vstream_builder.cpp:220] [create_outputs] Output pipeline 'scrfd_2_5g/conv42': HW >> (HwReadEl3scrfd_2_5g/conv42 | hw_frame_size: 12800) >> (UserBuffQEl3scrfd_2_5g/conv42 | timeout: 10s)
[2025-06-21 11:34:42.025] [2155222] [HailoRT] [info] [edge_elements.cpp:287] [create] Created (HwReadEl0scrfd_2_5g/conv43 | hw_frame_size: 51200)
[2025-06-21 11:34:42.027] [2155222] [HailoRT] [info] [queue_elements.cpp:800] [create] Created (UserBuffQEl0scrfd_2_5g/conv43 | timeout: 10s)
[2025-06-21 11:34:42.027] [2155222] [HailoRT] [info] [vstream.cpp:1114] [OutputVStreamImpl] Creating scrfd_2_5g/conv43...
[2025-06-21 11:34:42.027] [2155222] [HailoRT] [info] [vstream_builder.cpp:220] [create_outputs] Output pipeline 'scrfd_2_5g/conv43': HW >> (HwReadEl0scrfd_2_5g/conv43 | hw_frame_size: 51200) >> (UserBuffQEl0scrfd_2_5g/conv43 | timeout: 10s)
[2025-06-21 11:34:42.027] [2155222] [HailoRT] [info] [edge_elements.cpp:287] [create] Created (HwReadEl2scrfd_2_5g/conv44 | hw_frame_size: 153600)
[2025-06-21 11:34:42.028] [2155222] [HailoRT] [info] [queue_elements.cpp:657] [create] Created (PullQEl_hw_read2scrfd_2_5g/conv44)
[2025-06-21 11:34:42.028] [2155222] [HailoRT] [info] [filter_elements.cpp:375] [create] Created (PostInferEl2scrfd_2_5g/conv44 | Reorder - src_order: FCR, src_shape: (80, 80, 24), dst_order: FCR, dst_shape: (80, 80, 20))
[2025-06-21 11:34:42.033] [2155222] [HailoRT] [info] [queue_elements.cpp:800] [create] Created (UserBuffQEl2scrfd_2_5g/conv44 | timeout: 10s)
[2025-06-21 11:34:42.033] [2155222] [HailoRT] [info] [vstream.cpp:1114] [OutputVStreamImpl] Creating scrfd_2_5g/conv44...
[2025-06-21 11:34:42.033] [2155222] [HailoRT] [info] [vstream_builder.cpp:220] [create_outputs] Output pipeline 'scrfd_2_5g/conv44': HW >> (HwReadEl2scrfd_2_5g/conv44 | hw_frame_size: 153600) >> (PullQEl_hw_read2scrfd_2_5g/conv44) >> (PostInferEl2scrfd_2_5g/conv44 | Reorder - src_order: FCR, src_shape: (80, 80, 24), dst_order: FCR, dst_shape: (80, 80, 20)) >> (UserBuffQEl2scrfd_2_5g/conv44 | timeout: 10s)
[2025-06-21 11:34:42.033] [2155222] [HailoRT] [info] [edge_elements.cpp:287] [create] Created (HwReadEl14scrfd_2_5g/conv49 | hw_frame_size: 3200)
[2025-06-21 11:34:42.036] [2155222] [HailoRT] [info] [queue_elements.cpp:800] [create] Created (UserBuffQEl14scrfd_2_5g/conv49 | timeout: 10s)
[2025-06-21 11:34:42.036] [2155222] [HailoRT] [info] [vstream.cpp:1114] [OutputVStreamImpl] Creating scrfd_2_5g/conv49...
[2025-06-21 11:34:42.036] [2155222] [HailoRT] [info] [vstream_builder.cpp:220] [create_outputs] Output pipeline 'scrfd_2_5g/conv49': HW >> (HwReadEl14scrfd_2_5g/conv49 | hw_frame_size: 3200) >> (UserBuffQEl14scrfd_2_5g/conv49 | timeout: 10s)
[2025-06-21 11:34:42.037] [2155222] [HailoRT] [info] [edge_elements.cpp:287] [create] Created (HwReadEl12scrfd_2_5g/conv50 | hw_frame_size: 12800)
[2025-06-21 11:34:42.038] [2155222] [HailoRT] [info] [queue_elements.cpp:800] [create] Created (UserBuffQEl12scrfd_2_5g/conv50 | timeout: 10s)
[2025-06-21 11:34:42.038] [2155222] [HailoRT] [info] [vstream.cpp:1114] [OutputVStreamImpl] Creating scrfd_2_5g/conv50...
[2025-06-21 11:34:42.038] [2155222] [HailoRT] [info] [vstream_builder.cpp:220] [create_outputs] Output pipeline 'scrfd_2_5g/conv50': HW >> (HwReadEl12scrfd_2_5g/conv50 | hw_frame_size: 12800) >> (UserBuffQEl12scrfd_2_5g/conv50 | timeout: 10s)
[2025-06-21 11:34:42.038] [2155222] [HailoRT] [info] [edge_elements.cpp:287] [create] Created (HwReadEl1scrfd_2_5g/conv51 | hw_frame_size: 38400)
[2025-06-21 11:34:42.042] [2155222] [HailoRT] [info] [queue_elements.cpp:657] [create] Created (PullQEl_hw_read1scrfd_2_5g/conv51)
[2025-06-21 11:34:42.042] [2155222] [HailoRT] [info] [filter_elements.cpp:375] [create] Created (PostInferEl1scrfd_2_5g/conv51 | Reorder - src_order: FCR, src_shape: (40, 40, 24), dst_order: FCR, dst_shape: (40, 40, 20))
[2025-06-21 11:34:42.046] [2155222] [HailoRT] [info] [queue_elements.cpp:800] [create] Created (UserBuffQEl1scrfd_2_5g/conv51 | timeout: 10s)
[2025-06-21 11:34:42.046] [2155222] [HailoRT] [info] [vstream.cpp:1114] [OutputVStreamImpl] Creating scrfd_2_5g/conv51...
[2025-06-21 11:34:42.046] [2155222] [HailoRT] [info] [vstream_builder.cpp:220] [create_outputs] Output pipeline 'scrfd_2_5g/conv51': HW >> (HwReadEl1scrfd_2_5g/conv51 | hw_frame_size: 38400) >> (PullQEl_hw_read1scrfd_2_5g/conv51) >> (PostInferEl1scrfd_2_5g/conv51 | Reorder - src_order: FCR, src_shape: (40, 40, 24), dst_order: FCR, dst_shape: (40, 40, 20)) >> (UserBuffQEl1scrfd_2_5g/conv51 | timeout: 10s)
[2025-06-21 11:34:42.046] [2155222] [HailoRT] [info] [edge_elements.cpp:287] [create] Created (HwReadEl10scrfd_2_5g/conv55 | hw_frame_size: 800)
[2025-06-21 11:34:42.048] [2155222] [HailoRT] [info] [queue_elements.cpp:657] [create] Created (PullQEl_hw_read10scrfd_2_5g/conv55)
[2025-06-21 11:34:42.048] [2155222] [HailoRT] [info] [filter_elements.cpp:375] [create] Created (PostInferEl10scrfd_2_5g/conv55 | Reorder - src_order: NHCW, src_shape: (20, 20, 2), dst_order: NHWC, dst_shape: (20, 20, 2))
[2025-06-21 11:34:42.053] [2155222] [HailoRT] [info] [queue_elements.cpp:800] [create] Created (UserBuffQEl10scrfd_2_5g/conv55 | timeout: 10s)
[2025-06-21 11:34:42.053] [2155222] [HailoRT] [info] [vstream.cpp:1114] [OutputVStreamImpl] Creating scrfd_2_5g/conv55...
[2025-06-21 11:34:42.053] [2155222] [HailoRT] [info] [vstream_builder.cpp:220] [create_outputs] Output pipeline 'scrfd_2_5g/conv55': HW >> (HwReadEl10scrfd_2_5g/conv55 | hw_frame_size: 800) >> (PullQEl_hw_read10scrfd_2_5g/conv55) >> (PostInferEl10scrfd_2_5g/conv55 | Reorder - src_order: NHCW, src_shape: (20, 20, 2), dst_order: NHWC, dst_shape: (20, 20, 2)) >> (UserBuffQEl10scrfd_2_5g/conv55 | timeout: 10s)
[2025-06-21 11:34:42.053] [2155222] [HailoRT] [info] [edge_elements.cpp:287] [create] Created (HwReadEl9scrfd_2_5g/conv56 | hw_frame_size: 3200)
[2025-06-21 11:34:42.058] [2155222] [HailoRT] [info] [queue_elements.cpp:657] [create] Created (PullQEl_hw_read9scrfd_2_5g/conv56)
[2025-06-21 11:34:42.058] [2155222] [HailoRT] [info] [filter_elements.cpp:375] [create] Created (PostInferEl9scrfd_2_5g/conv56 | Reorder - src_order: NHCW, src_shape: (20, 20, 8), dst_order: NHWC, dst_shape: (20, 20, 8))
[2025-06-21 11:34:42.061] [2155222] [HailoRT] [info] [queue_elements.cpp:800] [create] Created (UserBuffQEl9scrfd_2_5g/conv56 | timeout: 10s)
[2025-06-21 11:34:42.061] [2155222] [HailoRT] [info] [vstream.cpp:1114] [OutputVStreamImpl] Creating scrfd_2_5g/conv56...
[2025-06-21 11:34:42.061] [2155222] [HailoRT] [info] [vstream_builder.cpp:220] [create_outputs] Output pipeline 'scrfd_2_5g/conv56': HW >> (HwReadEl9scrfd_2_5g/conv56 | hw_frame_size: 3200) >> (PullQEl_hw_read9scrfd_2_5g/conv56) >> (PostInferEl9scrfd_2_5g/conv56 | Reorder - src_order: NHCW, src_shape: (20, 20, 8), dst_order: NHWC, dst_shape: (20, 20, 8)) >> (UserBuffQEl9scrfd_2_5g/conv56 | timeout: 10s)
[2025-06-21 11:34:42.061] [2155222] [HailoRT] [info] [edge_elements.cpp:287] [create] Created (HwReadEl13scrfd_2_5g/conv57 | hw_frame_size: 9600)
[2025-06-21 11:34:42.067] [2155222] [HailoRT] [info] [queue_elements.cpp:657] [create] Created (PullQEl_hw_read13scrfd_2_5g/conv57)
[2025-06-21 11:34:42.067] [2155222] [HailoRT] [info] [filter_elements.cpp:375] [create] Created (PostInferEl13scrfd_2_5g/conv57 | Reorder - src_order: FCR, src_shape: (20, 20, 24), dst_order: FCR, dst_shape: (20, 20, 20))
[2025-06-21 11:34:42.075] [2155222] [HailoRT] [info] [queue_elements.cpp:800] [create] Created (UserBuffQEl13scrfd_2_5g/conv57 | timeout: 10s)
[2025-06-21 11:34:42.075] [2155222] [HailoRT] [info] [vstream.cpp:1114] [OutputVStreamImpl] Creating scrfd_2_5g/conv57...
[2025-06-21 11:34:42.075] [2155222] [HailoRT] [info] [vstream_builder.cpp:220] [create_outputs] Output pipeline 'scrfd_2_5g/conv57': HW >> (HwReadEl13scrfd_2_5g/conv57 | hw_frame_size: 9600) >> (PullQEl_hw_read13scrfd_2_5g/conv57) >> (PostInferEl13scrfd_2_5g/conv57 | Reorder - src_order: FCR, src_shape: (20, 20, 24), dst_order: FCR, dst_shape: (20, 20, 20)) >> (UserBuffQEl13scrfd_2_5g/conv57 | timeout: 10s)
[2025-06-21 11:34:42.958] [2155267] [HailoRT] [info] [hef.cpp:1929] [get_network_group_and_network_name] No name was given. Addressing all networks of default network_group: arcface_mobilefacenet
[2025-06-21 11:34:42.959] [2155267] [HailoRT] [info] [internal_buffer_manager.cpp:204] [print_execution_results] Planned internal buffer memory: CMA memory 0, user memory 50688. memory to edge layer usage factor is 1
[2025-06-21 11:34:42.959] [2155267] [HailoRT] [info] [internal_buffer_manager.cpp:212] [print_execution_results] Default Internal buffer planner executed successfully
[2025-06-21 11:34:42.976] [2155267] [HailoRT] [info] [device_internal.cpp:57] [configure] Configuring HEF took 17.798683 milliseconds
[2025-06-21 11:34:42.980] [2155267] [HailoRT] [info] [vdevice.cpp:749] [configure] Configuring HEF on VDevice took 21.876094 milliseconds
[2025-06-21 11:34:42.980] [2155267] [HailoRT] [info] [edge_elements.cpp:52] [create] Created (HwWriteEl1arcface_mobilefacenet/input_layer1 | hw_frame_size: 37632)
[2025-06-21 11:34:42.980] [2155267] [HailoRT] [info] [vstream.cpp:754] [InputVStreamImpl] Creating arcface_mobilefacenet/input_layer1...
[2025-06-21 11:34:42.980] [2155267] [HailoRT] [info] [vstream_builder.cpp:102] [create_inputs] Input pipeline 'arcface_mobilefacenet/input_layer1': (HwWriteEl1arcface_mobilefacenet/input_layer1 | hw_frame_size: 37632) >> HW
[2025-06-21 11:34:42.980] [2155267] [HailoRT] [info] [edge_elements.cpp:287] [create] Created (HwReadEl0arcface_mobilefacenet/fc1 | hw_frame_size: 512)
[2025-06-21 11:34:43.000] [2155267] [HailoRT] [info] [queue_elements.cpp:800] [create] Created (UserBuffQEl0arcface_mobilefacenet/fc1 | timeout: 10s)
[2025-06-21 11:34:43.001] [2155267] [HailoRT] [info] [vstream.cpp:1114] [OutputVStreamImpl] Creating arcface_mobilefacenet/fc1...
[2025-06-21 11:34:43.001] [2155267] [HailoRT] [info] [vstream_builder.cpp:220] [create_outputs] Output pipeline 'arcface_mobilefacenet/fc1': HW >> (HwReadEl0arcface_mobilefacenet/fc1 | hw_frame_size: 512) >> (UserBuffQEl0arcface_mobilefacenet/fc1 | timeout: 10s)
[2025-06-21 11:40:42.516] [2163256] [HailoRT] [info] [vdevice.cpp:523] [create] Creating vdevice with params: device_count: 1, scheduling_algorithm: ROUND_ROBIN, multi_process_service: false
[2025-06-21 11:40:42.527] [2163256] [HailoRT] [info] [device.cpp:49] [Device] OS Version: Linux 6.12.20+rpt-rpi-2712 #1 SMP PREEMPT Debian 1:6.12.20-1+rpt1~bpo12+1 (2025-03-19) aarch64
[2025-06-21 11:40:42.529] [2163256] [HailoRT] [info] [control.cpp:108] [control__parse_identify_results] firmware_version is: 4.20.0
[2025-06-21 11:40:42.529] [2163256] [HailoRT] [info] [vdevice.cpp:651] [create] VDevice Infos: 0001:01:00.0
[2025-06-21 11:40:42.556] [2163357] [HailoRT] [info] [hef.cpp:1929] [get_network_group_and_network_name] No name was given. Addressing all networks of default network_group: scrfd_2_5g
[2025-06-21 11:40:42.565] [2163357] [HailoRT] [info] [internal_buffer_manager.cpp:204] [print_execution_results] Planned internal buffer memory: CMA memory 0, user memory 462336. memory to edge layer usage factor is 1
[2025-06-21 11:40:42.565] [2163357] [HailoRT] [info] [internal_buffer_manager.cpp:212] [print_execution_results] Default Internal buffer planner executed successfully
[2025-06-21 11:40:42.582] [2163357] [HailoRT] [info] [device_internal.cpp:57] [configure] Configuring HEF took 25.183928 milliseconds
[2025-06-21 11:40:42.593] [2163357] [HailoRT] [info] [vdevice.cpp:749] [configure] Configuring HEF on VDevice took 36.715047 milliseconds
[2025-06-21 11:40:42.594] [2163357] [HailoRT] [info] [edge_elements.cpp:52] [create] Created (HwWriteEl3scrfd_2_5g/input_layer1 | hw_frame_size: 1228800)
[2025-06-21 11:40:42.594] [2163357] [HailoRT] [info] [vstream.cpp:754] [InputVStreamImpl] Creating scrfd_2_5g/input_layer1...
[2025-06-21 11:40:42.594] [2163357] [HailoRT] [info] [vstream_builder.cpp:102] [create_inputs] Input pipeline 'scrfd_2_5g/input_layer1': (HwWriteEl3scrfd_2_5g/input_layer1 | hw_frame_size: 1228800) >> HW
[2025-06-21 11:40:42.594] [2163357] [HailoRT] [info] [edge_elements.cpp:287] [create] Created (HwReadEl3scrfd_2_5g/conv42 | hw_frame_size: 12800)
[2025-06-21 11:40:42.594] [2163357] [HailoRT] [info] [queue_elements.cpp:800] [create] Created (UserBuffQEl3scrfd_2_5g/conv42 | timeout: 10s)
[2025-06-21 11:40:42.594] [2163357] [HailoRT] [info] [vstream.cpp:1114] [OutputVStreamImpl] Creating scrfd_2_5g/conv42...
[2025-06-21 11:40:42.594] [2163357] [HailoRT] [info] [vstream_builder.cpp:220] [create_outputs] Output pipeline 'scrfd_2_5g/conv42': HW >> (HwReadEl3scrfd_2_5g/conv42 | hw_frame_size: 12800) >> (UserBuffQEl3scrfd_2_5g/conv42 | timeout: 10s)
[2025-06-21 11:40:42.594] [2163357] [HailoRT] [info] [edge_elements.cpp:287] [create] Created (HwReadEl0scrfd_2_5g/conv43 | hw_frame_size: 51200)
[2025-06-21 11:40:42.594] [2163357] [HailoRT] [info] [queue_elements.cpp:800] [create] Created (UserBuffQEl0scrfd_2_5g/conv43 | timeout: 10s)
[2025-06-21 11:40:42.594] [2163357] [HailoRT] [info] [vstream.cpp:1114] [OutputVStreamImpl] Creating scrfd_2_5g/conv43...
[2025-06-21 11:40:42.594] [2163357] [HailoRT] [info] [vstream_builder.cpp:220] [create_outputs] Output pipeline 'scrfd_2_5g/conv43': HW >> (HwReadEl0scrfd_2_5g/conv43 | hw_frame_size: 51200) >> (UserBuffQEl0scrfd_2_5g/conv43 | timeout: 10s)
[2025-06-21 11:40:42.594] [2163357] [HailoRT] [info] [edge_elements.cpp:287] [create] Created (HwReadEl2scrfd_2_5g/conv44 | hw_frame_size: 153600)
[2025-06-21 11:40:42.594] [2163357] [HailoRT] [info] [queue_elements.cpp:657] [create] Created (PullQEl_hw_read2scrfd_2_5g/conv44)
[2025-06-21 11:40:42.594] [2163357] [HailoRT] [info] [filter_elements.cpp:375] [create] Created (PostInferEl2scrfd_2_5g/conv44 | Reorder - src_order: FCR, src_shape: (80, 80, 24), dst_order: FCR, dst_shape: (80, 80, 20))
[2025-06-21 11:40:42.594] [2163357] [HailoRT] [info] [queue_elements.cpp:800] [create] Created (UserBuffQEl2scrfd_2_5g/conv44 | timeout: 10s)
[2025-06-21 11:40:42.594] [2163357] [HailoRT] [info] [vstream.cpp:1114] [OutputVStreamImpl] Creating scrfd_2_5g/conv44...
[2025-06-21 11:40:42.594] [2163357] [HailoRT] [info] [vstream_builder.cpp:220] [create_outputs] Output pipeline 'scrfd_2_5g/conv44': HW >> (HwReadEl2scrfd_2_5g/conv44 | hw_frame_size: 153600) >> (PullQEl_hw_read2scrfd_2_5g/conv44) >> (PostInferEl2scrfd_2_5g/conv44 | Reorder - src_order: FCR, src_shape: (80, 80, 24), dst_order: FCR, dst_shape: (80, 80, 20)) >> (UserBuffQEl2scrfd_2_5g/conv44 | timeout: 10s)
[2025-06-21 11:40:42.594] [2163357] [HailoRT] [info] [edge_elements.cpp:287] [create] Created (HwReadEl14scrfd_2_5g/conv49 | hw_frame_size: 3200)
[2025-06-21 11:40:42.595] [2163357] [HailoRT] [info] [queue_elements.cpp:800] [create] Created (UserBuffQEl14scrfd_2_5g/conv49 | timeout: 10s)
[2025-06-21 11:40:42.595] [2163357] [HailoRT] [info] [vstream.cpp:1114] [OutputVStreamImpl] Creating scrfd_2_5g/conv49...
[2025-06-21 11:40:42.595] [2163357] [HailoRT] [info] [vstream_builder.cpp:220] [create_outputs] Output pipeline 'scrfd_2_5g/conv49': HW >> (HwReadEl14scrfd_2_5g/conv49 | hw_frame_size: 3200) >> (UserBuffQEl14scrfd_2_5g/conv49 | timeout: 10s)
[2025-06-21 11:40:42.595] [2163357] [HailoRT] [info] [edge_elements.cpp:287] [create] Created (HwReadEl12scrfd_2_5g/conv50 | hw_frame_size: 12800)
[2025-06-21 11:40:42.595] [2163357] [HailoRT] [info] [queue_elements.cpp:800] [create] Created (UserBuffQEl12scrfd_2_5g/conv50 | timeout: 10s)
[2025-06-21 11:40:42.595] [2163357] [HailoRT] [info] [vstream.cpp:1114] [OutputVStreamImpl] Creating scrfd_2_5g/conv50...
[2025-06-21 11:40:42.595] [2163357] [HailoRT] [info] [vstream_builder.cpp:220] [create_outputs] Output pipeline 'scrfd_2_5g/conv50': HW >> (HwReadEl12scrfd_2_5g/conv50 | hw_frame_size: 12800) >> (UserBuffQEl12scrfd_2_5g/conv50 | timeout: 10s)
[2025-06-21 11:40:42.595] [2163357] [HailoRT] [info] [edge_elements.cpp:287] [create] Created (HwReadEl1scrfd_2_5g/conv51 | hw_frame_size: 38400)
[2025-06-21 11:40:42.595] [2163357] [HailoRT] [info] [queue_elements.cpp:657] [create] Created (PullQEl_hw_read1scrfd_2_5g/conv51)
[2025-06-21 11:40:42.595] [2163357] [HailoRT] [info] [filter_elements.cpp:375] [create] Created (PostInferEl1scrfd_2_5g/conv51 | Reorder - src_order: FCR, src_shape: (40, 40, 24), dst_order: FCR, dst_shape: (40, 40, 20))
[2025-06-21 11:40:42.595] [2163357] [HailoRT] [info] [queue_elements.cpp:800] [create] Created (UserBuffQEl1scrfd_2_5g/conv51 | timeout: 10s)
[2025-06-21 11:40:42.595] [2163357] [HailoRT] [info] [vstream.cpp:1114] [OutputVStreamImpl] Creating scrfd_2_5g/conv51...
[2025-06-21 11:40:42.595] [2163357] [HailoRT] [info] [vstream_builder.cpp:220] [create_outputs] Output pipeline 'scrfd_2_5g/conv51': HW >> (HwReadEl1scrfd_2_5g/conv51 | hw_frame_size: 38400) >> (PullQEl_hw_read1scrfd_2_5g/conv51) >> (PostInferEl1scrfd_2_5g/conv51 | Reorder - src_order: FCR, src_shape: (40, 40, 24), dst_order: FCR, dst_shape: (40, 40, 20)) >> (UserBuffQEl1scrfd_2_5g/conv51 | timeout: 10s)
[2025-06-21 11:40:42.596] [2163357] [HailoRT] [info] [edge_elements.cpp:287] [create] Created (HwReadEl10scrfd_2_5g/conv55 | hw_frame_size: 800)
[2025-06-21 11:40:42.596] [2163357] [HailoRT] [info] [queue_elements.cpp:657] [create] Created (PullQEl_hw_read10scrfd_2_5g/conv55)
[2025-06-21 11:40:42.596] [2163357] [HailoRT] [info] [filter_elements.cpp:375] [create] Created (PostInferEl10scrfd_2_5g/conv55 | Reorder - src_order: NHCW, src_shape: (20, 20, 2), dst_order: NHWC, dst_shape: (20, 20, 2))
[2025-06-21 11:40:42.596] [2163357] [HailoRT] [info] [queue_elements.cpp:800] [create] Created (UserBuffQEl10scrfd_2_5g/conv55 | timeout: 10s)
[2025-06-21 11:40:42.596] [2163357] [HailoRT] [info] [vstream.cpp:1114] [OutputVStreamImpl] Creating scrfd_2_5g/conv55...
[2025-06-21 11:40:42.596] [2163357] [HailoRT] [info] [vstream_builder.cpp:220] [create_outputs] Output pipeline 'scrfd_2_5g/conv55': HW >> (HwReadEl10scrfd_2_5g/conv55 | hw_frame_size: 800) >> (PullQEl_hw_read10scrfd_2_5g/conv55) >> (PostInferEl10scrfd_2_5g/conv55 | Reorder - src_order: NHCW, src_shape: (20, 20, 2), dst_order: NHWC, dst_shape: (20, 20, 2)) >> (UserBuffQEl10scrfd_2_5g/conv55 | timeout: 10s)
[2025-06-21 11:40:42.596] [2163357] [HailoRT] [info] [edge_elements.cpp:287] [create] Created (HwReadEl9scrfd_2_5g/conv56 | hw_frame_size: 3200)
[2025-06-21 11:40:42.596] [2163357] [HailoRT] [info] [queue_elements.cpp:657] [create] Created (PullQEl_hw_read9scrfd_2_5g/conv56)
[2025-06-21 11:40:42.596] [2163357] [HailoRT] [info] [filter_elements.cpp:375] [create] Created (PostInferEl9scrfd_2_5g/conv56 | Reorder - src_order: NHCW, src_shape: (20, 20, 8), dst_order: NHWC, dst_shape: (20, 20, 8))
[2025-06-21 11:40:42.596] [2163357] [HailoRT] [info] [queue_elements.cpp:800] [create] Created (UserBuffQEl9scrfd_2_5g/conv56 | timeout: 10s)
[2025-06-21 11:40:42.596] [2163357] [HailoRT] [info] [vstream.cpp:1114] [OutputVStreamImpl] Creating scrfd_2_5g/conv56...
[2025-06-21 11:40:42.596] [2163357] [HailoRT] [info] [vstream_builder.cpp:220] [create_outputs] Output pipeline 'scrfd_2_5g/conv56': HW >> (HwReadEl9scrfd_2_5g/conv56 | hw_frame_size: 3200) >> (PullQEl_hw_read9scrfd_2_5g/conv56) >> (PostInferEl9scrfd_2_5g/conv56 | Reorder - src_order: NHCW, src_shape: (20, 20, 8), dst_order: NHWC, dst_shape: (20, 20, 8)) >> (UserBuffQEl9scrfd_2_5g/conv56 | timeout: 10s)
[2025-06-21 11:40:42.596] [2163357] [HailoRT] [info] [edge_elements.cpp:287] [create] Created (HwReadEl13scrfd_2_5g/conv57 | hw_frame_size: 9600)
[2025-06-21 11:40:42.596] [2163357] [HailoRT] [info] [queue_elements.cpp:657] [create] Created (PullQEl_hw_read13scrfd_2_5g/conv57)
[2025-06-21 11:40:42.596] [2163357] [HailoRT] [info] [filter_elements.cpp:375] [create] Created (PostInferEl13scrfd_2_5g/conv57 | Reorder - src_order: FCR, src_shape: (20, 20, 24), dst_order: FCR, dst_shape: (20, 20, 20))
[2025-06-21 11:40:42.596] [2163357] [HailoRT] [info] [queue_elements.cpp:800] [create] Created (UserBuffQEl13scrfd_2_5g/conv57 | timeout: 10s)
[2025-06-21 11:40:42.596] [2163357] [HailoRT] [info] [vstream.cpp:1114] [OutputVStreamImpl] Creating scrfd_2_5g/conv57...
[2025-06-21 11:40:42.596] [2163357] [HailoRT] [info] [vstream_builder.cpp:220] [create_outputs] Output pipeline 'scrfd_2_5g/conv57': HW >> (HwReadEl13scrfd_2_5g/conv57 | hw_frame_size: 9600) >> (PullQEl_hw_read13scrfd_2_5g/conv57) >> (PostInferEl13scrfd_2_5g/conv57 | Reorder - src_order: FCR, src_shape: (20, 20, 24), dst_order: FCR, dst_shape: (20, 20, 20)) >> (UserBuffQEl13scrfd_2_5g/conv57 | timeout: 10s)
[2025-06-21 11:40:43.554] [2163395] [HailoRT] [info] [hef.cpp:1929] [get_network_group_and_network_name] No name was given. Addressing all networks of default network_group: arcface_mobilefacenet
[2025-06-21 11:40:43.556] [2163395] [HailoRT] [info] [internal_buffer_manager.cpp:204] [print_execution_results] Planned internal buffer memory: CMA memory 0, user memory 50688. memory to edge layer usage factor is 1
[2025-06-21 11:40:43.556] [2163395] [HailoRT] [info] [internal_buffer_manager.cpp:212] [print_execution_results] Default Internal buffer planner executed successfully
[2025-06-21 11:40:43.569] [2163395] [HailoRT] [info] [device_internal.cpp:57] [configure] Configuring HEF took 14.805233 milliseconds
[2025-06-21 11:40:43.572] [2163395] [HailoRT] [info] [vdevice.cpp:749] [configure] Configuring HEF on VDevice took 17.323125 milliseconds
[2025-06-21 11:40:43.572] [2163395] [HailoRT] [info] [edge_elements.cpp:52] [create] Created (HwWriteEl1arcface_mobilefacenet/input_layer1 | hw_frame_size: 37632)
[2025-06-21 11:40:43.572] [2163395] [HailoRT] [info] [vstream.cpp:754] [InputVStreamImpl] Creating arcface_mobilefacenet/input_layer1...
[2025-06-21 11:40:43.572] [2163395] [HailoRT] [info] [vstream_builder.cpp:102] [create_inputs] Input pipeline 'arcface_mobilefacenet/input_layer1': (HwWriteEl1arcface_mobilefacenet/input_layer1 | hw_frame_size: 37632) >> HW
[2025-06-21 11:40:43.572] [2163395] [HailoRT] [info] [edge_elements.cpp:287] [create] Created (HwReadEl0arcface_mobilefacenet/fc1 | hw_frame_size: 512)
[2025-06-21 11:40:43.573] [2163395] [HailoRT] [info] [queue_elements.cpp:800] [create] Created (UserBuffQEl0arcface_mobilefacenet/fc1 | timeout: 10s)
[2025-06-21 11:40:43.573] [2163395] [HailoRT] [info] [vstream.cpp:1114] [OutputVStreamImpl] Creating arcface_mobilefacenet/fc1...
[2025-06-21 11:40:43.573] [2163395] [HailoRT] [info] [vstream_builder.cpp:220] [create_outputs] Output pipeline 'arcface_mobilefacenet/fc1': HW >> (HwReadEl0arcface_mobilefacenet/fc1 | hw_frame_size: 512) >> (UserBuffQEl0arcface_mobilefacenet/fc1 | timeout: 10s)
[2025-06-21 12:32:23.484] [2591512] [HailoRT] [info] [vdevice.cpp:523] [create] Creating vdevice with params: device_count: 1, scheduling_algorithm: ROUND_ROBIN, multi_process_service: false
[2025-06-21 12:32:23.495] [2591512] [HailoRT] [info] [device.cpp:49] [Device] OS Version: Linux 6.12.20+rpt-rpi-2712 #1 SMP PREEMPT Debian 1:6.12.20-1+rpt1~bpo12+1 (2025-03-19) aarch64
[2025-06-21 12:32:23.496] [2591512] [HailoRT] [info] [control.cpp:108] [control__parse_identify_results] firmware_version is: 4.20.0
[2025-06-21 12:32:23.497] [2591512] [HailoRT] [info] [vdevice.cpp:651] [create] VDevice Infos: 0001:01:00.0
[2025-06-21 12:32:23.524] [2591565] [HailoRT] [info] [hef.cpp:1929] [get_network_group_and_network_name] No name was given. Addressing all networks of default network_group: scrfd_2_5g
[2025-06-21 12:32:23.532] [2591565] [HailoRT] [info] [internal_buffer_manager.cpp:204] [print_execution_results] Planned internal buffer memory: CMA memory 0, user memory 462336. memory to edge layer usage factor is 1
[2025-06-21 12:32:23.532] [2591565] [HailoRT] [info] [internal_buffer_manager.cpp:212] [print_execution_results] Default Internal buffer planner executed successfully
[2025-06-21 12:32:23.550] [2591565] [HailoRT] [info] [device_internal.cpp:57] [configure] Configuring HEF took 25.58529 milliseconds
[2025-06-21 12:32:23.561] [2591565] [HailoRT] [info] [vdevice.cpp:749] [configure] Configuring HEF on VDevice took 36.554481 milliseconds
[2025-06-21 12:32:23.561] [2591565] [HailoRT] [info] [edge_elements.cpp:52] [create] Created (HwWriteEl3scrfd_2_5g/input_layer1 | hw_frame_size: 1228800)
[2025-06-21 12:32:23.561] [2591565] [HailoRT] [info] [vstream.cpp:754] [InputVStreamImpl] Creating scrfd_2_5g/input_layer1...
[2025-06-21 12:32:23.561] [2591565] [HailoRT] [info] [vstream_builder.cpp:102] [create_inputs] Input pipeline 'scrfd_2_5g/input_layer1': (HwWriteEl3scrfd_2_5g/input_layer1 | hw_frame_size: 1228800) >> HW
[2025-06-21 12:32:23.561] [2591565] [HailoRT] [info] [edge_elements.cpp:287] [create] Created (HwReadEl3scrfd_2_5g/conv42 | hw_frame_size: 12800)
[2025-06-21 12:32:23.561] [2591565] [HailoRT] [info] [queue_elements.cpp:800] [create] Created (UserBuffQEl3scrfd_2_5g/conv42 | timeout: 10s)
[2025-06-21 12:32:23.561] [2591565] [HailoRT] [info] [vstream.cpp:1114] [OutputVStreamImpl] Creating scrfd_2_5g/conv42...
[2025-06-21 12:32:23.561] [2591565] [HailoRT] [info] [vstream_builder.cpp:220] [create_outputs] Output pipeline 'scrfd_2_5g/conv42': HW >> (HwReadEl3scrfd_2_5g/conv42 | hw_frame_size: 12800) >> (UserBuffQEl3scrfd_2_5g/conv42 | timeout: 10s)
[2025-06-21 12:32:23.561] [2591565] [HailoRT] [info] [edge_elements.cpp:287] [create] Created (HwReadEl0scrfd_2_5g/conv43 | hw_frame_size: 51200)
[2025-06-21 12:32:23.562] [2591565] [HailoRT] [info] [queue_elements.cpp:800] [create] Created (UserBuffQEl0scrfd_2_5g/conv43 | timeout: 10s)
[2025-06-21 12:32:23.562] [2591565] [HailoRT] [info] [vstream.cpp:1114] [OutputVStreamImpl] Creating scrfd_2_5g/conv43...
[2025-06-21 12:32:23.562] [2591565] [HailoRT] [info] [vstream_builder.cpp:220] [create_outputs] Output pipeline 'scrfd_2_5g/conv43': HW >> (HwReadEl0scrfd_2_5g/conv43 | hw_frame_size: 51200) >> (UserBuffQEl0scrfd_2_5g/conv43 | timeout: 10s)
[2025-06-21 12:32:23.562] [2591565] [HailoRT] [info] [edge_elements.cpp:287] [create] Created (HwReadEl2scrfd_2_5g/conv44 | hw_frame_size: 153600)
[2025-06-21 12:32:23.562] [2591565] [HailoRT] [info] [queue_elements.cpp:657] [create] Created (PullQEl_hw_read2scrfd_2_5g/conv44)
[2025-06-21 12:32:23.562] [2591565] [HailoRT] [info] [filter_elements.cpp:375] [create] Created (PostInferEl2scrfd_2_5g/conv44 | Reorder - src_order: FCR, src_shape: (80, 80, 24), dst_order: FCR, dst_shape: (80, 80, 20))
[2025-06-21 12:32:23.562] [2591565] [HailoRT] [info] [queue_elements.cpp:800] [create] Created (UserBuffQEl2scrfd_2_5g/conv44 | timeout: 10s)
[2025-06-21 12:32:23.562] [2591565] [HailoRT] [info] [vstream.cpp:1114] [OutputVStreamImpl] Creating scrfd_2_5g/conv44...
[2025-06-21 12:32:23.562] [2591565] [HailoRT] [info] [vstream_builder.cpp:220] [create_outputs] Output pipeline 'scrfd_2_5g/conv44': HW >> (HwReadEl2scrfd_2_5g/conv44 | hw_frame_size: 153600) >> (PullQEl_hw_read2scrfd_2_5g/conv44) >> (PostInferEl2scrfd_2_5g/conv44 | Reorder - src_order: FCR, src_shape: (80, 80, 24), dst_order: FCR, dst_shape: (80, 80, 20)) >> (UserBuffQEl2scrfd_2_5g/conv44 | timeout: 10s)
[2025-06-21 12:32:23.563] [2591565] [HailoRT] [info] [edge_elements.cpp:287] [create] Created (HwReadEl14scrfd_2_5g/conv49 | hw_frame_size: 3200)
[2025-06-21 12:32:23.563] [2591565] [HailoRT] [info] [queue_elements.cpp:800] [create] Created (UserBuffQEl14scrfd_2_5g/conv49 | timeout: 10s)
[2025-06-21 12:32:23.563] [2591565] [HailoRT] [info] [vstream.cpp:1114] [OutputVStreamImpl] Creating scrfd_2_5g/conv49...
[2025-06-21 12:32:23.563] [2591565] [HailoRT] [info] [vstream_builder.cpp:220] [create_outputs] Output pipeline 'scrfd_2_5g/conv49': HW >> (HwReadEl14scrfd_2_5g/conv49 | hw_frame_size: 3200) >> (UserBuffQEl14scrfd_2_5g/conv49 | timeout: 10s)
[2025-06-21 12:32:23.563] [2591565] [HailoRT] [info] [edge_elements.cpp:287] [create] Created (HwReadEl12scrfd_2_5g/conv50 | hw_frame_size: 12800)
[2025-06-21 12:32:23.563] [2591565] [HailoRT] [info] [queue_elements.cpp:800] [create] Created (UserBuffQEl12scrfd_2_5g/conv50 | timeout: 10s)
[2025-06-21 12:32:23.563] [2591565] [HailoRT] [info] [vstream.cpp:1114] [OutputVStreamImpl] Creating scrfd_2_5g/conv50...
[2025-06-21 12:32:23.563] [2591565] [HailoRT] [info] [vstream_builder.cpp:220] [create_outputs] Output pipeline 'scrfd_2_5g/conv50': HW >> (HwReadEl12scrfd_2_5g/conv50 | hw_frame_size: 12800) >> (UserBuffQEl12scrfd_2_5g/conv50 | timeout: 10s)
[2025-06-21 12:32:23.563] [2591565] [HailoRT] [info] [edge_elements.cpp:287] [create] Created (HwReadEl1scrfd_2_5g/conv51 | hw_frame_size: 38400)
[2025-06-21 12:32:23.564] [2591565] [HailoRT] [info] [queue_elements.cpp:657] [create] Created (PullQEl_hw_read1scrfd_2_5g/conv51)
[2025-06-21 12:32:23.564] [2591565] [HailoRT] [info] [filter_elements.cpp:375] [create] Created (PostInferEl1scrfd_2_5g/conv51 | Reorder - src_order: FCR, src_shape: (40, 40, 24), dst_order: FCR, dst_shape: (40, 40, 20))
[2025-06-21 12:32:23.564] [2591565] [HailoRT] [info] [queue_elements.cpp:800] [create] Created (UserBuffQEl1scrfd_2_5g/conv51 | timeout: 10s)
[2025-06-21 12:32:23.564] [2591565] [HailoRT] [info] [vstream.cpp:1114] [OutputVStreamImpl] Creating scrfd_2_5g/conv51...
[2025-06-21 12:32:23.564] [2591565] [HailoRT] [info] [vstream_builder.cpp:220] [create_outputs] Output pipeline 'scrfd_2_5g/conv51': HW >> (HwReadEl1scrfd_2_5g/conv51 | hw_frame_size: 38400) >> (PullQEl_hw_read1scrfd_2_5g/conv51) >> (PostInferEl1scrfd_2_5g/conv51 | Reorder - src_order: FCR, src_shape: (40, 40, 24), dst_order: FCR, dst_shape: (40, 40, 20)) >> (UserBuffQEl1scrfd_2_5g/conv51 | timeout: 10s)
[2025-06-21 12:32:23.564] [2591565] [HailoRT] [info] [edge_elements.cpp:287] [create] Created (HwReadEl10scrfd_2_5g/conv55 | hw_frame_size: 800)
[2025-06-21 12:32:23.564] [2591565] [HailoRT] [info] [queue_elements.cpp:657] [create] Created (PullQEl_hw_read10scrfd_2_5g/conv55)
[2025-06-21 12:32:23.564] [2591565] [HailoRT] [info] [filter_elements.cpp:375] [create] Created (PostInferEl10scrfd_2_5g/conv55 | Reorder - src_order: NHCW, src_shape: (20, 20, 2), dst_order: NHWC, dst_shape: (20, 20, 2))
[2025-06-21 12:32:23.564] [2591565] [HailoRT] [info] [queue_elements.cpp:800] [create] Created (UserBuffQEl10scrfd_2_5g/conv55 | timeout: 10s)
[2025-06-21 12:32:23.564] [2591565] [HailoRT] [info] [vstream.cpp:1114] [OutputVStreamImpl] Creating scrfd_2_5g/conv55...
[2025-06-21 12:32:23.564] [2591565] [HailoRT] [info] [vstream_builder.cpp:220] [create_outputs] Output pipeline 'scrfd_2_5g/conv55': HW >> (HwReadEl10scrfd_2_5g/conv55 | hw_frame_size: 800) >> (PullQEl_hw_read10scrfd_2_5g/conv55) >> (PostInferEl10scrfd_2_5g/conv55 | Reorder - src_order: NHCW, src_shape: (20, 20, 2), dst_order: NHWC, dst_shape: (20, 20, 2)) >> (UserBuffQEl10scrfd_2_5g/conv55 | timeout: 10s)
[2025-06-21 12:32:23.564] [2591565] [HailoRT] [info] [edge_elements.cpp:287] [create] Created (HwReadEl9scrfd_2_5g/conv56 | hw_frame_size: 3200)
[2025-06-21 12:32:23.564] [2591565] [HailoRT] [info] [queue_elements.cpp:657] [create] Created (PullQEl_hw_read9scrfd_2_5g/conv56)
[2025-06-21 12:32:23.564] [2591565] [HailoRT] [info] [filter_elements.cpp:375] [create] Created (PostInferEl9scrfd_2_5g/conv56 | Reorder - src_order: NHCW, src_shape: (20, 20, 8), dst_order: NHWC, dst_shape: (20, 20, 8))
[2025-06-21 12:32:23.565] [2591565] [HailoRT] [info] [queue_elements.cpp:800] [create] Created (UserBuffQEl9scrfd_2_5g/conv56 | timeout: 10s)
[2025-06-21 12:32:23.565] [2591565] [HailoRT] [info] [vstream.cpp:1114] [OutputVStreamImpl] Creating scrfd_2_5g/conv56...
[2025-06-21 12:32:23.565] [2591565] [HailoRT] [info] [vstream_builder.cpp:220] [create_outputs] Output pipeline 'scrfd_2_5g/conv56': HW >> (HwReadEl9scrfd_2_5g/conv56 | hw_frame_size: 3200) >> (PullQEl_hw_read9scrfd_2_5g/conv56) >> (PostInferEl9scrfd_2_5g/conv56 | Reorder - src_order: NHCW, src_shape: (20, 20, 8), dst_order: NHWC, dst_shape: (20, 20, 8)) >> (UserBuffQEl9scrfd_2_5g/conv56 | timeout: 10s)
[2025-06-21 12:32:23.565] [2591565] [HailoRT] [info] [edge_elements.cpp:287] [create] Created (HwReadEl13scrfd_2_5g/conv57 | hw_frame_size: 9600)
[2025-06-21 12:32:23.565] [2591565] [HailoRT] [info] [queue_elements.cpp:657] [create] Created (PullQEl_hw_read13scrfd_2_5g/conv57)
[2025-06-21 12:32:23.565] [2591565] [HailoRT] [info] [filter_elements.cpp:375] [create] Created (PostInferEl13scrfd_2_5g/conv57 | Reorder - src_order: FCR, src_shape: (20, 20, 24), dst_order: FCR, dst_shape: (20, 20, 20))
[2025-06-21 12:32:23.565] [2591565] [HailoRT] [info] [queue_elements.cpp:800] [create] Created (UserBuffQEl13scrfd_2_5g/conv57 | timeout: 10s)
[2025-06-21 12:32:23.565] [2591565] [HailoRT] [info] [vstream.cpp:1114] [OutputVStreamImpl] Creating scrfd_2_5g/conv57...
[2025-06-21 12:32:23.565] [2591565] [HailoRT] [info] [vstream_builder.cpp:220] [create_outputs] Output pipeline 'scrfd_2_5g/conv57': HW >> (HwReadEl13scrfd_2_5g/conv57 | hw_frame_size: 9600) >> (PullQEl_hw_read13scrfd_2_5g/conv57) >> (PostInferEl13scrfd_2_5g/conv57 | Reorder - src_order: FCR, src_shape: (20, 20, 24), dst_order: FCR, dst_shape: (20, 20, 20)) >> (UserBuffQEl13scrfd_2_5g/conv57 | timeout: 10s)
[2025-06-21 12:32:24.523] [2591604] [HailoRT] [info] [hef.cpp:1929] [get_network_group_and_network_name] No name was given. Addressing all networks of default network_group: arcface_mobilefacenet
[2025-06-21 12:32:24.525] [2591604] [HailoRT] [info] [internal_buffer_manager.cpp:204] [print_execution_results] Planned internal buffer memory: CMA memory 0, user memory 50688. memory to edge layer usage factor is 1
[2025-06-21 12:32:24.525] [2591604] [HailoRT] [info] [internal_buffer_manager.cpp:212] [print_execution_results] Default Internal buffer planner executed successfully
[2025-06-21 12:32:24.537] [2591604] [HailoRT] [info] [device_internal.cpp:57] [configure] Configuring HEF took 13.445192 milliseconds
[2025-06-21 12:32:24.539] [2591604] [HailoRT] [info] [vdevice.cpp:749] [configure] Configuring HEF on VDevice took 15.787916 milliseconds
[2025-06-21 12:32:24.539] [2591604] [HailoRT] [info] [edge_elements.cpp:52] [create] Created (HwWriteEl1arcface_mobilefacenet/input_layer1 | hw_frame_size: 37632)
[2025-06-21 12:32:24.539] [2591604] [HailoRT] [info] [vstream.cpp:754] [InputVStreamImpl] Creating arcface_mobilefacenet/input_layer1...
[2025-06-21 12:32:24.539] [2591604] [HailoRT] [info] [vstream_builder.cpp:102] [create_inputs] Input pipeline 'arcface_mobilefacenet/input_layer1': (HwWriteEl1arcface_mobilefacenet/input_layer1 | hw_frame_size: 37632) >> HW
[2025-06-21 12:32:24.539] [2591604] [HailoRT] [info] [edge_elements.cpp:287] [create] Created (HwReadEl0arcface_mobilefacenet/fc1 | hw_frame_size: 512)
[2025-06-21 12:32:24.539] [2591604] [HailoRT] [info] [queue_elements.cpp:800] [create] Created (UserBuffQEl0arcface_mobilefacenet/fc1 | timeout: 10s)
[2025-06-21 12:32:24.539] [2591604] [HailoRT] [info] [vstream.cpp:1114] [OutputVStreamImpl] Creating arcface_mobilefacenet/fc1...
[2025-06-21 12:32:24.539] [2591604] [HailoRT] [info] [vstream_builder.cpp:220] [create_outputs] Output pipeline 'arcface_mobilefacenet/fc1': HW >> (HwReadEl0arcface_mobilefacenet/fc1 | hw_frame_size: 512) >> (UserBuffQEl0arcface_mobilefacenet/fc1 | timeout: 10s)
[2025-06-21 12:37:09.554] [2618306] [HailoRT] [info] [vdevice.cpp:523] [create] Creating vdevice with params: device_count: 1, scheduling_algorithm: ROUND_ROBIN, multi_process_service: false
[2025-06-21 12:37:09.566] [2618306] [HailoRT] [info] [device.cpp:49] [Device] OS Version: Linux 6.12.20+rpt-rpi-2712 #1 SMP PREEMPT Debian 1:6.12.20-1+rpt1~bpo12+1 (2025-03-19) aarch64
[2025-06-21 12:37:09.567] [2618306] [HailoRT] [info] [control.cpp:108] [control__parse_identify_results] firmware_version is: 4.20.0
[2025-06-21 12:37:09.567] [2618306] [HailoRT] [info] [vdevice.cpp:651] [create] VDevice Infos: 0001:01:00.0
[2025-06-21 12:37:09.596] [2618361] [HailoRT] [info] [hef.cpp:1929] [get_network_group_and_network_name] No name was given. Addressing all networks of default network_group: scrfd_2_5g
[2025-06-21 12:37:09.603] [2618361] [HailoRT] [info] [internal_buffer_manager.cpp:204] [print_execution_results] Planned internal buffer memory: CMA memory 0, user memory 462336. memory to edge layer usage factor is 1
[2025-06-21 12:37:09.603] [2618361] [HailoRT] [info] [internal_buffer_manager.cpp:212] [print_execution_results] Default Internal buffer planner executed successfully
[2025-06-21 12:37:09.619] [2618361] [HailoRT] [info] [device_internal.cpp:57] [configure] Configuring HEF took 22.558382 milliseconds
[2025-06-21 12:37:09.630] [2618361] [HailoRT] [info] [vdevice.cpp:749] [configure] Configuring HEF on VDevice took 34.146016 milliseconds
[2025-06-21 12:37:09.630] [2618361] [HailoRT] [info] [edge_elements.cpp:52] [create] Created (HwWriteEl3scrfd_2_5g/input_layer1 | hw_frame_size: 1228800)
[2025-06-21 12:37:09.630] [2618361] [HailoRT] [info] [vstream.cpp:754] [InputVStreamImpl] Creating scrfd_2_5g/input_layer1...
[2025-06-21 12:37:09.630] [2618361] [HailoRT] [info] [vstream_builder.cpp:102] [create_inputs] Input pipeline 'scrfd_2_5g/input_layer1': (HwWriteEl3scrfd_2_5g/input_layer1 | hw_frame_size: 1228800) >> HW
[2025-06-21 12:37:09.630] [2618361] [HailoRT] [info] [edge_elements.cpp:287] [create] Created (HwReadEl3scrfd_2_5g/conv42 | hw_frame_size: 12800)
[2025-06-21 12:37:09.631] [2618361] [HailoRT] [info] [queue_elements.cpp:800] [create] Created (UserBuffQEl3scrfd_2_5g/conv42 | timeout: 10s)
[2025-06-21 12:37:09.631] [2618361] [HailoRT] [info] [vstream.cpp:1114] [OutputVStreamImpl] Creating scrfd_2_5g/conv42...
[2025-06-21 12:37:09.631] [2618361] [HailoRT] [info] [vstream_builder.cpp:220] [create_outputs] Output pipeline 'scrfd_2_5g/conv42': HW >> (HwReadEl3scrfd_2_5g/conv42 | hw_frame_size: 12800) >> (UserBuffQEl3scrfd_2_5g/conv42 | timeout: 10s)
[2025-06-21 12:37:09.631] [2618361] [HailoRT] [info] [edge_elements.cpp:287] [create] Created (HwReadEl0scrfd_2_5g/conv43 | hw_frame_size: 51200)
[2025-06-21 12:37:09.631] [2618361] [HailoRT] [info] [queue_elements.cpp:800] [create] Created (UserBuffQEl0scrfd_2_5g/conv43 | timeout: 10s)
[2025-06-21 12:37:09.631] [2618361] [HailoRT] [info] [vstream.cpp:1114] [OutputVStreamImpl] Creating scrfd_2_5g/conv43...
[2025-06-21 12:37:09.631] [2618361] [HailoRT] [info] [vstream_builder.cpp:220] [create_outputs] Output pipeline 'scrfd_2_5g/conv43': HW >> (HwReadEl0scrfd_2_5g/conv43 | hw_frame_size: 51200) >> (UserBuffQEl0scrfd_2_5g/conv43 | timeout: 10s)
[2025-06-21 12:37:09.631] [2618361] [HailoRT] [info] [edge_elements.cpp:287] [create] Created (HwReadEl2scrfd_2_5g/conv44 | hw_frame_size: 153600)
[2025-06-21 12:37:09.631] [2618361] [HailoRT] [info] [queue_elements.cpp:657] [create] Created (PullQEl_hw_read2scrfd_2_5g/conv44)
[2025-06-21 12:37:09.631] [2618361] [HailoRT] [info] [filter_elements.cpp:375] [create] Created (PostInferEl2scrfd_2_5g/conv44 | Reorder - src_order: FCR, src_shape: (80, 80, 24), dst_order: FCR, dst_shape: (80, 80, 20))
[2025-06-21 12:37:09.631] [2618361] [HailoRT] [info] [queue_elements.cpp:800] [create] Created (UserBuffQEl2scrfd_2_5g/conv44 | timeout: 10s)
[2025-06-21 12:37:09.632] [2618361] [HailoRT] [info] [vstream.cpp:1114] [OutputVStreamImpl] Creating scrfd_2_5g/conv44...
[2025-06-21 12:37:09.632] [2618361] [HailoRT] [info] [vstream_builder.cpp:220] [create_outputs] Output pipeline 'scrfd_2_5g/conv44': HW >> (HwReadEl2scrfd_2_5g/conv44 | hw_frame_size: 153600) >> (PullQEl_hw_read2scrfd_2_5g/conv44) >> (PostInferEl2scrfd_2_5g/conv44 | Reorder - src_order: FCR, src_shape: (80, 80, 24), dst_order: FCR, dst_shape: (80, 80, 20)) >> (UserBuffQEl2scrfd_2_5g/conv44 | timeout: 10s)
[2025-06-21 12:37:09.632] [2618361] [HailoRT] [info] [edge_elements.cpp:287] [create] Created (HwReadEl14scrfd_2_5g/conv49 | hw_frame_size: 3200)
[2025-06-21 12:37:09.632] [2618361] [HailoRT] [info] [queue_elements.cpp:800] [create] Created (UserBuffQEl14scrfd_2_5g/conv49 | timeout: 10s)
[2025-06-21 12:37:09.632] [2618361] [HailoRT] [info] [vstream.cpp:1114] [OutputVStreamImpl] Creating scrfd_2_5g/conv49...
[2025-06-21 12:37:09.632] [2618361] [HailoRT] [info] [vstream_builder.cpp:220] [create_outputs] Output pipeline 'scrfd_2_5g/conv49': HW >> (HwReadEl14scrfd_2_5g/conv49 | hw_frame_size: 3200) >> (UserBuffQEl14scrfd_2_5g/conv49 | timeout: 10s)
[2025-06-21 12:37:09.632] [2618361] [HailoRT] [info] [edge_elements.cpp:287] [create] Created (HwReadEl12scrfd_2_5g/conv50 | hw_frame_size: 12800)
[2025-06-21 12:37:09.632] [2618361] [HailoRT] [info] [queue_elements.cpp:800] [create] Created (UserBuffQEl12scrfd_2_5g/conv50 | timeout: 10s)
[2025-06-21 12:37:09.632] [2618361] [HailoRT] [info] [vstream.cpp:1114] [OutputVStreamImpl] Creating scrfd_2_5g/conv50...
[2025-06-21 12:37:09.632] [2618361] [HailoRT] [info] [vstream_builder.cpp:220] [create_outputs] Output pipeline 'scrfd_2_5g/conv50': HW >> (HwReadEl12scrfd_2_5g/conv50 | hw_frame_size: 12800) >> (UserBuffQEl12scrfd_2_5g/conv50 | timeout: 10s)
[2025-06-21 12:37:09.632] [2618361] [HailoRT] [info] [edge_elements.cpp:287] [create] Created (HwReadEl1scrfd_2_5g/conv51 | hw_frame_size: 38400)
[2025-06-21 12:37:09.632] [2618361] [HailoRT] [info] [queue_elements.cpp:657] [create] Created (PullQEl_hw_read1scrfd_2_5g/conv51)
[2025-06-21 12:37:09.632] [2618361] [HailoRT] [info] [filter_elements.cpp:375] [create] Created (PostInferEl1scrfd_2_5g/conv51 | Reorder - src_order: FCR, src_shape: (40, 40, 24), dst_order: FCR, dst_shape: (40, 40, 20))
[2025-06-21 12:37:09.633] [2618361] [HailoRT] [info] [queue_elements.cpp:800] [create] Created (UserBuffQEl1scrfd_2_5g/conv51 | timeout: 10s)
[2025-06-21 12:37:09.633] [2618361] [HailoRT] [info] [vstream.cpp:1114] [OutputVStreamImpl] Creating scrfd_2_5g/conv51...
[2025-06-21 12:37:09.633] [2618361] [HailoRT] [info] [vstream_builder.cpp:220] [create_outputs] Output pipeline 'scrfd_2_5g/conv51': HW >> (HwReadEl1scrfd_2_5g/conv51 | hw_frame_size: 38400) >> (PullQEl_hw_read1scrfd_2_5g/conv51) >> (PostInferEl1scrfd_2_5g/conv51 | Reorder - src_order: FCR, src_shape: (40, 40, 24), dst_order: FCR, dst_shape: (40, 40, 20)) >> (UserBuffQEl1scrfd_2_5g/conv51 | timeout: 10s)
[2025-06-21 12:37:09.633] [2618361] [HailoRT] [info] [edge_elements.cpp:287] [create] Created (HwReadEl10scrfd_2_5g/conv55 | hw_frame_size: 800)
[2025-06-21 12:37:09.633] [2618361] [HailoRT] [info] [queue_elements.cpp:657] [create] Created (PullQEl_hw_read10scrfd_2_5g/conv55)
[2025-06-21 12:37:09.633] [2618361] [HailoRT] [info] [filter_elements.cpp:375] [create] Created (PostInferEl10scrfd_2_5g/conv55 | Reorder - src_order: NHCW, src_shape: (20, 20, 2), dst_order: NHWC, dst_shape: (20, 20, 2))
[2025-06-21 12:37:09.633] [2618361] [HailoRT] [info] [queue_elements.cpp:800] [create] Created (UserBuffQEl10scrfd_2_5g/conv55 | timeout: 10s)
[2025-06-21 12:37:09.633] [2618361] [HailoRT] [info] [vstream.cpp:1114] [OutputVStreamImpl] Creating scrfd_2_5g/conv55...
[2025-06-21 12:37:09.633] [2618361] [HailoRT] [info] [vstream_builder.cpp:220] [create_outputs] Output pipeline 'scrfd_2_5g/conv55': HW >> (HwReadEl10scrfd_2_5g/conv55 | hw_frame_size: 800) >> (PullQEl_hw_read10scrfd_2_5g/conv55) >> (PostInferEl10scrfd_2_5g/conv55 | Reorder - src_order: NHCW, src_shape: (20, 20, 2), dst_order: NHWC, dst_shape: (20, 20, 2)) >> (UserBuffQEl10scrfd_2_5g/conv55 | timeout: 10s)
[2025-06-21 12:37:09.633] [2618361] [HailoRT] [info] [edge_elements.cpp:287] [create] Created (HwReadEl9scrfd_2_5g/conv56 | hw_frame_size: 3200)
[2025-06-21 12:37:09.633] [2618361] [HailoRT] [info] [queue_elements.cpp:657] [create] Created (PullQEl_hw_read9scrfd_2_5g/conv56)
[2025-06-21 12:37:09.633] [2618361] [HailoRT] [info] [filter_elements.cpp:375] [create] Created (PostInferEl9scrfd_2_5g/conv56 | Reorder - src_order: NHCW, src_shape: (20, 20, 8), dst_order: NHWC, dst_shape: (20, 20, 8))
[2025-06-21 12:37:09.633] [2618361] [HailoRT] [info] [queue_elements.cpp:800] [create] Created (UserBuffQEl9scrfd_2_5g/conv56 | timeout: 10s)
[2025-06-21 12:37:09.633] [2618361] [HailoRT] [info] [vstream.cpp:1114] [OutputVStreamImpl] Creating scrfd_2_5g/conv56...
[2025-06-21 12:37:09.633] [2618361] [HailoRT] [info] [vstream_builder.cpp:220] [create_outputs] Output pipeline 'scrfd_2_5g/conv56': HW >> (HwReadEl9scrfd_2_5g/conv56 | hw_frame_size: 3200) >> (PullQEl_hw_read9scrfd_2_5g/conv56) >> (PostInferEl9scrfd_2_5g/conv56 | Reorder - src_order: NHCW, src_shape: (20, 20, 8), dst_order: NHWC, dst_shape: (20, 20, 8)) >> (UserBuffQEl9scrfd_2_5g/conv56 | timeout: 10s)
[2025-06-21 12:37:09.633] [2618361] [HailoRT] [info] [edge_elements.cpp:287] [create] Created (HwReadEl13scrfd_2_5g/conv57 | hw_frame_size: 9600)
[2025-06-21 12:37:09.634] [2618361] [HailoRT] [info] [queue_elements.cpp:657] [create] Created (PullQEl_hw_read13scrfd_2_5g/conv57)
[2025-06-21 12:37:09.634] [2618361] [HailoRT] [info] [filter_elements.cpp:375] [create] Created (PostInferEl13scrfd_2_5g/conv57 | Reorder - src_order: FCR, src_shape: (20, 20, 24), dst_order: FCR, dst_shape: (20, 20, 20))
[2025-06-21 12:37:09.634] [2618361] [HailoRT] [info] [queue_elements.cpp:800] [create] Created (UserBuffQEl13scrfd_2_5g/conv57 | timeout: 10s)
[2025-06-21 12:37:09.634] [2618361] [HailoRT] [info] [vstream.cpp:1114] [OutputVStreamImpl] Creating scrfd_2_5g/conv57...
[2025-06-21 12:37:09.634] [2618361] [HailoRT] [info] [vstream_builder.cpp:220] [create_outputs] Output pipeline 'scrfd_2_5g/conv57': HW >> (HwReadEl13scrfd_2_5g/conv57 | hw_frame_size: 9600) >> (PullQEl_hw_read13scrfd_2_5g/conv57) >> (PostInferEl13scrfd_2_5g/conv57 | Reorder - src_order: FCR, src_shape: (20, 20, 24), dst_order: FCR, dst_shape: (20, 20, 20)) >> (UserBuffQEl13scrfd_2_5g/conv57 | timeout: 10s)
[2025-06-21 12:37:10.599] [2618397] [HailoRT] [info] [hef.cpp:1929] [get_network_group_and_network_name] No name was given. Addressing all networks of default network_group: arcface_mobilefacenet
[2025-06-21 12:37:10.602] [2618397] [HailoRT] [info] [internal_buffer_manager.cpp:204] [print_execution_results] Planned internal buffer memory: CMA memory 0, user memory 50688. memory to edge layer usage factor is 1
[2025-06-21 12:37:10.602] [2618397] [HailoRT] [info] [internal_buffer_manager.cpp:212] [print_execution_results] Default Internal buffer planner executed successfully
[2025-06-21 12:37:10.613] [2618397] [HailoRT] [info] [device_internal.cpp:57] [configure] Configuring HEF took 14.01134 milliseconds
[2025-06-21 12:37:10.616] [2618397] [HailoRT] [info] [vdevice.cpp:749] [configure] Configuring HEF on VDevice took 16.8876 milliseconds
[2025-06-21 12:37:10.616] [2618397] [HailoRT] [info] [edge_elements.cpp:52] [create] Created (HwWriteEl1arcface_mobilefacenet/input_layer1 | hw_frame_size: 37632)
[2025-06-21 12:37:10.616] [2618397] [HailoRT] [info] [vstream.cpp:754] [InputVStreamImpl] Creating arcface_mobilefacenet/input_layer1...
[2025-06-21 12:37:10.616] [2618397] [HailoRT] [info] [vstream_builder.cpp:102] [create_inputs] Input pipeline 'arcface_mobilefacenet/input_layer1': (HwWriteEl1arcface_mobilefacenet/input_layer1 | hw_frame_size: 37632) >> HW
[2025-06-21 12:37:10.616] [2618397] [HailoRT] [info] [edge_elements.cpp:287] [create] Created (HwReadEl0arcface_mobilefacenet/fc1 | hw_frame_size: 512)
[2025-06-21 12:37:10.616] [2618397] [HailoRT] [info] [queue_elements.cpp:800] [create] Created (UserBuffQEl0arcface_mobilefacenet/fc1 | timeout: 10s)
[2025-06-21 12:37:10.616] [2618397] [HailoRT] [info] [vstream.cpp:1114] [OutputVStreamImpl] Creating arcface_mobilefacenet/fc1...
[2025-06-21 12:37:10.616] [2618397] [HailoRT] [info] [vstream_builder.cpp:220] [create_outputs] Output pipeline 'arcface_mobilefacenet/fc1': HW >> (HwReadEl0arcface_mobilefacenet/fc1 | hw_frame_size: 512) >> (UserBuffQEl0arcface_mobilefacenet/fc1 | timeout: 10s)
[2025-06-21 12:37:58.267] [2622387] [HailoRT] [info] [vdevice.cpp:523] [create] Creating vdevice with params: device_count: 1, scheduling_algorithm: ROUND_ROBIN, multi_process_service: false
[2025-06-21 12:37:58.279] [2622387] [HailoRT] [info] [device.cpp:49] [Device] OS Version: Linux 6.12.20+rpt-rpi-2712 #1 SMP PREEMPT Debian 1:6.12.20-1+rpt1~bpo12+1 (2025-03-19) aarch64
[2025-06-21 12:37:58.281] [2622387] [HailoRT] [info] [control.cpp:108] [control__parse_identify_results] firmware_version is: 4.20.0
[2025-06-21 12:37:58.281] [2622387] [HailoRT] [info] [vdevice.cpp:651] [create] VDevice Infos: 0001:01:00.0
[2025-06-21 12:37:58.312] [2622441] [HailoRT] [info] [hef.cpp:1929] [get_network_group_and_network_name] No name was given. Addressing all networks of default network_group: scrfd_2_5g
[2025-06-21 12:37:58.320] [2622441] [HailoRT] [info] [internal_buffer_manager.cpp:204] [print_execution_results] Planned internal buffer memory: CMA memory 0, user memory 462336. memory to edge layer usage factor is 1
[2025-06-21 12:37:58.320] [2622441] [HailoRT] [info] [internal_buffer_manager.cpp:212] [print_execution_results] Default Internal buffer planner executed successfully
[2025-06-21 12:37:58.335] [2622441] [HailoRT] [info] [device_internal.cpp:57] [configure] Configuring HEF took 22.26053 milliseconds
[2025-06-21 12:37:58.346] [2622441] [HailoRT] [info] [vdevice.cpp:749] [configure] Configuring HEF on VDevice took 33.815183 milliseconds
[2025-06-21 12:37:58.347] [2622441] [HailoRT] [info] [edge_elements.cpp:52] [create] Created (HwWriteEl3scrfd_2_5g/input_layer1 | hw_frame_size: 1228800)
[2025-06-21 12:37:58.347] [2622441] [HailoRT] [info] [vstream.cpp:754] [InputVStreamImpl] Creating scrfd_2_5g/input_layer1...
[2025-06-21 12:37:58.347] [2622441] [HailoRT] [info] [vstream_builder.cpp:102] [create_inputs] Input pipeline 'scrfd_2_5g/input_layer1': (HwWriteEl3scrfd_2_5g/input_layer1 | hw_frame_size: 1228800) >> HW
[2025-06-21 12:37:58.347] [2622441] [HailoRT] [info] [edge_elements.cpp:287] [create] Created (HwReadEl3scrfd_2_5g/conv42 | hw_frame_size: 12800)
[2025-06-21 12:37:58.347] [2622441] [HailoRT] [info] [queue_elements.cpp:800] [create] Created (UserBuffQEl3scrfd_2_5g/conv42 | timeout: 10s)
[2025-06-21 12:37:58.347] [2622441] [HailoRT] [info] [vstream.cpp:1114] [OutputVStreamImpl] Creating scrfd_2_5g/conv42...
[2025-06-21 12:37:58.347] [2622441] [HailoRT] [info] [vstream_builder.cpp:220] [create_outputs] Output pipeline 'scrfd_2_5g/conv42': HW >> (HwReadEl3scrfd_2_5g/conv42 | hw_frame_size: 12800) >> (UserBuffQEl3scrfd_2_5g/conv42 | timeout: 10s)
[2025-06-21 12:37:58.347] [2622441] [HailoRT] [info] [edge_elements.cpp:287] [create] Created (HwReadEl0scrfd_2_5g/conv43 | hw_frame_size: 51200)
[2025-06-21 12:37:58.347] [2622441] [HailoRT] [info] [queue_elements.cpp:800] [create] Created (UserBuffQEl0scrfd_2_5g/conv43 | timeout: 10s)
[2025-06-21 12:37:58.347] [2622441] [HailoRT] [info] [vstream.cpp:1114] [OutputVStreamImpl] Creating scrfd_2_5g/conv43...
[2025-06-21 12:37:58.347] [2622441] [HailoRT] [info] [vstream_builder.cpp:220] [create_outputs] Output pipeline 'scrfd_2_5g/conv43': HW >> (HwReadEl0scrfd_2_5g/conv43 | hw_frame_size: 51200) >> (UserBuffQEl0scrfd_2_5g/conv43 | timeout: 10s)
[2025-06-21 12:37:58.347] [2622441] [HailoRT] [info] [edge_elements.cpp:287] [create] Created (HwReadEl2scrfd_2_5g/conv44 | hw_frame_size: 153600)
[2025-06-21 12:37:58.348] [2622441] [HailoRT] [info] [queue_elements.cpp:657] [create] Created (PullQEl_hw_read2scrfd_2_5g/conv44)
[2025-06-21 12:37:58.348] [2622441] [HailoRT] [info] [filter_elements.cpp:375] [create] Created (PostInferEl2scrfd_2_5g/conv44 | Reorder - src_order: FCR, src_shape: (80, 80, 24), dst_order: FCR, dst_shape: (80, 80, 20))
[2025-06-21 12:37:58.348] [2622441] [HailoRT] [info] [queue_elements.cpp:800] [create] Created (UserBuffQEl2scrfd_2_5g/conv44 | timeout: 10s)
[2025-06-21 12:37:58.348] [2622441] [HailoRT] [info] [vstream.cpp:1114] [OutputVStreamImpl] Creating scrfd_2_5g/conv44...
[2025-06-21 12:37:58.348] [2622441] [HailoRT] [info] [vstream_builder.cpp:220] [create_outputs] Output pipeline 'scrfd_2_5g/conv44': HW >> (HwReadEl2scrfd_2_5g/conv44 | hw_frame_size: 153600) >> (PullQEl_hw_read2scrfd_2_5g/conv44) >> (PostInferEl2scrfd_2_5g/conv44 | Reorder - src_order: FCR, src_shape: (80, 80, 24), dst_order: FCR, dst_shape: (80, 80, 20)) >> (UserBuffQEl2scrfd_2_5g/conv44 | timeout: 10s)
[2025-06-21 12:37:58.348] [2622441] [HailoRT] [info] [edge_elements.cpp:287] [create] Created (HwReadEl14scrfd_2_5g/conv49 | hw_frame_size: 3200)
[2025-06-21 12:37:58.348] [2622441] [HailoRT] [info] [queue_elements.cpp:800] [create] Created (UserBuffQEl14scrfd_2_5g/conv49 | timeout: 10s)
[2025-06-21 12:37:58.348] [2622441] [HailoRT] [info] [vstream.cpp:1114] [OutputVStreamImpl] Creating scrfd_2_5g/conv49...
[2025-06-21 12:37:58.348] [2622441] [HailoRT] [info] [vstream_builder.cpp:220] [create_outputs] Output pipeline 'scrfd_2_5g/conv49': HW >> (HwReadEl14scrfd_2_5g/conv49 | hw_frame_size: 3200) >> (UserBuffQEl14scrfd_2_5g/conv49 | timeout: 10s)
[2025-06-21 12:37:58.348] [2622441] [HailoRT] [info] [edge_elements.cpp:287] [create] Created (HwReadEl12scrfd_2_5g/conv50 | hw_frame_size: 12800)
[2025-06-21 12:37:58.348] [2622441] [HailoRT] [info] [queue_elements.cpp:800] [create] Created (UserBuffQEl12scrfd_2_5g/conv50 | timeout: 10s)
[2025-06-21 12:37:58.348] [2622441] [HailoRT] [info] [vstream.cpp:1114] [OutputVStreamImpl] Creating scrfd_2_5g/conv50...
[2025-06-21 12:37:58.349] [2622441] [HailoRT] [info] [vstream_builder.cpp:220] [create_outputs] Output pipeline 'scrfd_2_5g/conv50': HW >> (HwReadEl12scrfd_2_5g/conv50 | hw_frame_size: 12800) >> (UserBuffQEl12scrfd_2_5g/conv50 | timeout: 10s)
[2025-06-21 12:37:58.349] [2622441] [HailoRT] [info] [edge_elements.cpp:287] [create] Created (HwReadEl1scrfd_2_5g/conv51 | hw_frame_size: 38400)
[2025-06-21 12:37:58.349] [2622441] [HailoRT] [info] [queue_elements.cpp:657] [create] Created (PullQEl_hw_read1scrfd_2_5g/conv51)
[2025-06-21 12:37:58.349] [2622441] [HailoRT] [info] [filter_elements.cpp:375] [create] Created (PostInferEl1scrfd_2_5g/conv51 | Reorder - src_order: FCR, src_shape: (40, 40, 24), dst_order: FCR, dst_shape: (40, 40, 20))
[2025-06-21 12:37:58.349] [2622441] [HailoRT] [info] [queue_elements.cpp:800] [create] Created (UserBuffQEl1scrfd_2_5g/conv51 | timeout: 10s)
[2025-06-21 12:37:58.349] [2622441] [HailoRT] [info] [vstream.cpp:1114] [OutputVStreamImpl] Creating scrfd_2_5g/conv51...
[2025-06-21 12:37:58.349] [2622441] [HailoRT] [info] [vstream_builder.cpp:220] [create_outputs] Output pipeline 'scrfd_2_5g/conv51': HW >> (HwReadEl1scrfd_2_5g/conv51 | hw_frame_size: 38400) >> (PullQEl_hw_read1scrfd_2_5g/conv51) >> (PostInferEl1scrfd_2_5g/conv51 | Reorder - src_order: FCR, src_shape: (40, 40, 24), dst_order: FCR, dst_shape: (40, 40, 20)) >> (UserBuffQEl1scrfd_2_5g/conv51 | timeout: 10s)
[2025-06-21 12:37:58.349] [2622441] [HailoRT] [info] [edge_elements.cpp:287] [create] Created (HwReadEl10scrfd_2_5g/conv55 | hw_frame_size: 800)
[2025-06-21 12:37:58.349] [2622441] [HailoRT] [info] [queue_elements.cpp:657] [create] Created (PullQEl_hw_read10scrfd_2_5g/conv55)
[2025-06-21 12:37:58.349] [2622441] [HailoRT] [info] [filter_elements.cpp:375] [create] Created (PostInferEl10scrfd_2_5g/conv55 | Reorder - src_order: NHCW, src_shape: (20, 20, 2), dst_order: NHWC, dst_shape: (20, 20, 2))
[2025-06-21 12:37:58.349] [2622441] [HailoRT] [info] [queue_elements.cpp:800] [create] Created (UserBuffQEl10scrfd_2_5g/conv55 | timeout: 10s)
[2025-06-21 12:37:58.349] [2622441] [HailoRT] [info] [vstream.cpp:1114] [OutputVStreamImpl] Creating scrfd_2_5g/conv55...
[2025-06-21 12:37:58.349] [2622441] [HailoRT] [info] [vstream_builder.cpp:220] [create_outputs] Output pipeline 'scrfd_2_5g/conv55': HW >> (HwReadEl10scrfd_2_5g/conv55 | hw_frame_size: 800) >> (PullQEl_hw_read10scrfd_2_5g/conv55) >> (PostInferEl10scrfd_2_5g/conv55 | Reorder - src_order: NHCW, src_shape: (20, 20, 2), dst_order: NHWC, dst_shape: (20, 20, 2)) >> (UserBuffQEl10scrfd_2_5g/conv55 | timeout: 10s)
[2025-06-21 12:37:58.349] [2622441] [HailoRT] [info] [edge_elements.cpp:287] [create] Created (HwReadEl9scrfd_2_5g/conv56 | hw_frame_size: 3200)
[2025-06-21 12:37:58.349] [2622441] [HailoRT] [info] [queue_elements.cpp:657] [create] Created (PullQEl_hw_read9scrfd_2_5g/conv56)
[2025-06-21 12:37:58.349] [2622441] [HailoRT] [info] [filter_elements.cpp:375] [create] Created (PostInferEl9scrfd_2_5g/conv56 | Reorder - src_order: NHCW, src_shape: (20, 20, 8), dst_order: NHWC, dst_shape: (20, 20, 8))
[2025-06-21 12:37:58.349] [2622441] [HailoRT] [info] [queue_elements.cpp:800] [create] Created (UserBuffQEl9scrfd_2_5g/conv56 | timeout: 10s)
[2025-06-21 12:37:58.349] [2622441] [HailoRT] [info] [vstream.cpp:1114] [OutputVStreamImpl] Creating scrfd_2_5g/conv56...
[2025-06-21 12:37:58.349] [2622441] [HailoRT] [info] [vstream_builder.cpp:220] [create_outputs] Output pipeline 'scrfd_2_5g/conv56': HW >> (HwReadEl9scrfd_2_5g/conv56 | hw_frame_size: 3200) >> (PullQEl_hw_read9scrfd_2_5g/conv56) >> (PostInferEl9scrfd_2_5g/conv56 | Reorder - src_order: NHCW, src_shape: (20, 20, 8), dst_order: NHWC, dst_shape: (20, 20, 8)) >> (UserBuffQEl9scrfd_2_5g/conv56 | timeout: 10s)
[2025-06-21 12:37:58.349] [2622441] [HailoRT] [info] [edge_elements.cpp:287] [create] Created (HwReadEl13scrfd_2_5g/conv57 | hw_frame_size: 9600)
[2025-06-21 12:37:58.350] [2622441] [HailoRT] [info] [queue_elements.cpp:657] [create] Created (PullQEl_hw_read13scrfd_2_5g/conv57)
[2025-06-21 12:37:58.350] [2622441] [HailoRT] [info] [filter_elements.cpp:375] [create] Created (PostInferEl13scrfd_2_5g/conv57 | Reorder - src_order: FCR, src_shape: (20, 20, 24), dst_order: FCR, dst_shape: (20, 20, 20))
[2025-06-21 12:37:58.350] [2622441] [HailoRT] [info] [queue_elements.cpp:800] [create] Created (UserBuffQEl13scrfd_2_5g/conv57 | timeout: 10s)
[2025-06-21 12:37:58.350] [2622441] [HailoRT] [info] [vstream.cpp:1114] [OutputVStreamImpl] Creating scrfd_2_5g/conv57...
[2025-06-21 12:37:58.350] [2622441] [HailoRT] [info] [vstream_builder.cpp:220] [create_outputs] Output pipeline 'scrfd_2_5g/conv57': HW >> (HwReadEl13scrfd_2_5g/conv57 | hw_frame_size: 9600) >> (PullQEl_hw_read13scrfd_2_5g/conv57) >> (PostInferEl13scrfd_2_5g/conv57 | Reorder - src_order: FCR, src_shape: (20, 20, 24), dst_order: FCR, dst_shape: (20, 20, 20)) >> (UserBuffQEl13scrfd_2_5g/conv57 | timeout: 10s)
[2025-06-21 12:37:59.309] [2622478] [HailoRT] [info] [hef.cpp:1929] [get_network_group_and_network_name] No name was given. Addressing all networks of default network_group: arcface_mobilefacenet
[2025-06-21 12:37:59.310] [2622478] [HailoRT] [info] [internal_buffer_manager.cpp:204] [print_execution_results] Planned internal buffer memory: CMA memory 0, user memory 50688. memory to edge layer usage factor is 1
[2025-06-21 12:37:59.310] [2622478] [HailoRT] [info] [internal_buffer_manager.cpp:212] [print_execution_results] Default Internal buffer planner executed successfully
[2025-06-21 12:37:59.323] [2622478] [HailoRT] [info] [device_internal.cpp:57] [configure] Configuring HEF took 14.081266 milliseconds
[2025-06-21 12:37:59.325] [2622478] [HailoRT] [info] [vdevice.cpp:749] [configure] Configuring HEF on VDevice took 16.864268 milliseconds
[2025-06-21 12:37:59.326] [2622478] [HailoRT] [info] [edge_elements.cpp:52] [create] Created (HwWriteEl1arcface_mobilefacenet/input_layer1 | hw_frame_size: 37632)
[2025-06-21 12:37:59.326] [2622478] [HailoRT] [info] [vstream.cpp:754] [InputVStreamImpl] Creating arcface_mobilefacenet/input_layer1...
[2025-06-21 12:37:59.326] [2622478] [HailoRT] [info] [vstream_builder.cpp:102] [create_inputs] Input pipeline 'arcface_mobilefacenet/input_layer1': (HwWriteEl1arcface_mobilefacenet/input_layer1 | hw_frame_size: 37632) >> HW
[2025-06-21 12:37:59.326] [2622478] [HailoRT] [info] [edge_elements.cpp:287] [create] Created (HwReadEl0arcface_mobilefacenet/fc1 | hw_frame_size: 512)
[2025-06-21 12:37:59.326] [2622478] [HailoRT] [info] [queue_elements.cpp:800] [create] Created (UserBuffQEl0arcface_mobilefacenet/fc1 | timeout: 10s)
[2025-06-21 12:37:59.326] [2622478] [HailoRT] [info] [vstream.cpp:1114] [OutputVStreamImpl] Creating arcface_mobilefacenet/fc1...
[2025-06-21 12:37:59.326] [2622478] [HailoRT] [info] [vstream_builder.cpp:220] [create_outputs] Output pipeline 'arcface_mobilefacenet/fc1': HW >> (HwReadEl0arcface_mobilefacenet/fc1 | hw_frame_size: 512) >> (UserBuffQEl0arcface_mobilefacenet/fc1 | timeout: 10s)
[2025-06-21 12:38:47.184] [2626926] [HailoRT] [info] [vdevice.cpp:523] [create] Creating vdevice with params: device_count: 1, scheduling_algorithm: ROUND_ROBIN, multi_process_service: false
[2025-06-21 12:38:47.195] [2626926] [HailoRT] [info] [device.cpp:49] [Device] OS Version: Linux 6.12.20+rpt-rpi-2712 #1 SMP PREEMPT Debian 1:6.12.20-1+rpt1~bpo12+1 (2025-03-19) aarch64
[2025-06-21 12:38:47.196] [2626926] [HailoRT] [info] [control.cpp:108] [control__parse_identify_results] firmware_version is: 4.20.0
[2025-06-21 12:38:47.196] [2626926] [HailoRT] [info] [vdevice.cpp:651] [create] VDevice Infos: 0001:01:00.0
[2025-06-21 12:38:47.224] [2626979] [HailoRT] [info] [hef.cpp:1929] [get_network_group_and_network_name] No name was given. Addressing all networks of default network_group: scrfd_2_5g
[2025-06-21 12:38:47.232] [2626979] [HailoRT] [info] [internal_buffer_manager.cpp:204] [print_execution_results] Planned internal buffer memory: CMA memory 0, user memory 462336. memory to edge layer usage factor is 1
[2025-06-21 12:38:47.232] [2626979] [HailoRT] [info] [internal_buffer_manager.cpp:212] [print_execution_results] Default Internal buffer planner executed successfully
[2025-06-21 12:38:47.246] [2626979] [HailoRT] [info] [device_internal.cpp:57] [configure] Configuring HEF took 20.979362 milliseconds
[2025-06-21 12:38:47.257] [2626979] [HailoRT] [info] [vdevice.cpp:749] [configure] Configuring HEF on VDevice took 32.073664 milliseconds
[2025-06-21 12:38:47.257] [2626979] [HailoRT] [info] [edge_elements.cpp:52] [create] Created (HwWriteEl3scrfd_2_5g/input_layer1 | hw_frame_size: 1228800)
[2025-06-21 12:38:47.257] [2626979] [HailoRT] [info] [vstream.cpp:754] [InputVStreamImpl] Creating scrfd_2_5g/input_layer1...
[2025-06-21 12:38:47.257] [2626979] [HailoRT] [info] [vstream_builder.cpp:102] [create_inputs] Input pipeline 'scrfd_2_5g/input_layer1': (HwWriteEl3scrfd_2_5g/input_layer1 | hw_frame_size: 1228800) >> HW
[2025-06-21 12:38:47.257] [2626979] [HailoRT] [info] [edge_elements.cpp:287] [create] Created (HwReadEl3scrfd_2_5g/conv42 | hw_frame_size: 12800)
[2025-06-21 12:38:47.257] [2626979] [HailoRT] [info] [queue_elements.cpp:800] [create] Created (UserBuffQEl3scrfd_2_5g/conv42 | timeout: 10s)
[2025-06-21 12:38:47.257] [2626979] [HailoRT] [info] [vstream.cpp:1114] [OutputVStreamImpl] Creating scrfd_2_5g/conv42...
[2025-06-21 12:38:47.257] [2626979] [HailoRT] [info] [vstream_builder.cpp:220] [create_outputs] Output pipeline 'scrfd_2_5g/conv42': HW >> (HwReadEl3scrfd_2_5g/conv42 | hw_frame_size: 12800) >> (UserBuffQEl3scrfd_2_5g/conv42 | timeout: 10s)
[2025-06-21 12:38:47.257] [2626979] [HailoRT] [info] [edge_elements.cpp:287] [create] Created (HwReadEl0scrfd_2_5g/conv43 | hw_frame_size: 51200)
[2025-06-21 12:38:47.257] [2626979] [HailoRT] [info] [queue_elements.cpp:800] [create] Created (UserBuffQEl0scrfd_2_5g/conv43 | timeout: 10s)
[2025-06-21 12:38:47.257] [2626979] [HailoRT] [info] [vstream.cpp:1114] [OutputVStreamImpl] Creating scrfd_2_5g/conv43...
[2025-06-21 12:38:47.257] [2626979] [HailoRT] [info] [vstream_builder.cpp:220] [create_outputs] Output pipeline 'scrfd_2_5g/conv43': HW >> (HwReadEl0scrfd_2_5g/conv43 | hw_frame_size: 51200) >> (UserBuffQEl0scrfd_2_5g/conv43 | timeout: 10s)
[2025-06-21 12:38:47.257] [2626979] [HailoRT] [info] [edge_elements.cpp:287] [create] Created (HwReadEl2scrfd_2_5g/conv44 | hw_frame_size: 153600)
[2025-06-21 12:38:47.257] [2626979] [HailoRT] [info] [queue_elements.cpp:657] [create] Created (PullQEl_hw_read2scrfd_2_5g/conv44)
[2025-06-21 12:38:47.257] [2626979] [HailoRT] [info] [filter_elements.cpp:375] [create] Created (PostInferEl2scrfd_2_5g/conv44 | Reorder - src_order: FCR, src_shape: (80, 80, 24), dst_order: FCR, dst_shape: (80, 80, 20))
[2025-06-21 12:38:47.257] [2626979] [HailoRT] [info] [queue_elements.cpp:800] [create] Created (UserBuffQEl2scrfd_2_5g/conv44 | timeout: 10s)
[2025-06-21 12:38:47.258] [2626979] [HailoRT] [info] [vstream.cpp:1114] [OutputVStreamImpl] Creating scrfd_2_5g/conv44...
[2025-06-21 12:38:47.258] [2626979] [HailoRT] [info] [vstream_builder.cpp:220] [create_outputs] Output pipeline 'scrfd_2_5g/conv44': HW >> (HwReadEl2scrfd_2_5g/conv44 | hw_frame_size: 153600) >> (PullQEl_hw_read2scrfd_2_5g/conv44) >> (PostInferEl2scrfd_2_5g/conv44 | Reorder - src_order: FCR, src_shape: (80, 80, 24), dst_order: FCR, dst_shape: (80, 80, 20)) >> (UserBuffQEl2scrfd_2_5g/conv44 | timeout: 10s)
[2025-06-21 12:38:47.258] [2626979] [HailoRT] [info] [edge_elements.cpp:287] [create] Created (HwReadEl14scrfd_2_5g/conv49 | hw_frame_size: 3200)
[2025-06-21 12:38:47.259] [2626979] [HailoRT] [info] [queue_elements.cpp:800] [create] Created (UserBuffQEl14scrfd_2_5g/conv49 | timeout: 10s)
[2025-06-21 12:38:47.259] [2626979] [HailoRT] [info] [vstream.cpp:1114] [OutputVStreamImpl] Creating scrfd_2_5g/conv49...
[2025-06-21 12:38:47.259] [2626979] [HailoRT] [info] [vstream_builder.cpp:220] [create_outputs] Output pipeline 'scrfd_2_5g/conv49': HW >> (HwReadEl14scrfd_2_5g/conv49 | hw_frame_size: 3200) >> (UserBuffQEl14scrfd_2_5g/conv49 | timeout: 10s)
[2025-06-21 12:38:47.259] [2626979] [HailoRT] [info] [edge_elements.cpp:287] [create] Created (HwReadEl12scrfd_2_5g/conv50 | hw_frame_size: 12800)
[2025-06-21 12:38:47.259] [2626979] [HailoRT] [info] [queue_elements.cpp:800] [create] Created (UserBuffQEl12scrfd_2_5g/conv50 | timeout: 10s)
[2025-06-21 12:38:47.259] [2626979] [HailoRT] [info] [vstream.cpp:1114] [OutputVStreamImpl] Creating scrfd_2_5g/conv50...
[2025-06-21 12:38:47.259] [2626979] [HailoRT] [info] [vstream_builder.cpp:220] [create_outputs] Output pipeline 'scrfd_2_5g/conv50': HW >> (HwReadEl12scrfd_2_5g/conv50 | hw_frame_size: 12800) >> (UserBuffQEl12scrfd_2_5g/conv50 | timeout: 10s)
[2025-06-21 12:38:47.259] [2626979] [HailoRT] [info] [edge_elements.cpp:287] [create] Created (HwReadEl1scrfd_2_5g/conv51 | hw_frame_size: 38400)
[2025-06-21 12:38:47.259] [2626979] [HailoRT] [info] [queue_elements.cpp:657] [create] Created (PullQEl_hw_read1scrfd_2_5g/conv51)
[2025-06-21 12:38:47.260] [2626979] [HailoRT] [info] [filter_elements.cpp:375] [create] Created (PostInferEl1scrfd_2_5g/conv51 | Reorder - src_order: FCR, src_shape: (40, 40, 24), dst_order: FCR, dst_shape: (40, 40, 20))
[2025-06-21 12:38:47.260] [2626979] [HailoRT] [info] [queue_elements.cpp:800] [create] Created (UserBuffQEl1scrfd_2_5g/conv51 | timeout: 10s)
[2025-06-21 12:38:47.260] [2626979] [HailoRT] [info] [vstream.cpp:1114] [OutputVStreamImpl] Creating scrfd_2_5g/conv51...
[2025-06-21 12:38:47.260] [2626979] [HailoRT] [info] [vstream_builder.cpp:220] [create_outputs] Output pipeline 'scrfd_2_5g/conv51': HW >> (HwReadEl1scrfd_2_5g/conv51 | hw_frame_size: 38400) >> (PullQEl_hw_read1scrfd_2_5g/conv51) >> (PostInferEl1scrfd_2_5g/conv51 | Reorder - src_order: FCR, src_shape: (40, 40, 24), dst_order: FCR, dst_shape: (40, 40, 20)) >> (UserBuffQEl1scrfd_2_5g/conv51 | timeout: 10s)
[2025-06-21 12:38:47.260] [2626979] [HailoRT] [info] [edge_elements.cpp:287] [create] Created (HwReadEl10scrfd_2_5g/conv55 | hw_frame_size: 800)
[2025-06-21 12:38:47.260] [2626979] [HailoRT] [info] [queue_elements.cpp:657] [create] Created (PullQEl_hw_read10scrfd_2_5g/conv55)
[2025-06-21 12:38:47.260] [2626979] [HailoRT] [info] [filter_elements.cpp:375] [create] Created (PostInferEl10scrfd_2_5g/conv55 | Reorder - src_order: NHCW, src_shape: (20, 20, 2), dst_order: NHWC, dst_shape: (20, 20, 2))
[2025-06-21 12:38:47.260] [2626979] [HailoRT] [info] [queue_elements.cpp:800] [create] Created (UserBuffQEl10scrfd_2_5g/conv55 | timeout: 10s)
[2025-06-21 12:38:47.260] [2626979] [HailoRT] [info] [vstream.cpp:1114] [OutputVStreamImpl] Creating scrfd_2_5g/conv55...
[2025-06-21 12:38:47.260] [2626979] [HailoRT] [info] [vstream_builder.cpp:220] [create_outputs] Output pipeline 'scrfd_2_5g/conv55': HW >> (HwReadEl10scrfd_2_5g/conv55 | hw_frame_size: 800) >> (PullQEl_hw_read10scrfd_2_5g/conv55) >> (PostInferEl10scrfd_2_5g/conv55 | Reorder - src_order: NHCW, src_shape: (20, 20, 2), dst_order: NHWC, dst_shape: (20, 20, 2)) >> (UserBuffQEl10scrfd_2_5g/conv55 | timeout: 10s)
[2025-06-21 12:38:47.260] [2626979] [HailoRT] [info] [edge_elements.cpp:287] [create] Created (HwReadEl9scrfd_2_5g/conv56 | hw_frame_size: 3200)
[2025-06-21 12:38:47.260] [2626979] [HailoRT] [info] [queue_elements.cpp:657] [create] Created (PullQEl_hw_read9scrfd_2_5g/conv56)
[2025-06-21 12:38:47.260] [2626979] [HailoRT] [info] [filter_elements.cpp:375] [create] Created (PostInferEl9scrfd_2_5g/conv56 | Reorder - src_order: NHCW, src_shape: (20, 20, 8), dst_order: NHWC, dst_shape: (20, 20, 8))
[2025-06-21 12:38:47.260] [2626979] [HailoRT] [info] [queue_elements.cpp:800] [create] Created (UserBuffQEl9scrfd_2_5g/conv56 | timeout: 10s)
[2025-06-21 12:38:47.260] [2626979] [HailoRT] [info] [vstream.cpp:1114] [OutputVStreamImpl] Creating scrfd_2_5g/conv56...
[2025-06-21 12:38:47.260] [2626979] [HailoRT] [info] [vstream_builder.cpp:220] [create_outputs] Output pipeline 'scrfd_2_5g/conv56': HW >> (HwReadEl9scrfd_2_5g/conv56 | hw_frame_size: 3200) >> (PullQEl_hw_read9scrfd_2_5g/conv56) >> (PostInferEl9scrfd_2_5g/conv56 | Reorder - src_order: NHCW, src_shape: (20, 20, 8), dst_order: NHWC, dst_shape: (20, 20, 8)) >> (UserBuffQEl9scrfd_2_5g/conv56 | timeout: 10s)
[2025-06-21 12:38:47.260] [2626979] [HailoRT] [info] [edge_elements.cpp:287] [create] Created (HwReadEl13scrfd_2_5g/conv57 | hw_frame_size: 9600)
[2025-06-21 12:38:47.260] [2626979] [HailoRT] [info] [queue_elements.cpp:657] [create] Created (PullQEl_hw_read13scrfd_2_5g/conv57)
[2025-06-21 12:38:47.260] [2626979] [HailoRT] [info] [filter_elements.cpp:375] [create] Created (PostInferEl13scrfd_2_5g/conv57 | Reorder - src_order: FCR, src_shape: (20, 20, 24), dst_order: FCR, dst_shape: (20, 20, 20))
[2025-06-21 12:38:47.260] [2626979] [HailoRT] [info] [queue_elements.cpp:800] [create] Created (UserBuffQEl13scrfd_2_5g/conv57 | timeout: 10s)
[2025-06-21 12:38:47.260] [2626979] [HailoRT] [info] [vstream.cpp:1114] [OutputVStreamImpl] Creating scrfd_2_5g/conv57...
[2025-06-21 12:38:47.260] [2626979] [HailoRT] [info] [vstream_builder.cpp:220] [create_outputs] Output pipeline 'scrfd_2_5g/conv57': HW >> (HwReadEl13scrfd_2_5g/conv57 | hw_frame_size: 9600) >> (PullQEl_hw_read13scrfd_2_5g/conv57) >> (PostInferEl13scrfd_2_5g/conv57 | Reorder - src_order: FCR, src_shape: (20, 20, 24), dst_order: FCR, dst_shape: (20, 20, 20)) >> (UserBuffQEl13scrfd_2_5g/conv57 | timeout: 10s)
[2025-06-21 12:38:48.224] [2627017] [HailoRT] [info] [hef.cpp:1929] [get_network_group_and_network_name] No name was given. Addressing all networks of default network_group: arcface_mobilefacenet
[2025-06-21 12:38:48.225] [2627017] [HailoRT] [info] [internal_buffer_manager.cpp:204] [print_execution_results] Planned internal buffer memory: CMA memory 0, user memory 50688. memory to edge layer usage factor is 1
[2025-06-21 12:38:48.225] [2627017] [HailoRT] [info] [internal_buffer_manager.cpp:212] [print_execution_results] Default Internal buffer planner executed successfully
[2025-06-21 12:38:48.237] [2627017] [HailoRT] [info] [device_internal.cpp:57] [configure] Configuring HEF took 12.218247 milliseconds
[2025-06-21 12:38:48.239] [2627017] [HailoRT] [info] [vdevice.cpp:749] [configure] Configuring HEF on VDevice took 14.5741 milliseconds
[2025-06-21 12:38:48.239] [2627017] [HailoRT] [info] [edge_elements.cpp:52] [create] Created (HwWriteEl1arcface_mobilefacenet/input_layer1 | hw_frame_size: 37632)
[2025-06-21 12:38:48.239] [2627017] [HailoRT] [info] [vstream.cpp:754] [InputVStreamImpl] Creating arcface_mobilefacenet/input_layer1...
[2025-06-21 12:38:48.239] [2627017] [HailoRT] [info] [vstream_builder.cpp:102] [create_inputs] Input pipeline 'arcface_mobilefacenet/input_layer1': (HwWriteEl1arcface_mobilefacenet/input_layer1 | hw_frame_size: 37632) >> HW
[2025-06-21 12:38:48.239] [2627017] [HailoRT] [info] [edge_elements.cpp:287] [create] Created (HwReadEl0arcface_mobilefacenet/fc1 | hw_frame_size: 512)
[2025-06-21 12:38:48.239] [2627017] [HailoRT] [info] [queue_elements.cpp:800] [create] Created (UserBuffQEl0arcface_mobilefacenet/fc1 | timeout: 10s)
[2025-06-21 12:38:48.239] [2627017] [HailoRT] [info] [vstream.cpp:1114] [OutputVStreamImpl] Creating arcface_mobilefacenet/fc1...
[2025-06-21 12:38:48.239] [2627017] [HailoRT] [info] [vstream_builder.cpp:220] [create_outputs] Output pipeline 'arcface_mobilefacenet/fc1': HW >> (HwReadEl0arcface_mobilefacenet/fc1 | hw_frame_size: 512) >> (UserBuffQEl0arcface_mobilefacenet/fc1 | timeout: 10s)
[2025-06-21 12:40:57.057] [2646355] [HailoRT] [info] [vdevice.cpp:523] [create] Creating vdevice with params: device_count: 1, scheduling_algorithm: ROUND_ROBIN, multi_process_service: false
[2025-06-21 12:40:57.067] [2646355] [HailoRT] [info] [device.cpp:49] [Device] OS Version: Linux 6.12.20+rpt-rpi-2712 #1 SMP PREEMPT Debian 1:6.12.20-1+rpt1~bpo12+1 (2025-03-19) aarch64
[2025-06-21 12:40:57.069] [2646355] [HailoRT] [info] [control.cpp:108] [control__parse_identify_results] firmware_version is: 4.20.0
[2025-06-21 12:40:57.069] [2646355] [HailoRT] [info] [vdevice.cpp:651] [create] VDevice Infos: 0001:01:00.0
[2025-06-21 12:40:57.097] [2646408] [HailoRT] [info] [hef.cpp:1929] [get_network_group_and_network_name] No name was given. Addressing all networks of default network_group: scrfd_2_5g
[2025-06-21 12:40:57.106] [2646408] [HailoRT] [info] [internal_buffer_manager.cpp:204] [print_execution_results] Planned internal buffer memory: CMA memory 0, user memory 462336. memory to edge layer usage factor is 1
[2025-06-21 12:40:57.106] [2646408] [HailoRT] [info] [internal_buffer_manager.cpp:212] [print_execution_results] Default Internal buffer planner executed successfully
[2025-06-21 12:40:57.123] [2646408] [HailoRT] [info] [device_internal.cpp:57] [configure] Configuring HEF took 25.014901 milliseconds
[2025-06-21 12:40:57.135] [2646408] [HailoRT] [info] [vdevice.cpp:749] [configure] Configuring HEF on VDevice took 37.852333 milliseconds
[2025-06-21 12:40:57.136] [2646408] [HailoRT] [info] [edge_elements.cpp:52] [create] Created (HwWriteEl3scrfd_2_5g/input_layer1 | hw_frame_size: 1228800)
[2025-06-21 12:40:57.136] [2646408] [HailoRT] [info] [vstream.cpp:754] [InputVStreamImpl] Creating scrfd_2_5g/input_layer1...
[2025-06-21 12:40:57.136] [2646408] [HailoRT] [info] [vstream_builder.cpp:102] [create_inputs] Input pipeline 'scrfd_2_5g/input_layer1': (HwWriteEl3scrfd_2_5g/input_layer1 | hw_frame_size: 1228800) >> HW
[2025-06-21 12:40:57.136] [2646408] [HailoRT] [info] [edge_elements.cpp:287] [create] Created (HwReadEl3scrfd_2_5g/conv42 | hw_frame_size: 12800)
[2025-06-21 12:40:57.136] [2646408] [HailoRT] [info] [queue_elements.cpp:800] [create] Created (UserBuffQEl3scrfd_2_5g/conv42 | timeout: 10s)
[2025-06-21 12:40:57.136] [2646408] [HailoRT] [info] [vstream.cpp:1114] [OutputVStreamImpl] Creating scrfd_2_5g/conv42...
[2025-06-21 12:40:57.136] [2646408] [HailoRT] [info] [vstream_builder.cpp:220] [create_outputs] Output pipeline 'scrfd_2_5g/conv42': HW >> (HwReadEl3scrfd_2_5g/conv42 | hw_frame_size: 12800) >> (UserBuffQEl3scrfd_2_5g/conv42 | timeout: 10s)
[2025-06-21 12:40:57.136] [2646408] [HailoRT] [info] [edge_elements.cpp:287] [create] Created (HwReadEl0scrfd_2_5g/conv43 | hw_frame_size: 51200)
[2025-06-21 12:40:57.136] [2646408] [HailoRT] [info] [queue_elements.cpp:800] [create] Created (UserBuffQEl0scrfd_2_5g/conv43 | timeout: 10s)
[2025-06-21 12:40:57.136] [2646408] [HailoRT] [info] [vstream.cpp:1114] [OutputVStreamImpl] Creating scrfd_2_5g/conv43...
[2025-06-21 12:40:57.136] [2646408] [HailoRT] [info] [vstream_builder.cpp:220] [create_outputs] Output pipeline 'scrfd_2_5g/conv43': HW >> (HwReadEl0scrfd_2_5g/conv43 | hw_frame_size: 51200) >> (UserBuffQEl0scrfd_2_5g/conv43 | timeout: 10s)
[2025-06-21 12:40:57.136] [2646408] [HailoRT] [info] [edge_elements.cpp:287] [create] Created (HwReadEl2scrfd_2_5g/conv44 | hw_frame_size: 153600)
[2025-06-21 12:40:57.136] [2646408] [HailoRT] [info] [queue_elements.cpp:657] [create] Created (PullQEl_hw_read2scrfd_2_5g/conv44)
[2025-06-21 12:40:57.136] [2646408] [HailoRT] [info] [filter_elements.cpp:375] [create] Created (PostInferEl2scrfd_2_5g/conv44 | Reorder - src_order: FCR, src_shape: (80, 80, 24), dst_order: FCR, dst_shape: (80, 80, 20))
[2025-06-21 12:40:57.136] [2646408] [HailoRT] [info] [queue_elements.cpp:800] [create] Created (UserBuffQEl2scrfd_2_5g/conv44 | timeout: 10s)
[2025-06-21 12:40:57.137] [2646408] [HailoRT] [info] [vstream.cpp:1114] [OutputVStreamImpl] Creating scrfd_2_5g/conv44...
[2025-06-21 12:40:57.137] [2646408] [HailoRT] [info] [vstream_builder.cpp:220] [create_outputs] Output pipeline 'scrfd_2_5g/conv44': HW >> (HwReadEl2scrfd_2_5g/conv44 | hw_frame_size: 153600) >> (PullQEl_hw_read2scrfd_2_5g/conv44) >> (PostInferEl2scrfd_2_5g/conv44 | Reorder - src_order: FCR, src_shape: (80, 80, 24), dst_order: FCR, dst_shape: (80, 80, 20)) >> (UserBuffQEl2scrfd_2_5g/conv44 | timeout: 10s)
[2025-06-21 12:40:57.137] [2646408] [HailoRT] [info] [edge_elements.cpp:287] [create] Created (HwReadEl14scrfd_2_5g/conv49 | hw_frame_size: 3200)
[2025-06-21 12:40:57.137] [2646408] [HailoRT] [info] [queue_elements.cpp:800] [create] Created (UserBuffQEl14scrfd_2_5g/conv49 | timeout: 10s)
[2025-06-21 12:40:57.137] [2646408] [HailoRT] [info] [vstream.cpp:1114] [OutputVStreamImpl] Creating scrfd_2_5g/conv49...
[2025-06-21 12:40:57.137] [2646408] [HailoRT] [info] [vstream_builder.cpp:220] [create_outputs] Output pipeline 'scrfd_2_5g/conv49': HW >> (HwReadEl14scrfd_2_5g/conv49 | hw_frame_size: 3200) >> (UserBuffQEl14scrfd_2_5g/conv49 | timeout: 10s)
[2025-06-21 12:40:57.137] [2646408] [HailoRT] [info] [edge_elements.cpp:287] [create] Created (HwReadEl12scrfd_2_5g/conv50 | hw_frame_size: 12800)
[2025-06-21 12:40:57.137] [2646408] [HailoRT] [info] [queue_elements.cpp:800] [create] Created (UserBuffQEl12scrfd_2_5g/conv50 | timeout: 10s)
[2025-06-21 12:40:57.137] [2646408] [HailoRT] [info] [vstream.cpp:1114] [OutputVStreamImpl] Creating scrfd_2_5g/conv50...
[2025-06-21 12:40:57.137] [2646408] [HailoRT] [info] [vstream_builder.cpp:220] [create_outputs] Output pipeline 'scrfd_2_5g/conv50': HW >> (HwReadEl12scrfd_2_5g/conv50 | hw_frame_size: 12800) >> (UserBuffQEl12scrfd_2_5g/conv50 | timeout: 10s)
[2025-06-21 12:40:57.137] [2646408] [HailoRT] [info] [edge_elements.cpp:287] [create] Created (HwReadEl1scrfd_2_5g/conv51 | hw_frame_size: 38400)
[2025-06-21 12:40:57.138] [2646408] [HailoRT] [info] [queue_elements.cpp:657] [create] Created (PullQEl_hw_read1scrfd_2_5g/conv51)
[2025-06-21 12:40:57.138] [2646408] [HailoRT] [info] [filter_elements.cpp:375] [create] Created (PostInferEl1scrfd_2_5g/conv51 | Reorder - src_order: FCR, src_shape: (40, 40, 24), dst_order: FCR, dst_shape: (40, 40, 20))
[2025-06-21 12:40:57.138] [2646408] [HailoRT] [info] [queue_elements.cpp:800] [create] Created (UserBuffQEl1scrfd_2_5g/conv51 | timeout: 10s)
[2025-06-21 12:40:57.138] [2646408] [HailoRT] [info] [vstream.cpp:1114] [OutputVStreamImpl] Creating scrfd_2_5g/conv51...
[2025-06-21 12:40:57.138] [2646408] [HailoRT] [info] [vstream_builder.cpp:220] [create_outputs] Output pipeline 'scrfd_2_5g/conv51': HW >> (HwReadEl1scrfd_2_5g/conv51 | hw_frame_size: 38400) >> (PullQEl_hw_read1scrfd_2_5g/conv51) >> (PostInferEl1scrfd_2_5g/conv51 | Reorder - src_order: FCR, src_shape: (40, 40, 24), dst_order: FCR, dst_shape: (40, 40, 20)) >> (UserBuffQEl1scrfd_2_5g/conv51 | timeout: 10s)
[2025-06-21 12:40:57.138] [2646408] [HailoRT] [info] [edge_elements.cpp:287] [create] Created (HwReadEl10scrfd_2_5g/conv55 | hw_frame_size: 800)
[2025-06-21 12:40:57.138] [2646408] [HailoRT] [info] [queue_elements.cpp:657] [create] Created (PullQEl_hw_read10scrfd_2_5g/conv55)
[2025-06-21 12:40:57.138] [2646408] [HailoRT] [info] [filter_elements.cpp:375] [create] Created (PostInferEl10scrfd_2_5g/conv55 | Reorder - src_order: NHCW, src_shape: (20, 20, 2), dst_order: NHWC, dst_shape: (20, 20, 2))
[2025-06-21 12:40:57.138] [2646408] [HailoRT] [info] [queue_elements.cpp:800] [create] Created (UserBuffQEl10scrfd_2_5g/conv55 | timeout: 10s)
[2025-06-21 12:40:57.138] [2646408] [HailoRT] [info] [vstream.cpp:1114] [OutputVStreamImpl] Creating scrfd_2_5g/conv55...
[2025-06-21 12:40:57.138] [2646408] [HailoRT] [info] [vstream_builder.cpp:220] [create_outputs] Output pipeline 'scrfd_2_5g/conv55': HW >> (HwReadEl10scrfd_2_5g/conv55 | hw_frame_size: 800) >> (PullQEl_hw_read10scrfd_2_5g/conv55) >> (PostInferEl10scrfd_2_5g/conv55 | Reorder - src_order: NHCW, src_shape: (20, 20, 2), dst_order: NHWC, dst_shape: (20, 20, 2)) >> (UserBuffQEl10scrfd_2_5g/conv55 | timeout: 10s)
[2025-06-21 12:40:57.138] [2646408] [HailoRT] [info] [edge_elements.cpp:287] [create] Created (HwReadEl9scrfd_2_5g/conv56 | hw_frame_size: 3200)
[2025-06-21 12:40:57.138] [2646408] [HailoRT] [info] [queue_elements.cpp:657] [create] Created (PullQEl_hw_read9scrfd_2_5g/conv56)
[2025-06-21 12:40:57.138] [2646408] [HailoRT] [info] [filter_elements.cpp:375] [create] Created (PostInferEl9scrfd_2_5g/conv56 | Reorder - src_order: NHCW, src_shape: (20, 20, 8), dst_order: NHWC, dst_shape: (20, 20, 8))
[2025-06-21 12:40:57.138] [2646408] [HailoRT] [info] [queue_elements.cpp:800] [create] Created (UserBuffQEl9scrfd_2_5g/conv56 | timeout: 10s)
[2025-06-21 12:40:57.138] [2646408] [HailoRT] [info] [vstream.cpp:1114] [OutputVStreamImpl] Creating scrfd_2_5g/conv56...
[2025-06-21 12:40:57.138] [2646408] [HailoRT] [info] [vstream_builder.cpp:220] [create_outputs] Output pipeline 'scrfd_2_5g/conv56': HW >> (HwReadEl9scrfd_2_5g/conv56 | hw_frame_size: 3200) >> (PullQEl_hw_read9scrfd_2_5g/conv56) >> (PostInferEl9scrfd_2_5g/conv56 | Reorder - src_order: NHCW, src_shape: (20, 20, 8), dst_order: NHWC, dst_shape: (20, 20, 8)) >> (UserBuffQEl9scrfd_2_5g/conv56 | timeout: 10s)
[2025-06-21 12:40:57.139] [2646408] [HailoRT] [info] [edge_elements.cpp:287] [create] Created (HwReadEl13scrfd_2_5g/conv57 | hw_frame_size: 9600)
[2025-06-21 12:40:57.139] [2646408] [HailoRT] [info] [queue_elements.cpp:657] [create] Created (PullQEl_hw_read13scrfd_2_5g/conv57)
[2025-06-21 12:40:57.139] [2646408] [HailoRT] [info] [filter_elements.cpp:375] [create] Created (PostInferEl13scrfd_2_5g/conv57 | Reorder - src_order: FCR, src_shape: (20, 20, 24), dst_order: FCR, dst_shape: (20, 20, 20))
[2025-06-21 12:40:57.139] [2646408] [HailoRT] [info] [queue_elements.cpp:800] [create] Created (UserBuffQEl13scrfd_2_5g/conv57 | timeout: 10s)
[2025-06-21 12:40:57.139] [2646408] [HailoRT] [info] [vstream.cpp:1114] [OutputVStreamImpl] Creating scrfd_2_5g/conv57...
[2025-06-21 12:40:57.139] [2646408] [HailoRT] [info] [vstream_builder.cpp:220] [create_outputs] Output pipeline 'scrfd_2_5g/conv57': HW >> (HwReadEl13scrfd_2_5g/conv57 | hw_frame_size: 9600) >> (PullQEl_hw_read13scrfd_2_5g/conv57) >> (PostInferEl13scrfd_2_5g/conv57 | Reorder - src_order: FCR, src_shape: (20, 20, 24), dst_order: FCR, dst_shape: (20, 20, 20)) >> (UserBuffQEl13scrfd_2_5g/conv57 | timeout: 10s)
[2025-06-21 12:40:58.096] [2646446] [HailoRT] [info] [hef.cpp:1929] [get_network_group_and_network_name] No name was given. Addressing all networks of default network_group: arcface_mobilefacenet
[2025-06-21 12:40:58.097] [2646446] [HailoRT] [info] [internal_buffer_manager.cpp:204] [print_execution_results] Planned internal buffer memory: CMA memory 0, user memory 50688. memory to edge layer usage factor is 1
[2025-06-21 12:40:58.097] [2646446] [HailoRT] [info] [internal_buffer_manager.cpp:212] [print_execution_results] Default Internal buffer planner executed successfully
[2025-06-21 12:40:58.110] [2646446] [HailoRT] [info] [device_internal.cpp:57] [configure] Configuring HEF took 13.401099 milliseconds
[2025-06-21 12:40:58.115] [2646446] [HailoRT] [info] [vdevice.cpp:749] [configure] Configuring HEF on VDevice took 19.390232 milliseconds
[2025-06-21 12:40:58.116] [2646446] [HailoRT] [info] [edge_elements.cpp:52] [create] Created (HwWriteEl1arcface_mobilefacenet/input_layer1 | hw_frame_size: 37632)
[2025-06-21 12:40:58.116] [2646446] [HailoRT] [info] [vstream.cpp:754] [InputVStreamImpl] Creating arcface_mobilefacenet/input_layer1...
[2025-06-21 12:40:58.116] [2646446] [HailoRT] [info] [vstream_builder.cpp:102] [create_inputs] Input pipeline 'arcface_mobilefacenet/input_layer1': (HwWriteEl1arcface_mobilefacenet/input_layer1 | hw_frame_size: 37632) >> HW
[2025-06-21 12:40:58.116] [2646446] [HailoRT] [info] [edge_elements.cpp:287] [create] Created (HwReadEl0arcface_mobilefacenet/fc1 | hw_frame_size: 512)
[2025-06-21 12:40:58.117] [2646446] [HailoRT] [info] [queue_elements.cpp:800] [create] Created (UserBuffQEl0arcface_mobilefacenet/fc1 | timeout: 10s)
[2025-06-21 12:40:58.117] [2646446] [HailoRT] [info] [vstream.cpp:1114] [OutputVStreamImpl] Creating arcface_mobilefacenet/fc1...
[2025-06-21 12:40:58.117] [2646446] [HailoRT] [info] [vstream_builder.cpp:220] [create_outputs] Output pipeline 'arcface_mobilefacenet/fc1': HW >> (HwReadEl0arcface_mobilefacenet/fc1 | hw_frame_size: 512) >> (UserBuffQEl0arcface_mobilefacenet/fc1 | timeout: 10s)
[2025-06-21 13:14:46.491] [2698753] [HailoRT] [info] [vdevice.cpp:523] [create] Creating vdevice with params: device_count: 1, scheduling_algorithm: ROUND_ROBIN, multi_process_service: false
[2025-06-21 13:14:46.503] [2698753] [HailoRT] [info] [device.cpp:49] [Device] OS Version: Linux 6.12.20+rpt-rpi-2712 #1 SMP PREEMPT Debian 1:6.12.20-1+rpt1~bpo12+1 (2025-03-19) aarch64
[2025-06-21 13:14:46.505] [2698753] [HailoRT] [info] [control.cpp:108] [control__parse_identify_results] firmware_version is: 4.20.0
[2025-06-21 13:14:46.505] [2698753] [HailoRT] [info] [vdevice.cpp:651] [create] VDevice Infos: 0001:01:00.0
[2025-06-21 13:14:46.533] [2698806] [HailoRT] [info] [hef.cpp:1929] [get_network_group_and_network_name] No name was given. Addressing all networks of default network_group: scrfd_2_5g
[2025-06-21 13:14:46.541] [2698806] [HailoRT] [info] [internal_buffer_manager.cpp:204] [print_execution_results] Planned internal buffer memory: CMA memory 0, user memory 462336. memory to edge layer usage factor is 1
[2025-06-21 13:14:46.541] [2698806] [HailoRT] [info] [internal_buffer_manager.cpp:212] [print_execution_results] Default Internal buffer planner executed successfully
[2025-06-21 13:14:46.566] [2698806] [HailoRT] [info] [device_internal.cpp:57] [configure] Configuring HEF took 32.381827 milliseconds
[2025-06-21 13:14:46.577] [2698806] [HailoRT] [info] [vdevice.cpp:749] [configure] Configuring HEF on VDevice took 44.178302 milliseconds
[2025-06-21 13:14:46.578] [2698806] [HailoRT] [info] [edge_elements.cpp:52] [create] Created (HwWriteEl3scrfd_2_5g/input_layer1 | hw_frame_size: 1228800)
[2025-06-21 13:14:46.578] [2698806] [HailoRT] [info] [vstream.cpp:754] [InputVStreamImpl] Creating scrfd_2_5g/input_layer1...
[2025-06-21 13:14:46.578] [2698806] [HailoRT] [info] [vstream_builder.cpp:102] [create_inputs] Input pipeline 'scrfd_2_5g/input_layer1': (HwWriteEl3scrfd_2_5g/input_layer1 | hw_frame_size: 1228800) >> HW
[2025-06-21 13:14:46.578] [2698806] [HailoRT] [info] [edge_elements.cpp:287] [create] Created (HwReadEl3scrfd_2_5g/conv42 | hw_frame_size: 12800)
[2025-06-21 13:14:46.578] [2698806] [HailoRT] [info] [queue_elements.cpp:800] [create] Created (UserBuffQEl3scrfd_2_5g/conv42 | timeout: 10s)
[2025-06-21 13:14:46.578] [2698806] [HailoRT] [info] [vstream.cpp:1114] [OutputVStreamImpl] Creating scrfd_2_5g/conv42...
[2025-06-21 13:14:46.578] [2698806] [HailoRT] [info] [vstream_builder.cpp:220] [create_outputs] Output pipeline 'scrfd_2_5g/conv42': HW >> (HwReadEl3scrfd_2_5g/conv42 | hw_frame_size: 12800) >> (UserBuffQEl3scrfd_2_5g/conv42 | timeout: 10s)
[2025-06-21 13:14:46.578] [2698806] [HailoRT] [info] [edge_elements.cpp:287] [create] Created (HwReadEl0scrfd_2_5g/conv43 | hw_frame_size: 51200)
[2025-06-21 13:14:46.580] [2698806] [HailoRT] [info] [queue_elements.cpp:800] [create] Created (UserBuffQEl0scrfd_2_5g/conv43 | timeout: 10s)
[2025-06-21 13:14:46.580] [2698806] [HailoRT] [info] [vstream.cpp:1114] [OutputVStreamImpl] Creating scrfd_2_5g/conv43...
[2025-06-21 13:14:46.580] [2698806] [HailoRT] [info] [vstream_builder.cpp:220] [create_outputs] Output pipeline 'scrfd_2_5g/conv43': HW >> (HwReadEl0scrfd_2_5g/conv43 | hw_frame_size: 51200) >> (UserBuffQEl0scrfd_2_5g/conv43 | timeout: 10s)
[2025-06-21 13:14:46.580] [2698806] [HailoRT] [info] [edge_elements.cpp:287] [create] Created (HwReadEl2scrfd_2_5g/conv44 | hw_frame_size: 153600)
[2025-06-21 13:14:46.580] [2698806] [HailoRT] [info] [queue_elements.cpp:657] [create] Created (PullQEl_hw_read2scrfd_2_5g/conv44)
[2025-06-21 13:14:46.580] [2698806] [HailoRT] [info] [filter_elements.cpp:375] [create] Created (PostInferEl2scrfd_2_5g/conv44 | Reorder - src_order: FCR, src_shape: (80, 80, 24), dst_order: FCR, dst_shape: (80, 80, 20))
[2025-06-21 13:14:46.580] [2698806] [HailoRT] [info] [queue_elements.cpp:800] [create] Created (UserBuffQEl2scrfd_2_5g/conv44 | timeout: 10s)
[2025-06-21 13:14:46.581] [2698806] [HailoRT] [info] [vstream.cpp:1114] [OutputVStreamImpl] Creating scrfd_2_5g/conv44...
[2025-06-21 13:14:46.581] [2698806] [HailoRT] [info] [vstream_builder.cpp:220] [create_outputs] Output pipeline 'scrfd_2_5g/conv44': HW >> (HwReadEl2scrfd_2_5g/conv44 | hw_frame_size: 153600) >> (PullQEl_hw_read2scrfd_2_5g/conv44) >> (PostInferEl2scrfd_2_5g/conv44 | Reorder - src_order: FCR, src_shape: (80, 80, 24), dst_order: FCR, dst_shape: (80, 80, 20)) >> (UserBuffQEl2scrfd_2_5g/conv44 | timeout: 10s)
[2025-06-21 13:14:46.582] [2698806] [HailoRT] [info] [edge_elements.cpp:287] [create] Created (HwReadEl14scrfd_2_5g/conv49 | hw_frame_size: 3200)
[2025-06-21 13:14:46.582] [2698806] [HailoRT] [info] [queue_elements.cpp:800] [create] Created (UserBuffQEl14scrfd_2_5g/conv49 | timeout: 10s)
[2025-06-21 13:14:46.582] [2698806] [HailoRT] [info] [vstream.cpp:1114] [OutputVStreamImpl] Creating scrfd_2_5g/conv49...
[2025-06-21 13:14:46.582] [2698806] [HailoRT] [info] [vstream_builder.cpp:220] [create_outputs] Output pipeline 'scrfd_2_5g/conv49': HW >> (HwReadEl14scrfd_2_5g/conv49 | hw_frame_size: 3200) >> (UserBuffQEl14scrfd_2_5g/conv49 | timeout: 10s)
[2025-06-21 13:14:46.582] [2698806] [HailoRT] [info] [edge_elements.cpp:287] [create] Created (HwReadEl12scrfd_2_5g/conv50 | hw_frame_size: 12800)
[2025-06-21 13:14:46.582] [2698806] [HailoRT] [info] [queue_elements.cpp:800] [create] Created (UserBuffQEl12scrfd_2_5g/conv50 | timeout: 10s)
[2025-06-21 13:14:46.582] [2698806] [HailoRT] [info] [vstream.cpp:1114] [OutputVStreamImpl] Creating scrfd_2_5g/conv50...
[2025-06-21 13:14:46.582] [2698806] [HailoRT] [info] [vstream_builder.cpp:220] [create_outputs] Output pipeline 'scrfd_2_5g/conv50': HW >> (HwReadEl12scrfd_2_5g/conv50 | hw_frame_size: 12800) >> (UserBuffQEl12scrfd_2_5g/conv50 | timeout: 10s)
[2025-06-21 13:14:46.582] [2698806] [HailoRT] [info] [edge_elements.cpp:287] [create] Created (HwReadEl1scrfd_2_5g/conv51 | hw_frame_size: 38400)
[2025-06-21 13:14:46.582] [2698806] [HailoRT] [info] [queue_elements.cpp:657] [create] Created (PullQEl_hw_read1scrfd_2_5g/conv51)
[2025-06-21 13:14:46.582] [2698806] [HailoRT] [info] [filter_elements.cpp:375] [create] Created (PostInferEl1scrfd_2_5g/conv51 | Reorder - src_order: FCR, src_shape: (40, 40, 24), dst_order: FCR, dst_shape: (40, 40, 20))
[2025-06-21 13:14:46.582] [2698806] [HailoRT] [info] [queue_elements.cpp:800] [create] Created (UserBuffQEl1scrfd_2_5g/conv51 | timeout: 10s)
[2025-06-21 13:14:46.583] [2698806] [HailoRT] [info] [vstream.cpp:1114] [OutputVStreamImpl] Creating scrfd_2_5g/conv51...
[2025-06-21 13:14:46.583] [2698806] [HailoRT] [info] [vstream_builder.cpp:220] [create_outputs] Output pipeline 'scrfd_2_5g/conv51': HW >> (HwReadEl1scrfd_2_5g/conv51 | hw_frame_size: 38400) >> (PullQEl_hw_read1scrfd_2_5g/conv51) >> (PostInferEl1scrfd_2_5g/conv51 | Reorder - src_order: FCR, src_shape: (40, 40, 24), dst_order: FCR, dst_shape: (40, 40, 20)) >> (UserBuffQEl1scrfd_2_5g/conv51 | timeout: 10s)
[2025-06-21 13:14:46.583] [2698806] [HailoRT] [info] [edge_elements.cpp:287] [create] Created (HwReadEl10scrfd_2_5g/conv55 | hw_frame_size: 800)
[2025-06-21 13:14:46.583] [2698806] [HailoRT] [info] [queue_elements.cpp:657] [create] Created (PullQEl_hw_read10scrfd_2_5g/conv55)
[2025-06-21 13:14:46.583] [2698806] [HailoRT] [info] [filter_elements.cpp:375] [create] Created (PostInferEl10scrfd_2_5g/conv55 | Reorder - src_order: NHCW, src_shape: (20, 20, 2), dst_order: NHWC, dst_shape: (20, 20, 2))
[2025-06-21 13:14:46.583] [2698806] [HailoRT] [info] [queue_elements.cpp:800] [create] Created (UserBuffQEl10scrfd_2_5g/conv55 | timeout: 10s)
[2025-06-21 13:14:46.583] [2698806] [HailoRT] [info] [vstream.cpp:1114] [OutputVStreamImpl] Creating scrfd_2_5g/conv55...
[2025-06-21 13:14:46.583] [2698806] [HailoRT] [info] [vstream_builder.cpp:220] [create_outputs] Output pipeline 'scrfd_2_5g/conv55': HW >> (HwReadEl10scrfd_2_5g/conv55 | hw_frame_size: 800) >> (PullQEl_hw_read10scrfd_2_5g/conv55) >> (PostInferEl10scrfd_2_5g/conv55 | Reorder - src_order: NHCW, src_shape: (20, 20, 2), dst_order: NHWC, dst_shape: (20, 20, 2)) >> (UserBuffQEl10scrfd_2_5g/conv55 | timeout: 10s)
[2025-06-21 13:14:46.583] [2698806] [HailoRT] [info] [edge_elements.cpp:287] [create] Created (HwReadEl9scrfd_2_5g/conv56 | hw_frame_size: 3200)
[2025-06-21 13:14:46.583] [2698806] [HailoRT] [info] [queue_elements.cpp:657] [create] Created (PullQEl_hw_read9scrfd_2_5g/conv56)
[2025-06-21 13:14:46.583] [2698806] [HailoRT] [info] [filter_elements.cpp:375] [create] Created (PostInferEl9scrfd_2_5g/conv56 | Reorder - src_order: NHCW, src_shape: (20, 20, 8), dst_order: NHWC, dst_shape: (20, 20, 8))
[2025-06-21 13:14:46.583] [2698806] [HailoRT] [info] [queue_elements.cpp:800] [create] Created (UserBuffQEl9scrfd_2_5g/conv56 | timeout: 10s)
[2025-06-21 13:14:46.583] [2698806] [HailoRT] [info] [vstream.cpp:1114] [OutputVStreamImpl] Creating scrfd_2_5g/conv56...
[2025-06-21 13:14:46.583] [2698806] [HailoRT] [info] [vstream_builder.cpp:220] [create_outputs] Output pipeline 'scrfd_2_5g/conv56': HW >> (HwReadEl9scrfd_2_5g/conv56 | hw_frame_size: 3200) >> (PullQEl_hw_read9scrfd_2_5g/conv56) >> (PostInferEl9scrfd_2_5g/conv56 | Reorder - src_order: NHCW, src_shape: (20, 20, 8), dst_order: NHWC, dst_shape: (20, 20, 8)) >> (UserBuffQEl9scrfd_2_5g/conv56 | timeout: 10s)
[2025-06-21 13:14:46.583] [2698806] [HailoRT] [info] [edge_elements.cpp:287] [create] Created (HwReadEl13scrfd_2_5g/conv57 | hw_frame_size: 9600)
[2025-06-21 13:14:46.583] [2698806] [HailoRT] [info] [queue_elements.cpp:657] [create] Created (PullQEl_hw_read13scrfd_2_5g/conv57)
[2025-06-21 13:14:46.583] [2698806] [HailoRT] [info] [filter_elements.cpp:375] [create] Created (PostInferEl13scrfd_2_5g/conv57 | Reorder - src_order: FCR, src_shape: (20, 20, 24), dst_order: FCR, dst_shape: (20, 20, 20))
[2025-06-21 13:14:46.583] [2698806] [HailoRT] [info] [queue_elements.cpp:800] [create] Created (UserBuffQEl13scrfd_2_5g/conv57 | timeout: 10s)
[2025-06-21 13:14:46.583] [2698806] [HailoRT] [info] [vstream.cpp:1114] [OutputVStreamImpl] Creating scrfd_2_5g/conv57...
[2025-06-21 13:14:46.584] [2698806] [HailoRT] [info] [vstream_builder.cpp:220] [create_outputs] Output pipeline 'scrfd_2_5g/conv57': HW >> (HwReadEl13scrfd_2_5g/conv57 | hw_frame_size: 9600) >> (PullQEl_hw_read13scrfd_2_5g/conv57) >> (PostInferEl13scrfd_2_5g/conv57 | Reorder - src_order: FCR, src_shape: (20, 20, 24), dst_order: FCR, dst_shape: (20, 20, 20)) >> (UserBuffQEl13scrfd_2_5g/conv57 | timeout: 10s)
[2025-06-21 13:14:47.532] [2698845] [HailoRT] [info] [hef.cpp:1929] [get_network_group_and_network_name] No name was given. Addressing all networks of default network_group: arcface_mobilefacenet
[2025-06-21 13:14:47.534] [2698845] [HailoRT] [info] [internal_buffer_manager.cpp:204] [print_execution_results] Planned internal buffer memory: CMA memory 0, user memory 50688. memory to edge layer usage factor is 1
[2025-06-21 13:14:47.534] [2698845] [HailoRT] [info] [internal_buffer_manager.cpp:212] [print_execution_results] Default Internal buffer planner executed successfully
[2025-06-21 13:14:47.547] [2698845] [HailoRT] [info] [device_internal.cpp:57] [configure] Configuring HEF took 14.744625 milliseconds
[2025-06-21 13:14:47.551] [2698845] [HailoRT] [info] [vdevice.cpp:749] [configure] Configuring HEF on VDevice took 19.00424 milliseconds
[2025-06-21 13:14:47.552] [2698845] [HailoRT] [info] [edge_elements.cpp:52] [create] Created (HwWriteEl1arcface_mobilefacenet/input_layer1 | hw_frame_size: 37632)
[2025-06-21 13:14:47.552] [2698845] [HailoRT] [info] [vstream.cpp:754] [InputVStreamImpl] Creating arcface_mobilefacenet/input_layer1...
[2025-06-21 13:14:47.552] [2698845] [HailoRT] [info] [vstream_builder.cpp:102] [create_inputs] Input pipeline 'arcface_mobilefacenet/input_layer1': (HwWriteEl1arcface_mobilefacenet/input_layer1 | hw_frame_size: 37632) >> HW
[2025-06-21 13:14:47.553] [2698845] [HailoRT] [info] [edge_elements.cpp:287] [create] Created (HwReadEl0arcface_mobilefacenet/fc1 | hw_frame_size: 512)
[2025-06-21 13:14:47.553] [2698845] [HailoRT] [info] [queue_elements.cpp:800] [create] Created (UserBuffQEl0arcface_mobilefacenet/fc1 | timeout: 10s)
[2025-06-21 13:14:47.553] [2698845] [HailoRT] [info] [vstream.cpp:1114] [OutputVStreamImpl] Creating arcface_mobilefacenet/fc1...
[2025-06-21 13:14:47.553] [2698845] [HailoRT] [info] [vstream_builder.cpp:220] [create_outputs] Output pipeline 'arcface_mobilefacenet/fc1': HW >> (HwReadEl0arcface_mobilefacenet/fc1 | hw_frame_size: 512) >> (UserBuffQEl0arcface_mobilefacenet/fc1 | timeout: 10s)
[2025-06-21 13:18:49.048] [2727256] [HailoRT] [info] [vdevice.cpp:523] [create] Creating vdevice with params: device_count: 1, scheduling_algorithm: ROUND_ROBIN, multi_process_service: false
[2025-06-21 13:18:49.059] [2727256] [HailoRT] [info] [device.cpp:49] [Device] OS Version: Linux 6.12.20+rpt-rpi-2712 #1 SMP PREEMPT Debian 1:6.12.20-1+rpt1~bpo12+1 (2025-03-19) aarch64
[2025-06-21 13:18:49.061] [2727256] [HailoRT] [info] [control.cpp:108] [control__parse_identify_results] firmware_version is: 4.20.0
[2025-06-21 13:18:49.061] [2727256] [HailoRT] [info] [vdevice.cpp:651] [create] VDevice Infos: 0001:01:00.0
[2025-06-21 13:18:49.090] [2727313] [HailoRT] [info] [hef.cpp:1929] [get_network_group_and_network_name] No name was given. Addressing all networks of default network_group: scrfd_2_5g
[2025-06-21 13:18:49.100] [2727313] [HailoRT] [info] [internal_buffer_manager.cpp:204] [print_execution_results] Planned internal buffer memory: CMA memory 0, user memory 462336. memory to edge layer usage factor is 1
[2025-06-21 13:18:49.100] [2727313] [HailoRT] [info] [internal_buffer_manager.cpp:212] [print_execution_results] Default Internal buffer planner executed successfully
[2025-06-21 13:18:49.115] [2727313] [HailoRT] [info] [device_internal.cpp:57] [configure] Configuring HEF took 24.593986 milliseconds
[2025-06-21 13:18:49.125] [2727313] [HailoRT] [info] [vdevice.cpp:749] [configure] Configuring HEF on VDevice took 34.729754 milliseconds
[2025-06-21 13:18:49.125] [2727313] [HailoRT] [info] [edge_elements.cpp:52] [create] Created (HwWriteEl3scrfd_2_5g/input_layer1 | hw_frame_size: 1228800)
[2025-06-21 13:18:49.125] [2727313] [HailoRT] [info] [vstream.cpp:754] [InputVStreamImpl] Creating scrfd_2_5g/input_layer1...
[2025-06-21 13:18:49.125] [2727313] [HailoRT] [info] [vstream_builder.cpp:102] [create_inputs] Input pipeline 'scrfd_2_5g/input_layer1': (HwWriteEl3scrfd_2_5g/input_layer1 | hw_frame_size: 1228800) >> HW
[2025-06-21 13:18:49.125] [2727313] [HailoRT] [info] [edge_elements.cpp:287] [create] Created (HwReadEl3scrfd_2_5g/conv42 | hw_frame_size: 12800)
[2025-06-21 13:18:49.126] [2727313] [HailoRT] [info] [queue_elements.cpp:800] [create] Created (UserBuffQEl3scrfd_2_5g/conv42 | timeout: 10s)
[2025-06-21 13:18:49.126] [2727313] [HailoRT] [info] [vstream.cpp:1114] [OutputVStreamImpl] Creating scrfd_2_5g/conv42...
[2025-06-21 13:18:49.126] [2727313] [HailoRT] [info] [vstream_builder.cpp:220] [create_outputs] Output pipeline 'scrfd_2_5g/conv42': HW >> (HwReadEl3scrfd_2_5g/conv42 | hw_frame_size: 12800) >> (UserBuffQEl3scrfd_2_5g/conv42 | timeout: 10s)
[2025-06-21 13:18:49.126] [2727313] [HailoRT] [info] [edge_elements.cpp:287] [create] Created (HwReadEl0scrfd_2_5g/conv43 | hw_frame_size: 51200)
[2025-06-21 13:18:49.126] [2727313] [HailoRT] [info] [queue_elements.cpp:800] [create] Created (UserBuffQEl0scrfd_2_5g/conv43 | timeout: 10s)
[2025-06-21 13:18:49.126] [2727313] [HailoRT] [info] [vstream.cpp:1114] [OutputVStreamImpl] Creating scrfd_2_5g/conv43...
[2025-06-21 13:18:49.126] [2727313] [HailoRT] [info] [vstream_builder.cpp:220] [create_outputs] Output pipeline 'scrfd_2_5g/conv43': HW >> (HwReadEl0scrfd_2_5g/conv43 | hw_frame_size: 51200) >> (UserBuffQEl0scrfd_2_5g/conv43 | timeout: 10s)
[2025-06-21 13:18:49.126] [2727313] [HailoRT] [info] [edge_elements.cpp:287] [create] Created (HwReadEl2scrfd_2_5g/conv44 | hw_frame_size: 153600)
[2025-06-21 13:18:49.126] [2727313] [HailoRT] [info] [queue_elements.cpp:657] [create] Created (PullQEl_hw_read2scrfd_2_5g/conv44)
[2025-06-21 13:18:49.126] [2727313] [HailoRT] [info] [filter_elements.cpp:375] [create] Created (PostInferEl2scrfd_2_5g/conv44 | Reorder - src_order: FCR, src_shape: (80, 80, 24), dst_order: FCR, dst_shape: (80, 80, 20))
[2025-06-21 13:18:49.126] [2727313] [HailoRT] [info] [queue_elements.cpp:800] [create] Created (UserBuffQEl2scrfd_2_5g/conv44 | timeout: 10s)
[2025-06-21 13:18:49.127] [2727313] [HailoRT] [info] [vstream.cpp:1114] [OutputVStreamImpl] Creating scrfd_2_5g/conv44...
[2025-06-21 13:18:49.127] [2727313] [HailoRT] [info] [vstream_builder.cpp:220] [create_outputs] Output pipeline 'scrfd_2_5g/conv44': HW >> (HwReadEl2scrfd_2_5g/conv44 | hw_frame_size: 153600) >> (PullQEl_hw_read2scrfd_2_5g/conv44) >> (PostInferEl2scrfd_2_5g/conv44 | Reorder - src_order: FCR, src_shape: (80, 80, 24), dst_order: FCR, dst_shape: (80, 80, 20)) >> (UserBuffQEl2scrfd_2_5g/conv44 | timeout: 10s)
[2025-06-21 13:18:49.127] [2727313] [HailoRT] [info] [edge_elements.cpp:287] [create] Created (HwReadEl14scrfd_2_5g/conv49 | hw_frame_size: 3200)
[2025-06-21 13:18:49.127] [2727313] [HailoRT] [info] [queue_elements.cpp:800] [create] Created (UserBuffQEl14scrfd_2_5g/conv49 | timeout: 10s)
[2025-06-21 13:18:49.127] [2727313] [HailoRT] [info] [vstream.cpp:1114] [OutputVStreamImpl] Creating scrfd_2_5g/conv49...
[2025-06-21 13:18:49.127] [2727313] [HailoRT] [info] [vstream_builder.cpp:220] [create_outputs] Output pipeline 'scrfd_2_5g/conv49': HW >> (HwReadEl14scrfd_2_5g/conv49 | hw_frame_size: 3200) >> (UserBuffQEl14scrfd_2_5g/conv49 | timeout: 10s)
[2025-06-21 13:18:49.127] [2727313] [HailoRT] [info] [edge_elements.cpp:287] [create] Created (HwReadEl12scrfd_2_5g/conv50 | hw_frame_size: 12800)
[2025-06-21 13:18:49.128] [2727313] [HailoRT] [info] [queue_elements.cpp:800] [create] Created (UserBuffQEl12scrfd_2_5g/conv50 | timeout: 10s)
[2025-06-21 13:18:49.128] [2727313] [HailoRT] [info] [vstream.cpp:1114] [OutputVStreamImpl] Creating scrfd_2_5g/conv50...
[2025-06-21 13:18:49.128] [2727313] [HailoRT] [info] [vstream_builder.cpp:220] [create_outputs] Output pipeline 'scrfd_2_5g/conv50': HW >> (HwReadEl12scrfd_2_5g/conv50 | hw_frame_size: 12800) >> (UserBuffQEl12scrfd_2_5g/conv50 | timeout: 10s)
[2025-06-21 13:18:49.128] [2727313] [HailoRT] [info] [edge_elements.cpp:287] [create] Created (HwReadEl1scrfd_2_5g/conv51 | hw_frame_size: 38400)
[2025-06-21 13:18:49.128] [2727313] [HailoRT] [info] [queue_elements.cpp:657] [create] Created (PullQEl_hw_read1scrfd_2_5g/conv51)
[2025-06-21 13:18:49.128] [2727313] [HailoRT] [info] [filter_elements.cpp:375] [create] Created (PostInferEl1scrfd_2_5g/conv51 | Reorder - src_order: FCR, src_shape: (40, 40, 24), dst_order: FCR, dst_shape: (40, 40, 20))
[2025-06-21 13:18:49.128] [2727313] [HailoRT] [info] [queue_elements.cpp:800] [create] Created (UserBuffQEl1scrfd_2_5g/conv51 | timeout: 10s)
[2025-06-21 13:18:49.128] [2727313] [HailoRT] [info] [vstream.cpp:1114] [OutputVStreamImpl] Creating scrfd_2_5g/conv51...
[2025-06-21 13:18:49.128] [2727313] [HailoRT] [info] [vstream_builder.cpp:220] [create_outputs] Output pipeline 'scrfd_2_5g/conv51': HW >> (HwReadEl1scrfd_2_5g/conv51 | hw_frame_size: 38400) >> (PullQEl_hw_read1scrfd_2_5g/conv51) >> (PostInferEl1scrfd_2_5g/conv51 | Reorder - src_order: FCR, src_shape: (40, 40, 24), dst_order: FCR, dst_shape: (40, 40, 20)) >> (UserBuffQEl1scrfd_2_5g/conv51 | timeout: 10s)
[2025-06-21 13:18:49.128] [2727313] [HailoRT] [info] [edge_elements.cpp:287] [create] Created (HwReadEl10scrfd_2_5g/conv55 | hw_frame_size: 800)
[2025-06-21 13:18:49.128] [2727313] [HailoRT] [info] [queue_elements.cpp:657] [create] Created (PullQEl_hw_read10scrfd_2_5g/conv55)
[2025-06-21 13:18:49.128] [2727313] [HailoRT] [info] [filter_elements.cpp:375] [create] Created (PostInferEl10scrfd_2_5g/conv55 | Reorder - src_order: NHCW, src_shape: (20, 20, 2), dst_order: NHWC, dst_shape: (20, 20, 2))
[2025-06-21 13:18:49.128] [2727313] [HailoRT] [info] [queue_elements.cpp:800] [create] Created (UserBuffQEl10scrfd_2_5g/conv55 | timeout: 10s)
[2025-06-21 13:18:49.128] [2727313] [HailoRT] [info] [vstream.cpp:1114] [OutputVStreamImpl] Creating scrfd_2_5g/conv55...
[2025-06-21 13:18:49.128] [2727313] [HailoRT] [info] [vstream_builder.cpp:220] [create_outputs] Output pipeline 'scrfd_2_5g/conv55': HW >> (HwReadEl10scrfd_2_5g/conv55 | hw_frame_size: 800) >> (PullQEl_hw_read10scrfd_2_5g/conv55) >> (PostInferEl10scrfd_2_5g/conv55 | Reorder - src_order: NHCW, src_shape: (20, 20, 2), dst_order: NHWC, dst_shape: (20, 20, 2)) >> (UserBuffQEl10scrfd_2_5g/conv55 | timeout: 10s)
[2025-06-21 13:18:49.128] [2727313] [HailoRT] [info] [edge_elements.cpp:287] [create] Created (HwReadEl9scrfd_2_5g/conv56 | hw_frame_size: 3200)
[2025-06-21 13:18:49.128] [2727313] [HailoRT] [info] [queue_elements.cpp:657] [create] Created (PullQEl_hw_read9scrfd_2_5g/conv56)
[2025-06-21 13:18:49.128] [2727313] [HailoRT] [info] [filter_elements.cpp:375] [create] Created (PostInferEl9scrfd_2_5g/conv56 | Reorder - src_order: NHCW, src_shape: (20, 20, 8), dst_order: NHWC, dst_shape: (20, 20, 8))
[2025-06-21 13:18:49.128] [2727313] [HailoRT] [info] [queue_elements.cpp:800] [create] Created (UserBuffQEl9scrfd_2_5g/conv56 | timeout: 10s)
[2025-06-21 13:18:49.128] [2727313] [HailoRT] [info] [vstream.cpp:1114] [OutputVStreamImpl] Creating scrfd_2_5g/conv56...
[2025-06-21 13:18:49.128] [2727313] [HailoRT] [info] [vstream_builder.cpp:220] [create_outputs] Output pipeline 'scrfd_2_5g/conv56': HW >> (HwReadEl9scrfd_2_5g/conv56 | hw_frame_size: 3200) >> (PullQEl_hw_read9scrfd_2_5g/conv56) >> (PostInferEl9scrfd_2_5g/conv56 | Reorder - src_order: NHCW, src_shape: (20, 20, 8), dst_order: NHWC, dst_shape: (20, 20, 8)) >> (UserBuffQEl9scrfd_2_5g/conv56 | timeout: 10s)
[2025-06-21 13:18:49.129] [2727313] [HailoRT] [info] [edge_elements.cpp:287] [create] Created (HwReadEl13scrfd_2_5g/conv57 | hw_frame_size: 9600)
[2025-06-21 13:18:49.129] [2727313] [HailoRT] [info] [queue_elements.cpp:657] [create] Created (PullQEl_hw_read13scrfd_2_5g/conv57)
[2025-06-21 13:18:49.129] [2727313] [HailoRT] [info] [filter_elements.cpp:375] [create] Created (PostInferEl13scrfd_2_5g/conv57 | Reorder - src_order: FCR, src_shape: (20, 20, 24), dst_order: FCR, dst_shape: (20, 20, 20))
[2025-06-21 13:18:49.129] [2727313] [HailoRT] [info] [queue_elements.cpp:800] [create] Created (UserBuffQEl13scrfd_2_5g/conv57 | timeout: 10s)
[2025-06-21 13:18:49.129] [2727313] [HailoRT] [info] [vstream.cpp:1114] [OutputVStreamImpl] Creating scrfd_2_5g/conv57...
[2025-06-21 13:18:49.129] [2727313] [HailoRT] [info] [vstream_builder.cpp:220] [create_outputs] Output pipeline 'scrfd_2_5g/conv57': HW >> (HwReadEl13scrfd_2_5g/conv57 | hw_frame_size: 9600) >> (PullQEl_hw_read13scrfd_2_5g/conv57) >> (PostInferEl13scrfd_2_5g/conv57 | Reorder - src_order: FCR, src_shape: (20, 20, 24), dst_order: FCR, dst_shape: (20, 20, 20)) >> (UserBuffQEl13scrfd_2_5g/conv57 | timeout: 10s)
[2025-06-21 13:18:50.087] [2727350] [HailoRT] [info] [hef.cpp:1929] [get_network_group_and_network_name] No name was given. Addressing all networks of default network_group: arcface_mobilefacenet
[2025-06-21 13:18:50.089] [2727350] [HailoRT] [info] [internal_buffer_manager.cpp:204] [print_execution_results] Planned internal buffer memory: CMA memory 0, user memory 50688. memory to edge layer usage factor is 1
[2025-06-21 13:18:50.089] [2727350] [HailoRT] [info] [internal_buffer_manager.cpp:212] [print_execution_results] Default Internal buffer planner executed successfully
[2025-06-21 13:18:50.101] [2727350] [HailoRT] [info] [device_internal.cpp:57] [configure] Configuring HEF took 13.732253 milliseconds
[2025-06-21 13:18:50.104] [2727350] [HailoRT] [info] [vdevice.cpp:749] [configure] Configuring HEF on VDevice took 16.107182 milliseconds
[2025-06-21 13:18:50.104] [2727350] [HailoRT] [info] [edge_elements.cpp:52] [create] Created (HwWriteEl1arcface_mobilefacenet/input_layer1 | hw_frame_size: 37632)
[2025-06-21 13:18:50.104] [2727350] [HailoRT] [info] [vstream.cpp:754] [InputVStreamImpl] Creating arcface_mobilefacenet/input_layer1...
[2025-06-21 13:18:50.104] [2727350] [HailoRT] [info] [vstream_builder.cpp:102] [create_inputs] Input pipeline 'arcface_mobilefacenet/input_layer1': (HwWriteEl1arcface_mobilefacenet/input_layer1 | hw_frame_size: 37632) >> HW
[2025-06-21 13:18:50.104] [2727350] [HailoRT] [info] [edge_elements.cpp:287] [create] Created (HwReadEl0arcface_mobilefacenet/fc1 | hw_frame_size: 512)
[2025-06-21 13:18:50.104] [2727350] [HailoRT] [info] [queue_elements.cpp:800] [create] Created (UserBuffQEl0arcface_mobilefacenet/fc1 | timeout: 10s)
[2025-06-21 13:18:50.104] [2727350] [HailoRT] [info] [vstream.cpp:1114] [OutputVStreamImpl] Creating arcface_mobilefacenet/fc1...
[2025-06-21 13:18:50.104] [2727350] [HailoRT] [info] [vstream_builder.cpp:220] [create_outputs] Output pipeline 'arcface_mobilefacenet/fc1': HW >> (HwReadEl0arcface_mobilefacenet/fc1 | hw_frame_size: 512) >> (UserBuffQEl0arcface_mobilefacenet/fc1 | timeout: 10s)
[2025-06-21 13:24:34.517] [2736270] [HailoRT] [info] [vdevice.cpp:523] [create] Creating vdevice with params: device_count: 1, scheduling_algorithm: ROUND_ROBIN, multi_process_service: false
[2025-06-21 13:24:34.529] [2736270] [HailoRT] [info] [device.cpp:49] [Device] OS Version: Linux 6.12.20+rpt-rpi-2712 #1 SMP PREEMPT Debian 1:6.12.20-1+rpt1~bpo12+1 (2025-03-19) aarch64
[2025-06-21 13:24:34.531] [2736270] [HailoRT] [info] [control.cpp:108] [control__parse_identify_results] firmware_version is: 4.20.0
[2025-06-21 13:24:34.531] [2736270] [HailoRT] [info] [vdevice.cpp:651] [create] VDevice Infos: 0001:01:00.0
[2025-06-21 13:24:34.558] [2736324] [HailoRT] [info] [hef.cpp:1929] [get_network_group_and_network_name] No name was given. Addressing all networks of default network_group: scrfd_2_5g
[2025-06-21 13:24:34.569] [2736324] [HailoRT] [info] [internal_buffer_manager.cpp:204] [print_execution_results] Planned internal buffer memory: CMA memory 0, user memory 462336. memory to edge layer usage factor is 1
[2025-06-21 13:24:34.569] [2736324] [HailoRT] [info] [internal_buffer_manager.cpp:212] [print_execution_results] Default Internal buffer planner executed successfully
[2025-06-21 13:24:34.584] [2736324] [HailoRT] [info] [device_internal.cpp:57] [configure] Configuring HEF took 26.051578 milliseconds
[2025-06-21 13:24:34.595] [2736324] [HailoRT] [info] [vdevice.cpp:749] [configure] Configuring HEF on VDevice took 36.338475 milliseconds
[2025-06-21 13:24:34.595] [2736324] [HailoRT] [info] [edge_elements.cpp:52] [create] Created (HwWriteEl3scrfd_2_5g/input_layer1 | hw_frame_size: 1228800)
[2025-06-21 13:24:34.595] [2736324] [HailoRT] [info] [vstream.cpp:754] [InputVStreamImpl] Creating scrfd_2_5g/input_layer1...
[2025-06-21 13:24:34.595] [2736324] [HailoRT] [info] [vstream_builder.cpp:102] [create_inputs] Input pipeline 'scrfd_2_5g/input_layer1': (HwWriteEl3scrfd_2_5g/input_layer1 | hw_frame_size: 1228800) >> HW
[2025-06-21 13:24:34.595] [2736324] [HailoRT] [info] [edge_elements.cpp:287] [create] Created (HwReadEl3scrfd_2_5g/conv42 | hw_frame_size: 12800)
[2025-06-21 13:24:34.595] [2736324] [HailoRT] [info] [queue_elements.cpp:800] [create] Created (UserBuffQEl3scrfd_2_5g/conv42 | timeout: 10s)
[2025-06-21 13:24:34.595] [2736324] [HailoRT] [info] [vstream.cpp:1114] [OutputVStreamImpl] Creating scrfd_2_5g/conv42...
[2025-06-21 13:24:34.595] [2736324] [HailoRT] [info] [vstream_builder.cpp:220] [create_outputs] Output pipeline 'scrfd_2_5g/conv42': HW >> (HwReadEl3scrfd_2_5g/conv42 | hw_frame_size: 12800) >> (UserBuffQEl3scrfd_2_5g/conv42 | timeout: 10s)
[2025-06-21 13:24:34.595] [2736324] [HailoRT] [info] [edge_elements.cpp:287] [create] Created (HwReadEl0scrfd_2_5g/conv43 | hw_frame_size: 51200)
[2025-06-21 13:24:34.595] [2736324] [HailoRT] [info] [queue_elements.cpp:800] [create] Created (UserBuffQEl0scrfd_2_5g/conv43 | timeout: 10s)
[2025-06-21 13:24:34.595] [2736324] [HailoRT] [info] [vstream.cpp:1114] [OutputVStreamImpl] Creating scrfd_2_5g/conv43...
[2025-06-21 13:24:34.595] [2736324] [HailoRT] [info] [vstream_builder.cpp:220] [create_outputs] Output pipeline 'scrfd_2_5g/conv43': HW >> (HwReadEl0scrfd_2_5g/conv43 | hw_frame_size: 51200) >> (UserBuffQEl0scrfd_2_5g/conv43 | timeout: 10s)
[2025-06-21 13:24:34.595] [2736324] [HailoRT] [info] [edge_elements.cpp:287] [create] Created (HwReadEl2scrfd_2_5g/conv44 | hw_frame_size: 153600)
[2025-06-21 13:24:34.595] [2736324] [HailoRT] [info] [queue_elements.cpp:657] [create] Created (PullQEl_hw_read2scrfd_2_5g/conv44)
[2025-06-21 13:24:34.595] [2736324] [HailoRT] [info] [filter_elements.cpp:375] [create] Created (PostInferEl2scrfd_2_5g/conv44 | Reorder - src_order: FCR, src_shape: (80, 80, 24), dst_order: FCR, dst_shape: (80, 80, 20))
[2025-06-21 13:24:34.595] [2736324] [HailoRT] [info] [queue_elements.cpp:800] [create] Created (UserBuffQEl2scrfd_2_5g/conv44 | timeout: 10s)
[2025-06-21 13:24:34.596] [2736324] [HailoRT] [info] [vstream.cpp:1114] [OutputVStreamImpl] Creating scrfd_2_5g/conv44...
[2025-06-21 13:24:34.596] [2736324] [HailoRT] [info] [vstream_builder.cpp:220] [create_outputs] Output pipeline 'scrfd_2_5g/conv44': HW >> (HwReadEl2scrfd_2_5g/conv44 | hw_frame_size: 153600) >> (PullQEl_hw_read2scrfd_2_5g/conv44) >> (PostInferEl2scrfd_2_5g/conv44 | Reorder - src_order: FCR, src_shape: (80, 80, 24), dst_order: FCR, dst_shape: (80, 80, 20)) >> (UserBuffQEl2scrfd_2_5g/conv44 | timeout: 10s)
[2025-06-21 13:24:34.596] [2736324] [HailoRT] [info] [edge_elements.cpp:287] [create] Created (HwReadEl14scrfd_2_5g/conv49 | hw_frame_size: 3200)
[2025-06-21 13:24:34.597] [2736324] [HailoRT] [info] [queue_elements.cpp:800] [create] Created (UserBuffQEl14scrfd_2_5g/conv49 | timeout: 10s)
[2025-06-21 13:24:34.597] [2736324] [HailoRT] [info] [vstream.cpp:1114] [OutputVStreamImpl] Creating scrfd_2_5g/conv49...
[2025-06-21 13:24:34.597] [2736324] [HailoRT] [info] [vstream_builder.cpp:220] [create_outputs] Output pipeline 'scrfd_2_5g/conv49': HW >> (HwReadEl14scrfd_2_5g/conv49 | hw_frame_size: 3200) >> (UserBuffQEl14scrfd_2_5g/conv49 | timeout: 10s)
[2025-06-21 13:24:34.597] [2736324] [HailoRT] [info] [edge_elements.cpp:287] [create] Created (HwReadEl12scrfd_2_5g/conv50 | hw_frame_size: 12800)
[2025-06-21 13:24:34.597] [2736324] [HailoRT] [info] [queue_elements.cpp:800] [create] Created (UserBuffQEl12scrfd_2_5g/conv50 | timeout: 10s)
[2025-06-21 13:24:34.597] [2736324] [HailoRT] [info] [vstream.cpp:1114] [OutputVStreamImpl] Creating scrfd_2_5g/conv50...
[2025-06-21 13:24:34.597] [2736324] [HailoRT] [info] [vstream_builder.cpp:220] [create_outputs] Output pipeline 'scrfd_2_5g/conv50': HW >> (HwReadEl12scrfd_2_5g/conv50 | hw_frame_size: 12800) >> (UserBuffQEl12scrfd_2_5g/conv50 | timeout: 10s)
[2025-06-21 13:24:34.597] [2736324] [HailoRT] [info] [edge_elements.cpp:287] [create] Created (HwReadEl1scrfd_2_5g/conv51 | hw_frame_size: 38400)
[2025-06-21 13:24:34.597] [2736324] [HailoRT] [info] [queue_elements.cpp:657] [create] Created (PullQEl_hw_read1scrfd_2_5g/conv51)
[2025-06-21 13:24:34.597] [2736324] [HailoRT] [info] [filter_elements.cpp:375] [create] Created (PostInferEl1scrfd_2_5g/conv51 | Reorder - src_order: FCR, src_shape: (40, 40, 24), dst_order: FCR, dst_shape: (40, 40, 20))
[2025-06-21 13:24:34.598] [2736324] [HailoRT] [info] [queue_elements.cpp:800] [create] Created (UserBuffQEl1scrfd_2_5g/conv51 | timeout: 10s)
[2025-06-21 13:24:34.598] [2736324] [HailoRT] [info] [vstream.cpp:1114] [OutputVStreamImpl] Creating scrfd_2_5g/conv51...
[2025-06-21 13:24:34.598] [2736324] [HailoRT] [info] [vstream_builder.cpp:220] [create_outputs] Output pipeline 'scrfd_2_5g/conv51': HW >> (HwReadEl1scrfd_2_5g/conv51 | hw_frame_size: 38400) >> (PullQEl_hw_read1scrfd_2_5g/conv51) >> (PostInferEl1scrfd_2_5g/conv51 | Reorder - src_order: FCR, src_shape: (40, 40, 24), dst_order: FCR, dst_shape: (40, 40, 20)) >> (UserBuffQEl1scrfd_2_5g/conv51 | timeout: 10s)
[2025-06-21 13:24:34.598] [2736324] [HailoRT] [info] [edge_elements.cpp:287] [create] Created (HwReadEl10scrfd_2_5g/conv55 | hw_frame_size: 800)
[2025-06-21 13:24:34.598] [2736324] [HailoRT] [info] [queue_elements.cpp:657] [create] Created (PullQEl_hw_read10scrfd_2_5g/conv55)
[2025-06-21 13:24:34.598] [2736324] [HailoRT] [info] [filter_elements.cpp:375] [create] Created (PostInferEl10scrfd_2_5g/conv55 | Reorder - src_order: NHCW, src_shape: (20, 20, 2), dst_order: NHWC, dst_shape: (20, 20, 2))
[2025-06-21 13:24:34.598] [2736324] [HailoRT] [info] [queue_elements.cpp:800] [create] Created (UserBuffQEl10scrfd_2_5g/conv55 | timeout: 10s)
[2025-06-21 13:24:34.598] [2736324] [HailoRT] [info] [vstream.cpp:1114] [OutputVStreamImpl] Creating scrfd_2_5g/conv55...
[2025-06-21 13:24:34.598] [2736324] [HailoRT] [info] [vstream_builder.cpp:220] [create_outputs] Output pipeline 'scrfd_2_5g/conv55': HW >> (HwReadEl10scrfd_2_5g/conv55 | hw_frame_size: 800) >> (PullQEl_hw_read10scrfd_2_5g/conv55) >> (PostInferEl10scrfd_2_5g/conv55 | Reorder - src_order: NHCW, src_shape: (20, 20, 2), dst_order: NHWC, dst_shape: (20, 20, 2)) >> (UserBuffQEl10scrfd_2_5g/conv55 | timeout: 10s)
[2025-06-21 13:24:34.598] [2736324] [HailoRT] [info] [edge_elements.cpp:287] [create] Created (HwReadEl9scrfd_2_5g/conv56 | hw_frame_size: 3200)
[2025-06-21 13:24:34.598] [2736324] [HailoRT] [info] [queue_elements.cpp:657] [create] Created (PullQEl_hw_read9scrfd_2_5g/conv56)
[2025-06-21 13:24:34.598] [2736324] [HailoRT] [info] [filter_elements.cpp:375] [create] Created (PostInferEl9scrfd_2_5g/conv56 | Reorder - src_order: NHCW, src_shape: (20, 20, 8), dst_order: NHWC, dst_shape: (20, 20, 8))
[2025-06-21 13:24:34.598] [2736324] [HailoRT] [info] [queue_elements.cpp:800] [create] Created (UserBuffQEl9scrfd_2_5g/conv56 | timeout: 10s)
[2025-06-21 13:24:34.598] [2736324] [HailoRT] [info] [vstream.cpp:1114] [OutputVStreamImpl] Creating scrfd_2_5g/conv56...
[2025-06-21 13:24:34.598] [2736324] [HailoRT] [info] [vstream_builder.cpp:220] [create_outputs] Output pipeline 'scrfd_2_5g/conv56': HW >> (HwReadEl9scrfd_2_5g/conv56 | hw_frame_size: 3200) >> (PullQEl_hw_read9scrfd_2_5g/conv56) >> (PostInferEl9scrfd_2_5g/conv56 | Reorder - src_order: NHCW, src_shape: (20, 20, 8), dst_order: NHWC, dst_shape: (20, 20, 8)) >> (UserBuffQEl9scrfd_2_5g/conv56 | timeout: 10s)
[2025-06-21 13:24:34.598] [2736324] [HailoRT] [info] [edge_elements.cpp:287] [create] Created (HwReadEl13scrfd_2_5g/conv57 | hw_frame_size: 9600)
[2025-06-21 13:24:34.598] [2736324] [HailoRT] [info] [queue_elements.cpp:657] [create] Created (PullQEl_hw_read13scrfd_2_5g/conv57)
[2025-06-21 13:24:34.598] [2736324] [HailoRT] [info] [filter_elements.cpp:375] [create] Created (PostInferEl13scrfd_2_5g/conv57 | Reorder - src_order: FCR, src_shape: (20, 20, 24), dst_order: FCR, dst_shape: (20, 20, 20))
[2025-06-21 13:24:34.598] [2736324] [HailoRT] [info] [queue_elements.cpp:800] [create] Created (UserBuffQEl13scrfd_2_5g/conv57 | timeout: 10s)
[2025-06-21 13:24:34.598] [2736324] [HailoRT] [info] [vstream.cpp:1114] [OutputVStreamImpl] Creating scrfd_2_5g/conv57...
[2025-06-21 13:24:34.598] [2736324] [HailoRT] [info] [vstream_builder.cpp:220] [create_outputs] Output pipeline 'scrfd_2_5g/conv57': HW >> (HwReadEl13scrfd_2_5g/conv57 | hw_frame_size: 9600) >> (PullQEl_hw_read13scrfd_2_5g/conv57) >> (PostInferEl13scrfd_2_5g/conv57 | Reorder - src_order: FCR, src_shape: (20, 20, 24), dst_order: FCR, dst_shape: (20, 20, 20)) >> (UserBuffQEl13scrfd_2_5g/conv57 | timeout: 10s)
[2025-06-21 13:24:35.558] [2736362] [HailoRT] [info] [hef.cpp:1929] [get_network_group_and_network_name] No name was given. Addressing all networks of default network_group: arcface_mobilefacenet
[2025-06-21 13:24:35.560] [2736362] [HailoRT] [info] [internal_buffer_manager.cpp:204] [print_execution_results] Planned internal buffer memory: CMA memory 0, user memory 50688. memory to edge layer usage factor is 1
[2025-06-21 13:24:35.560] [2736362] [HailoRT] [info] [internal_buffer_manager.cpp:212] [print_execution_results] Default Internal buffer planner executed successfully
[2025-06-21 13:24:35.570] [2736362] [HailoRT] [info] [device_internal.cpp:57] [configure] Configuring HEF took 11.633972 milliseconds
[2025-06-21 13:24:35.572] [2736362] [HailoRT] [info] [vdevice.cpp:749] [configure] Configuring HEF on VDevice took 14.093586 milliseconds
[2025-06-21 13:24:35.572] [2736362] [HailoRT] [info] [edge_elements.cpp:52] [create] Created (HwWriteEl1arcface_mobilefacenet/input_layer1 | hw_frame_size: 37632)
[2025-06-21 13:24:35.572] [2736362] [HailoRT] [info] [vstream.cpp:754] [InputVStreamImpl] Creating arcface_mobilefacenet/input_layer1...
[2025-06-21 13:24:35.572] [2736362] [HailoRT] [info] [vstream_builder.cpp:102] [create_inputs] Input pipeline 'arcface_mobilefacenet/input_layer1': (HwWriteEl1arcface_mobilefacenet/input_layer1 | hw_frame_size: 37632) >> HW
[2025-06-21 13:24:35.572] [2736362] [HailoRT] [info] [edge_elements.cpp:287] [create] Created (HwReadEl0arcface_mobilefacenet/fc1 | hw_frame_size: 512)
[2025-06-21 13:24:35.573] [2736362] [HailoRT] [info] [queue_elements.cpp:800] [create] Created (UserBuffQEl0arcface_mobilefacenet/fc1 | timeout: 10s)
[2025-06-21 13:24:35.573] [2736362] [HailoRT] [info] [vstream.cpp:1114] [OutputVStreamImpl] Creating arcface_mobilefacenet/fc1...
[2025-06-21 13:24:35.573] [2736362] [HailoRT] [info] [vstream_builder.cpp:220] [create_outputs] Output pipeline 'arcface_mobilefacenet/fc1': HW >> (HwReadEl0arcface_mobilefacenet/fc1 | hw_frame_size: 512) >> (UserBuffQEl0arcface_mobilefacenet/fc1 | timeout: 10s)
[2025-06-21 13:29:35.524] [2742610] [HailoRT] [info] [vdevice.cpp:523] [create] Creating vdevice with params: device_count: 1, scheduling_algorithm: ROUND_ROBIN, multi_process_service: false
[2025-06-21 13:29:35.535] [2742610] [HailoRT] [info] [device.cpp:49] [Device] OS Version: Linux 6.12.20+rpt-rpi-2712 #1 SMP PREEMPT Debian 1:6.12.20-1+rpt1~bpo12+1 (2025-03-19) aarch64
[2025-06-21 13:29:35.536] [2742610] [HailoRT] [info] [control.cpp:108] [control__parse_identify_results] firmware_version is: 4.20.0
[2025-06-21 13:29:35.536] [2742610] [HailoRT] [info] [vdevice.cpp:651] [create] VDevice Infos: 0001:01:00.0
[2025-06-21 13:29:35.563] [2742665] [HailoRT] [info] [hef.cpp:1929] [get_network_group_and_network_name] No name was given. Addressing all networks of default network_group: scrfd_2_5g
[2025-06-21 13:29:35.573] [2742665] [HailoRT] [info] [internal_buffer_manager.cpp:204] [print_execution_results] Planned internal buffer memory: CMA memory 0, user memory 462336. memory to edge layer usage factor is 1
[2025-06-21 13:29:35.573] [2742665] [HailoRT] [info] [internal_buffer_manager.cpp:212] [print_execution_results] Default Internal buffer planner executed successfully
[2025-06-21 13:29:35.590] [2742665] [HailoRT] [info] [device_internal.cpp:57] [configure] Configuring HEF took 26.264224 milliseconds
[2025-06-21 13:29:35.601] [2742665] [HailoRT] [info] [vdevice.cpp:749] [configure] Configuring HEF on VDevice took 36.902105 milliseconds
[2025-06-21 13:29:35.601] [2742665] [HailoRT] [info] [edge_elements.cpp:52] [create] Created (HwWriteEl3scrfd_2_5g/input_layer1 | hw_frame_size: 1228800)
[2025-06-21 13:29:35.601] [2742665] [HailoRT] [info] [vstream.cpp:754] [InputVStreamImpl] Creating scrfd_2_5g/input_layer1...
[2025-06-21 13:29:35.601] [2742665] [HailoRT] [info] [vstream_builder.cpp:102] [create_inputs] Input pipeline 'scrfd_2_5g/input_layer1': (HwWriteEl3scrfd_2_5g/input_layer1 | hw_frame_size: 1228800) >> HW
[2025-06-21 13:29:35.601] [2742665] [HailoRT] [info] [edge_elements.cpp:287] [create] Created (HwReadEl3scrfd_2_5g/conv42 | hw_frame_size: 12800)
[2025-06-21 13:29:35.601] [2742665] [HailoRT] [info] [queue_elements.cpp:800] [create] Created (UserBuffQEl3scrfd_2_5g/conv42 | timeout: 10s)
[2025-06-21 13:29:35.601] [2742665] [HailoRT] [info] [vstream.cpp:1114] [OutputVStreamImpl] Creating scrfd_2_5g/conv42...
[2025-06-21 13:29:35.601] [2742665] [HailoRT] [info] [vstream_builder.cpp:220] [create_outputs] Output pipeline 'scrfd_2_5g/conv42': HW >> (HwReadEl3scrfd_2_5g/conv42 | hw_frame_size: 12800) >> (UserBuffQEl3scrfd_2_5g/conv42 | timeout: 10s)
[2025-06-21 13:29:35.601] [2742665] [HailoRT] [info] [edge_elements.cpp:287] [create] Created (HwReadEl0scrfd_2_5g/conv43 | hw_frame_size: 51200)
[2025-06-21 13:29:35.601] [2742665] [HailoRT] [info] [queue_elements.cpp:800] [create] Created (UserBuffQEl0scrfd_2_5g/conv43 | timeout: 10s)
[2025-06-21 13:29:35.601] [2742665] [HailoRT] [info] [vstream.cpp:1114] [OutputVStreamImpl] Creating scrfd_2_5g/conv43...
[2025-06-21 13:29:35.601] [2742665] [HailoRT] [info] [vstream_builder.cpp:220] [create_outputs] Output pipeline 'scrfd_2_5g/conv43': HW >> (HwReadEl0scrfd_2_5g/conv43 | hw_frame_size: 51200) >> (UserBuffQEl0scrfd_2_5g/conv43 | timeout: 10s)
[2025-06-21 13:29:35.601] [2742665] [HailoRT] [info] [edge_elements.cpp:287] [create] Created (HwReadEl2scrfd_2_5g/conv44 | hw_frame_size: 153600)
[2025-06-21 13:29:35.601] [2742665] [HailoRT] [info] [queue_elements.cpp:657] [create] Created (PullQEl_hw_read2scrfd_2_5g/conv44)
[2025-06-21 13:29:35.601] [2742665] [HailoRT] [info] [filter_elements.cpp:375] [create] Created (PostInferEl2scrfd_2_5g/conv44 | Reorder - src_order: FCR, src_shape: (80, 80, 24), dst_order: FCR, dst_shape: (80, 80, 20))
[2025-06-21 13:29:35.601] [2742665] [HailoRT] [info] [queue_elements.cpp:800] [create] Created (UserBuffQEl2scrfd_2_5g/conv44 | timeout: 10s)
[2025-06-21 13:29:35.602] [2742665] [HailoRT] [info] [vstream.cpp:1114] [OutputVStreamImpl] Creating scrfd_2_5g/conv44...
[2025-06-21 13:29:35.602] [2742665] [HailoRT] [info] [vstream_builder.cpp:220] [create_outputs] Output pipeline 'scrfd_2_5g/conv44': HW >> (HwReadEl2scrfd_2_5g/conv44 | hw_frame_size: 153600) >> (PullQEl_hw_read2scrfd_2_5g/conv44) >> (PostInferEl2scrfd_2_5g/conv44 | Reorder - src_order: FCR, src_shape: (80, 80, 24), dst_order: FCR, dst_shape: (80, 80, 20)) >> (UserBuffQEl2scrfd_2_5g/conv44 | timeout: 10s)
[2025-06-21 13:29:35.603] [2742665] [HailoRT] [info] [edge_elements.cpp:287] [create] Created (HwReadEl14scrfd_2_5g/conv49 | hw_frame_size: 3200)
[2025-06-21 13:29:35.603] [2742665] [HailoRT] [info] [queue_elements.cpp:800] [create] Created (UserBuffQEl14scrfd_2_5g/conv49 | timeout: 10s)
[2025-06-21 13:29:35.603] [2742665] [HailoRT] [info] [vstream.cpp:1114] [OutputVStreamImpl] Creating scrfd_2_5g/conv49...
[2025-06-21 13:29:35.603] [2742665] [HailoRT] [info] [vstream_builder.cpp:220] [create_outputs] Output pipeline 'scrfd_2_5g/conv49': HW >> (HwReadEl14scrfd_2_5g/conv49 | hw_frame_size: 3200) >> (UserBuffQEl14scrfd_2_5g/conv49 | timeout: 10s)
[2025-06-21 13:29:35.603] [2742665] [HailoRT] [info] [edge_elements.cpp:287] [create] Created (HwReadEl12scrfd_2_5g/conv50 | hw_frame_size: 12800)
[2025-06-21 13:29:35.603] [2742665] [HailoRT] [info] [queue_elements.cpp:800] [create] Created (UserBuffQEl12scrfd_2_5g/conv50 | timeout: 10s)
[2025-06-21 13:29:35.603] [2742665] [HailoRT] [info] [vstream.cpp:1114] [OutputVStreamImpl] Creating scrfd_2_5g/conv50...
[2025-06-21 13:29:35.603] [2742665] [HailoRT] [info] [vstream_builder.cpp:220] [create_outputs] Output pipeline 'scrfd_2_5g/conv50': HW >> (HwReadEl12scrfd_2_5g/conv50 | hw_frame_size: 12800) >> (UserBuffQEl12scrfd_2_5g/conv50 | timeout: 10s)
[2025-06-21 13:29:35.603] [2742665] [HailoRT] [info] [edge_elements.cpp:287] [create] Created (HwReadEl1scrfd_2_5g/conv51 | hw_frame_size: 38400)
[2025-06-21 13:29:35.604] [2742665] [HailoRT] [info] [queue_elements.cpp:657] [create] Created (PullQEl_hw_read1scrfd_2_5g/conv51)
[2025-06-21 13:29:35.604] [2742665] [HailoRT] [info] [filter_elements.cpp:375] [create] Created (PostInferEl1scrfd_2_5g/conv51 | Reorder - src_order: FCR, src_shape: (40, 40, 24), dst_order: FCR, dst_shape: (40, 40, 20))
[2025-06-21 13:29:35.604] [2742665] [HailoRT] [info] [queue_elements.cpp:800] [create] Created (UserBuffQEl1scrfd_2_5g/conv51 | timeout: 10s)
[2025-06-21 13:29:35.604] [2742665] [HailoRT] [info] [vstream.cpp:1114] [OutputVStreamImpl] Creating scrfd_2_5g/conv51...
[2025-06-21 13:29:35.604] [2742665] [HailoRT] [info] [vstream_builder.cpp:220] [create_outputs] Output pipeline 'scrfd_2_5g/conv51': HW >> (HwReadEl1scrfd_2_5g/conv51 | hw_frame_size: 38400) >> (PullQEl_hw_read1scrfd_2_5g/conv51) >> (PostInferEl1scrfd_2_5g/conv51 | Reorder - src_order: FCR, src_shape: (40, 40, 24), dst_order: FCR, dst_shape: (40, 40, 20)) >> (UserBuffQEl1scrfd_2_5g/conv51 | timeout: 10s)
[2025-06-21 13:29:35.604] [2742665] [HailoRT] [info] [edge_elements.cpp:287] [create] Created (HwReadEl10scrfd_2_5g/conv55 | hw_frame_size: 800)
[2025-06-21 13:29:35.604] [2742665] [HailoRT] [info] [queue_elements.cpp:657] [create] Created (PullQEl_hw_read10scrfd_2_5g/conv55)
[2025-06-21 13:29:35.604] [2742665] [HailoRT] [info] [filter_elements.cpp:375] [create] Created (PostInferEl10scrfd_2_5g/conv55 | Reorder - src_order: NHCW, src_shape: (20, 20, 2), dst_order: NHWC, dst_shape: (20, 20, 2))
[2025-06-21 13:29:35.604] [2742665] [HailoRT] [info] [queue_elements.cpp:800] [create] Created (UserBuffQEl10scrfd_2_5g/conv55 | timeout: 10s)
[2025-06-21 13:29:35.604] [2742665] [HailoRT] [info] [vstream.cpp:1114] [OutputVStreamImpl] Creating scrfd_2_5g/conv55...
[2025-06-21 13:29:35.604] [2742665] [HailoRT] [info] [vstream_builder.cpp:220] [create_outputs] Output pipeline 'scrfd_2_5g/conv55': HW >> (HwReadEl10scrfd_2_5g/conv55 | hw_frame_size: 800) >> (PullQEl_hw_read10scrfd_2_5g/conv55) >> (PostInferEl10scrfd_2_5g/conv55 | Reorder - src_order: NHCW, src_shape: (20, 20, 2), dst_order: NHWC, dst_shape: (20, 20, 2)) >> (UserBuffQEl10scrfd_2_5g/conv55 | timeout: 10s)
[2025-06-21 13:29:35.604] [2742665] [HailoRT] [info] [edge_elements.cpp:287] [create] Created (HwReadEl9scrfd_2_5g/conv56 | hw_frame_size: 3200)
[2025-06-21 13:29:35.604] [2742665] [HailoRT] [info] [queue_elements.cpp:657] [create] Created (PullQEl_hw_read9scrfd_2_5g/conv56)
[2025-06-21 13:29:35.604] [2742665] [HailoRT] [info] [filter_elements.cpp:375] [create] Created (PostInferEl9scrfd_2_5g/conv56 | Reorder - src_order: NHCW, src_shape: (20, 20, 8), dst_order: NHWC, dst_shape: (20, 20, 8))
[2025-06-21 13:29:35.604] [2742665] [HailoRT] [info] [queue_elements.cpp:800] [create] Created (UserBuffQEl9scrfd_2_5g/conv56 | timeout: 10s)
[2025-06-21 13:29:35.604] [2742665] [HailoRT] [info] [vstream.cpp:1114] [OutputVStreamImpl] Creating scrfd_2_5g/conv56...
[2025-06-21 13:29:35.604] [2742665] [HailoRT] [info] [vstream_builder.cpp:220] [create_outputs] Output pipeline 'scrfd_2_5g/conv56': HW >> (HwReadEl9scrfd_2_5g/conv56 | hw_frame_size: 3200) >> (PullQEl_hw_read9scrfd_2_5g/conv56) >> (PostInferEl9scrfd_2_5g/conv56 | Reorder - src_order: NHCW, src_shape: (20, 20, 8), dst_order: NHWC, dst_shape: (20, 20, 8)) >> (UserBuffQEl9scrfd_2_5g/conv56 | timeout: 10s)
[2025-06-21 13:29:35.604] [2742665] [HailoRT] [info] [edge_elements.cpp:287] [create] Created (HwReadEl13scrfd_2_5g/conv57 | hw_frame_size: 9600)
[2025-06-21 13:29:35.604] [2742665] [HailoRT] [info] [queue_elements.cpp:657] [create] Created (PullQEl_hw_read13scrfd_2_5g/conv57)
[2025-06-21 13:29:35.604] [2742665] [HailoRT] [info] [filter_elements.cpp:375] [create] Created (PostInferEl13scrfd_2_5g/conv57 | Reorder - src_order: FCR, src_shape: (20, 20, 24), dst_order: FCR, dst_shape: (20, 20, 20))
[2025-06-21 13:29:35.604] [2742665] [HailoRT] [info] [queue_elements.cpp:800] [create] Created (UserBuffQEl13scrfd_2_5g/conv57 | timeout: 10s)
[2025-06-21 13:29:35.604] [2742665] [HailoRT] [info] [vstream.cpp:1114] [OutputVStreamImpl] Creating scrfd_2_5g/conv57...
[2025-06-21 13:29:35.604] [2742665] [HailoRT] [info] [vstream_builder.cpp:220] [create_outputs] Output pipeline 'scrfd_2_5g/conv57': HW >> (HwReadEl13scrfd_2_5g/conv57 | hw_frame_size: 9600) >> (PullQEl_hw_read13scrfd_2_5g/conv57) >> (PostInferEl13scrfd_2_5g/conv57 | Reorder - src_order: FCR, src_shape: (20, 20, 24), dst_order: FCR, dst_shape: (20, 20, 20)) >> (UserBuffQEl13scrfd_2_5g/conv57 | timeout: 10s)
[2025-06-21 13:29:36.564] [2742724] [HailoRT] [info] [hef.cpp:1929] [get_network_group_and_network_name] No name was given. Addressing all networks of default network_group: arcface_mobilefacenet
[2025-06-21 13:29:36.565] [2742724] [HailoRT] [info] [internal_buffer_manager.cpp:204] [print_execution_results] Planned internal buffer memory: CMA memory 0, user memory 50688. memory to edge layer usage factor is 1
[2025-06-21 13:29:36.565] [2742724] [HailoRT] [info] [internal_buffer_manager.cpp:212] [print_execution_results] Default Internal buffer planner executed successfully
[2025-06-21 13:29:36.575] [2742724] [HailoRT] [info] [device_internal.cpp:57] [configure] Configuring HEF took 11.315048 milliseconds
[2025-06-21 13:29:36.578] [2742724] [HailoRT] [info] [vdevice.cpp:749] [configure] Configuring HEF on VDevice took 13.778991 milliseconds
[2025-06-21 13:29:36.578] [2742724] [HailoRT] [info] [edge_elements.cpp:52] [create] Created (HwWriteEl1arcface_mobilefacenet/input_layer1 | hw_frame_size: 37632)
[2025-06-21 13:29:36.578] [2742724] [HailoRT] [info] [vstream.cpp:754] [InputVStreamImpl] Creating arcface_mobilefacenet/input_layer1...
[2025-06-21 13:29:36.578] [2742724] [HailoRT] [info] [vstream_builder.cpp:102] [create_inputs] Input pipeline 'arcface_mobilefacenet/input_layer1': (HwWriteEl1arcface_mobilefacenet/input_layer1 | hw_frame_size: 37632) >> HW
[2025-06-21 13:29:36.578] [2742724] [HailoRT] [info] [edge_elements.cpp:287] [create] Created (HwReadEl0arcface_mobilefacenet/fc1 | hw_frame_size: 512)
[2025-06-21 13:29:36.578] [2742724] [HailoRT] [info] [queue_elements.cpp:800] [create] Created (UserBuffQEl0arcface_mobilefacenet/fc1 | timeout: 10s)
[2025-06-21 13:29:36.578] [2742724] [HailoRT] [info] [vstream.cpp:1114] [OutputVStreamImpl] Creating arcface_mobilefacenet/fc1...
[2025-06-21 13:29:36.578] [2742724] [HailoRT] [info] [vstream_builder.cpp:220] [create_outputs] Output pipeline 'arcface_mobilefacenet/fc1': HW >> (HwReadEl0arcface_mobilefacenet/fc1 | hw_frame_size: 512) >> (UserBuffQEl0arcface_mobilefacenet/fc1 | timeout: 10s)
[2025-06-21 18:51:18.649] [3132957] [HailoRT] [info] [vdevice.cpp:523] [create] Creating vdevice with params: device_count: 1, scheduling_algorithm: ROUND_ROBIN, multi_process_service: false
[2025-06-21 18:51:18.660] [3132957] [HailoRT] [info] [device.cpp:49] [Device] OS Version: Linux 6.12.20+rpt-rpi-2712 #1 SMP PREEMPT Debian 1:6.12.20-1+rpt1~bpo12+1 (2025-03-19) aarch64
[2025-06-21 18:51:18.666] [3132957] [HailoRT] [info] [control.cpp:108] [control__parse_identify_results] firmware_version is: 4.20.0
[2025-06-21 18:51:18.666] [3132957] [HailoRT] [info] [vdevice.cpp:651] [create] VDevice Infos: 0001:01:00.0
[2025-06-21 18:51:18.699] [3133179] [HailoRT] [info] [hef.cpp:1929] [get_network_group_and_network_name] No name was given. Addressing all networks of default network_group: scrfd_2_5g
[2025-06-21 18:51:18.711] [3133179] [HailoRT] [info] [internal_buffer_manager.cpp:204] [print_execution_results] Planned internal buffer memory: CMA memory 0, user memory 462336. memory to edge layer usage factor is 1
[2025-06-21 18:51:18.711] [3133179] [HailoRT] [info] [internal_buffer_manager.cpp:212] [print_execution_results] Default Internal buffer planner executed successfully
[2025-06-21 18:51:18.729] [3133179] [HailoRT] [info] [device_internal.cpp:57] [configure] Configuring HEF took 30.152587 milliseconds
[2025-06-21 18:51:18.753] [3133179] [HailoRT] [info] [vdevice.cpp:749] [configure] Configuring HEF on VDevice took 54.430915 milliseconds
[2025-06-21 18:51:18.754] [3133179] [HailoRT] [info] [edge_elements.cpp:52] [create] Created (HwWriteEl3scrfd_2_5g/input_layer1 | hw_frame_size: 1228800)
[2025-06-21 18:51:18.754] [3133179] [HailoRT] [info] [vstream.cpp:754] [InputVStreamImpl] Creating scrfd_2_5g/input_layer1...
[2025-06-21 18:51:18.754] [3133179] [HailoRT] [info] [vstream_builder.cpp:102] [create_inputs] Input pipeline 'scrfd_2_5g/input_layer1': (HwWriteEl3scrfd_2_5g/input_layer1 | hw_frame_size: 1228800) >> HW
[2025-06-21 18:51:18.754] [3133179] [HailoRT] [info] [edge_elements.cpp:287] [create] Created (HwReadEl3scrfd_2_5g/conv42 | hw_frame_size: 12800)
[2025-06-21 18:51:18.755] [3133179] [HailoRT] [info] [queue_elements.cpp:800] [create] Created (UserBuffQEl3scrfd_2_5g/conv42 | timeout: 10s)
[2025-06-21 18:51:18.755] [3133179] [HailoRT] [info] [vstream.cpp:1114] [OutputVStreamImpl] Creating scrfd_2_5g/conv42...
[2025-06-21 18:51:18.755] [3133179] [HailoRT] [info] [vstream_builder.cpp:220] [create_outputs] Output pipeline 'scrfd_2_5g/conv42': HW >> (HwReadEl3scrfd_2_5g/conv42 | hw_frame_size: 12800) >> (UserBuffQEl3scrfd_2_5g/conv42 | timeout: 10s)
[2025-06-21 18:51:18.755] [3133179] [HailoRT] [info] [edge_elements.cpp:287] [create] Created (HwReadEl0scrfd_2_5g/conv43 | hw_frame_size: 51200)
[2025-06-21 18:51:18.756] [3133179] [HailoRT] [info] [queue_elements.cpp:800] [create] Created (UserBuffQEl0scrfd_2_5g/conv43 | timeout: 10s)
[2025-06-21 18:51:18.756] [3133179] [HailoRT] [info] [vstream.cpp:1114] [OutputVStreamImpl] Creating scrfd_2_5g/conv43...
[2025-06-21 18:51:18.756] [3133179] [HailoRT] [info] [vstream_builder.cpp:220] [create_outputs] Output pipeline 'scrfd_2_5g/conv43': HW >> (HwReadEl0scrfd_2_5g/conv43 | hw_frame_size: 51200) >> (UserBuffQEl0scrfd_2_5g/conv43 | timeout: 10s)
[2025-06-21 18:51:18.757] [3133179] [HailoRT] [info] [edge_elements.cpp:287] [create] Created (HwReadEl2scrfd_2_5g/conv44 | hw_frame_size: 153600)
[2025-06-21 18:51:18.757] [3133179] [HailoRT] [info] [queue_elements.cpp:657] [create] Created (PullQEl_hw_read2scrfd_2_5g/conv44)
[2025-06-21 18:51:18.758] [3133179] [HailoRT] [info] [filter_elements.cpp:375] [create] Created (PostInferEl2scrfd_2_5g/conv44 | Reorder - src_order: FCR, src_shape: (80, 80, 24), dst_order: FCR, dst_shape: (80, 80, 20))
[2025-06-21 18:51:18.758] [3133179] [HailoRT] [info] [queue_elements.cpp:800] [create] Created (UserBuffQEl2scrfd_2_5g/conv44 | timeout: 10s)
[2025-06-21 18:51:18.759] [3133179] [HailoRT] [info] [vstream.cpp:1114] [OutputVStreamImpl] Creating scrfd_2_5g/conv44...
[2025-06-21 18:51:18.759] [3133179] [HailoRT] [info] [vstream_builder.cpp:220] [create_outputs] Output pipeline 'scrfd_2_5g/conv44': HW >> (HwReadEl2scrfd_2_5g/conv44 | hw_frame_size: 153600) >> (PullQEl_hw_read2scrfd_2_5g/conv44) >> (PostInferEl2scrfd_2_5g/conv44 | Reorder - src_order: FCR, src_shape: (80, 80, 24), dst_order: FCR, dst_shape: (80, 80, 20)) >> (UserBuffQEl2scrfd_2_5g/conv44 | timeout: 10s)
[2025-06-21 18:51:18.760] [3133179] [HailoRT] [info] [edge_elements.cpp:287] [create] Created (HwReadEl14scrfd_2_5g/conv49 | hw_frame_size: 3200)
[2025-06-21 18:51:18.761] [3133179] [HailoRT] [info] [queue_elements.cpp:800] [create] Created (UserBuffQEl14scrfd_2_5g/conv49 | timeout: 10s)
[2025-06-21 18:51:18.761] [3133179] [HailoRT] [info] [vstream.cpp:1114] [OutputVStreamImpl] Creating scrfd_2_5g/conv49...
[2025-06-21 18:51:18.761] [3133179] [HailoRT] [info] [vstream_builder.cpp:220] [create_outputs] Output pipeline 'scrfd_2_5g/conv49': HW >> (HwReadEl14scrfd_2_5g/conv49 | hw_frame_size: 3200) >> (UserBuffQEl14scrfd_2_5g/conv49 | timeout: 10s)
[2025-06-21 18:51:18.762] [3133179] [HailoRT] [info] [edge_elements.cpp:287] [create] Created (HwReadEl12scrfd_2_5g/conv50 | hw_frame_size: 12800)
[2025-06-21 18:51:18.762] [3133179] [HailoRT] [info] [queue_elements.cpp:800] [create] Created (UserBuffQEl12scrfd_2_5g/conv50 | timeout: 10s)
[2025-06-21 18:51:18.762] [3133179] [HailoRT] [info] [vstream.cpp:1114] [OutputVStreamImpl] Creating scrfd_2_5g/conv50...
[2025-06-21 18:51:18.762] [3133179] [HailoRT] [info] [vstream_builder.cpp:220] [create_outputs] Output pipeline 'scrfd_2_5g/conv50': HW >> (HwReadEl12scrfd_2_5g/conv50 | hw_frame_size: 12800) >> (UserBuffQEl12scrfd_2_5g/conv50 | timeout: 10s)
[2025-06-21 18:51:18.762] [3133179] [HailoRT] [info] [edge_elements.cpp:287] [create] Created (HwReadEl1scrfd_2_5g/conv51 | hw_frame_size: 38400)
[2025-06-21 18:51:18.763] [3133179] [HailoRT] [info] [queue_elements.cpp:657] [create] Created (PullQEl_hw_read1scrfd_2_5g/conv51)
[2025-06-21 18:51:18.763] [3133179] [HailoRT] [info] [filter_elements.cpp:375] [create] Created (PostInferEl1scrfd_2_5g/conv51 | Reorder - src_order: FCR, src_shape: (40, 40, 24), dst_order: FCR, dst_shape: (40, 40, 20))
[2025-06-21 18:51:18.766] [3133179] [HailoRT] [info] [queue_elements.cpp:800] [create] Created (UserBuffQEl1scrfd_2_5g/conv51 | timeout: 10s)
[2025-06-21 18:51:18.766] [3133179] [HailoRT] [info] [vstream.cpp:1114] [OutputVStreamImpl] Creating scrfd_2_5g/conv51...
[2025-06-21 18:51:18.766] [3133179] [HailoRT] [info] [vstream_builder.cpp:220] [create_outputs] Output pipeline 'scrfd_2_5g/conv51': HW >> (HwReadEl1scrfd_2_5g/conv51 | hw_frame_size: 38400) >> (PullQEl_hw_read1scrfd_2_5g/conv51) >> (PostInferEl1scrfd_2_5g/conv51 | Reorder - src_order: FCR, src_shape: (40, 40, 24), dst_order: FCR, dst_shape: (40, 40, 20)) >> (UserBuffQEl1scrfd_2_5g/conv51 | timeout: 10s)
[2025-06-21 18:51:18.766] [3133179] [HailoRT] [info] [edge_elements.cpp:287] [create] Created (HwReadEl10scrfd_2_5g/conv55 | hw_frame_size: 800)
[2025-06-21 18:51:18.767] [3133179] [HailoRT] [info] [queue_elements.cpp:657] [create] Created (PullQEl_hw_read10scrfd_2_5g/conv55)
[2025-06-21 18:51:18.767] [3133179] [HailoRT] [info] [filter_elements.cpp:375] [create] Created (PostInferEl10scrfd_2_5g/conv55 | Reorder - src_order: NHCW, src_shape: (20, 20, 2), dst_order: NHWC, dst_shape: (20, 20, 2))
[2025-06-21 18:51:18.767] [3133179] [HailoRT] [info] [queue_elements.cpp:800] [create] Created (UserBuffQEl10scrfd_2_5g/conv55 | timeout: 10s)
[2025-06-21 18:51:18.767] [3133179] [HailoRT] [info] [vstream.cpp:1114] [OutputVStreamImpl] Creating scrfd_2_5g/conv55...
[2025-06-21 18:51:18.767] [3133179] [HailoRT] [info] [vstream_builder.cpp:220] [create_outputs] Output pipeline 'scrfd_2_5g/conv55': HW >> (HwReadEl10scrfd_2_5g/conv55 | hw_frame_size: 800) >> (PullQEl_hw_read10scrfd_2_5g/conv55) >> (PostInferEl10scrfd_2_5g/conv55 | Reorder - src_order: NHCW, src_shape: (20, 20, 2), dst_order: NHWC, dst_shape: (20, 20, 2)) >> (UserBuffQEl10scrfd_2_5g/conv55 | timeout: 10s)
[2025-06-21 18:51:18.767] [3133179] [HailoRT] [info] [edge_elements.cpp:287] [create] Created (HwReadEl9scrfd_2_5g/conv56 | hw_frame_size: 3200)
[2025-06-21 18:51:18.772] [3133179] [HailoRT] [info] [queue_elements.cpp:657] [create] Created (PullQEl_hw_read9scrfd_2_5g/conv56)
[2025-06-21 18:51:18.772] [3133179] [HailoRT] [info] [filter_elements.cpp:375] [create] Created (PostInferEl9scrfd_2_5g/conv56 | Reorder - src_order: NHCW, src_shape: (20, 20, 8), dst_order: NHWC, dst_shape: (20, 20, 8))
[2025-06-21 18:51:18.775] [3133179] [HailoRT] [info] [queue_elements.cpp:800] [create] Created (UserBuffQEl9scrfd_2_5g/conv56 | timeout: 10s)
[2025-06-21 18:51:18.775] [3133179] [HailoRT] [info] [vstream.cpp:1114] [OutputVStreamImpl] Creating scrfd_2_5g/conv56...
[2025-06-21 18:51:18.775] [3133179] [HailoRT] [info] [vstream_builder.cpp:220] [create_outputs] Output pipeline 'scrfd_2_5g/conv56': HW >> (HwReadEl9scrfd_2_5g/conv56 | hw_frame_size: 3200) >> (PullQEl_hw_read9scrfd_2_5g/conv56) >> (PostInferEl9scrfd_2_5g/conv56 | Reorder - src_order: NHCW, src_shape: (20, 20, 8), dst_order: NHWC, dst_shape: (20, 20, 8)) >> (UserBuffQEl9scrfd_2_5g/conv56 | timeout: 10s)
[2025-06-21 18:51:18.775] [3133179] [HailoRT] [info] [edge_elements.cpp:287] [create] Created (HwReadEl13scrfd_2_5g/conv57 | hw_frame_size: 9600)
[2025-06-21 18:51:18.778] [3133179] [HailoRT] [info] [queue_elements.cpp:657] [create] Created (PullQEl_hw_read13scrfd_2_5g/conv57)
[2025-06-21 18:51:18.778] [3133179] [HailoRT] [info] [filter_elements.cpp:375] [create] Created (PostInferEl13scrfd_2_5g/conv57 | Reorder - src_order: FCR, src_shape: (20, 20, 24), dst_order: FCR, dst_shape: (20, 20, 20))
[2025-06-21 18:51:18.780] [3133179] [HailoRT] [info] [queue_elements.cpp:800] [create] Created (UserBuffQEl13scrfd_2_5g/conv57 | timeout: 10s)
[2025-06-21 18:51:18.780] [3133179] [HailoRT] [info] [vstream.cpp:1114] [OutputVStreamImpl] Creating scrfd_2_5g/conv57...
[2025-06-21 18:51:18.780] [3133179] [HailoRT] [info] [vstream_builder.cpp:220] [create_outputs] Output pipeline 'scrfd_2_5g/conv57': HW >> (HwReadEl13scrfd_2_5g/conv57 | hw_frame_size: 9600) >> (PullQEl_hw_read13scrfd_2_5g/conv57) >> (PostInferEl13scrfd_2_5g/conv57 | Reorder - src_order: FCR, src_shape: (20, 20, 24), dst_order: FCR, dst_shape: (20, 20, 20)) >> (UserBuffQEl13scrfd_2_5g/conv57 | timeout: 10s)
[2025-06-21 18:51:19.700] [3133218] [HailoRT] [info] [hef.cpp:1929] [get_network_group_and_network_name] No name was given. Addressing all networks of default network_group: arcface_mobilefacenet
[2025-06-21 18:51:19.702] [3133218] [HailoRT] [info] [internal_buffer_manager.cpp:204] [print_execution_results] Planned internal buffer memory: CMA memory 0, user memory 50688. memory to edge layer usage factor is 1
[2025-06-21 18:51:19.702] [3133218] [HailoRT] [info] [internal_buffer_manager.cpp:212] [print_execution_results] Default Internal buffer planner executed successfully
[2025-06-21 18:51:19.716] [3133218] [HailoRT] [info] [device_internal.cpp:57] [configure] Configuring HEF took 15.568367 milliseconds
[2025-06-21 18:51:19.718] [3133218] [HailoRT] [info] [vdevice.cpp:749] [configure] Configuring HEF on VDevice took 17.834497 milliseconds
[2025-06-21 18:51:19.718] [3133218] [HailoRT] [info] [edge_elements.cpp:52] [create] Created (HwWriteEl1arcface_mobilefacenet/input_layer1 | hw_frame_size: 37632)
[2025-06-21 18:51:19.719] [3133218] [HailoRT] [info] [vstream.cpp:754] [InputVStreamImpl] Creating arcface_mobilefacenet/input_layer1...
[2025-06-21 18:51:19.719] [3133218] [HailoRT] [info] [vstream_builder.cpp:102] [create_inputs] Input pipeline 'arcface_mobilefacenet/input_layer1': (HwWriteEl1arcface_mobilefacenet/input_layer1 | hw_frame_size: 37632) >> HW
[2025-06-21 18:51:19.719] [3133218] [HailoRT] [info] [edge_elements.cpp:287] [create] Created (HwReadEl0arcface_mobilefacenet/fc1 | hw_frame_size: 512)
[2025-06-21 18:51:19.744] [3133218] [HailoRT] [info] [queue_elements.cpp:800] [create] Created (UserBuffQEl0arcface_mobilefacenet/fc1 | timeout: 10s)
[2025-06-21 18:51:19.744] [3133218] [HailoRT] [info] [vstream.cpp:1114] [OutputVStreamImpl] Creating arcface_mobilefacenet/fc1...
[2025-06-21 18:51:19.744] [3133218] [HailoRT] [info] [vstream_build[2025-06-21 18:52:06.548] [3134224] [HailoRT] [info] [vdevice.cpp:523] [create] Creating vdevice with params: device_count: 1, scheduling_algorithm: ROUND_ROBIN, multi_process_service: false
[2025-06-21 18:52:06.559] [3134224] [HailoRT] [info] [device.cpp:49] [Device] OS Version: Linux 6.12.20+rpt-rpi-2712 #1 SMP PREEMPT Debian 1:6.12.20-1+rpt1~bpo12+1 (2025-03-19) aarch64
[2025-06-21 18:52:06.564] [3134224] [HailoRT] [info] [control.cpp:108] [control__parse_identify_results] firmware_version is: 4.20.0
[2025-06-21 18:52:06.564] [3134224] [HailoRT] [info] [vdevice.cpp:651] [create] VDevice Infos: 0001:01:00.0
[2025-06-21 18:52:06.594] [3134324] [HailoRT] [info] [hef.cpp:1929] [get_network_group_and_network_name] No name was given. Addressing all networks of default network_group: scrfd_2_5g
[2025-06-21 18:52:06.609] [3134324] [HailoRT] [info] [internal_buffer_manager.cpp:204] [print_execution_results] Planned internal buffer memory: CMA memory 0, user memory 462336. memory to edge layer usage factor is 1
[2025-06-21 18:52:06.609] [3134324] [HailoRT] [info] [internal_buffer_manager.cpp:212] [print_execution_results] Default Internal buffer planner executed successfully
[2025-06-21 18:52:06.643] [3134324] [HailoRT] [info] [device_internal.cpp:57] [configure] Configuring HEF took 48.251859 milliseconds
[2025-06-21 18:52:06.697] [3134324] [HailoRT] [info] [vdevice.cpp:749] [configure] Configuring HEF on VDevice took 103.212107 milliseconds
[2025-06-21 18:52:06.701] [3134324] [HailoRT] [info] [edge_elements.cpp:52] [create] Created (HwWriteEl3scrfd_2_5g/input_layer1 | hw_frame_size: 1228800)
[2025-06-21 18:52:06.701] [3134324] [HailoRT] [info] [vstream.cpp:754] [InputVStreamImpl] Creating scrfd_2_5g/input_layer1...
[2025-06-21 18:52:06.701] [3134324] [HailoRT] [info] [vstream_builder.cpp:102] [create_inputs] Input pipeline 'scrfd_2_5g/input_layer1': (HwWriteEl3scrfd_2_5g/input_layer1 | hw_frame_size: 1228800) >> HW
[2025-06-21 18:52:06.701] [3134324] [HailoRT] [info] [edge_elements.cpp:287] [create] Created (HwReadEl3scrfd_2_5g/conv42 | hw_frame_size: 12800)
[2025-06-21 18:52:06.704] [3134324] [HailoRT] [info] [queue_elements.cpp:800] [create] Created (UserBuffQEl3scrfd_2_5g/conv42 | timeout: 10s)
[2025-06-21 18:52:06.704] [3134324] [HailoRT] [info] [vstream.cpp:1114] [OutputVStreamImpl] Creating scrfd_2_5g/conv42...
[2025-06-21 18:52:06.704] [3134324] [HailoRT] [info] [vstream_builder.cpp:220] [create_outputs] Output pipeline 'scrfd_2_5g/conv42': HW >> (HwReadEl3scrfd_2_5g/conv42 | hw_frame_size: 12800) >> (UserBuffQEl3scrfd_2_5g/conv42 | timeout: 10s)
[2025-06-21 18:52:06.704] [3134324] [HailoRT] [info] [edge_elements.cpp:287] [create] Created (HwReadEl0scrfd_2_5g/conv43 | hw_frame_size: 51200)
[2025-06-21 18:52:06.708] [3134324] [HailoRT] [info] [queue_elements.cpp:800] [create] Created (UserBuffQEl0scrfd_2_5g/conv43 | timeout: 10s)
[2025-06-21 18:52:06.708] [3134324] [HailoRT] [info] [vstream.cpp:1114] [OutputVStreamImpl] Creating scrfd_2_5g/conv43...
[2025-06-21 18:52:06.708] [3134324] [HailoRT] [info] [vstream_builder.cpp:220] [create_outputs] Output pipeline 'scrfd_2_5g/conv43': HW >> (HwReadEl0scrfd_2_5g/conv43 | hw_frame_size: 51200) >> (UserBuffQEl0scrfd_2_5g/conv43 | timeout: 10s)
[2025-06-21 18:52:06.708] [3134324] [HailoRT] [info] [edge_elements.cpp:287] [create] Created (HwReadEl2scrfd_2_5g/conv44 | hw_frame_size: 153600)
[2025-06-21 18:52:06.712] [3134324] [HailoRT] [info] [queue_elements.cpp:657] [create] Created (PullQEl_hw_read2scrfd_2_5g/conv44)
[2025-06-21 18:52:06.712] [3134324] [HailoRT] [info] [filter_elements.cpp:375] [create] Created (PostInferEl2scrfd_2_5g/conv44 | Reorder - src_order: FCR, src_shape: (80, 80, 24), dst_order: FCR, dst_shape: (80, 80, 20))
[2025-06-21 18:52:06.715] [3134324] [HailoRT] [info] [queue_elements.cpp:800] [create] Created (UserBuffQEl2scrfd_2_5g/conv44 | timeout: 10s)
[2025-06-21 18:52:06.715] [3134324] [HailoRT] [info] [vstream.cpp:1114] [OutputVStreamImpl] Creating scrfd_2_5g/conv44...
[2025-06-21 18:52:06.715] [3134324] [HailoRT] [info] [vstream_builder.cpp:220] [create_outputs] Output pipeline 'scrfd_2_5g/conv44': HW >> (HwReadEl2scrfd_2_5g/conv44 | hw_frame_size: 153600) >> (PullQEl_hw_read2scrfd_2_5g/conv44) >> (PostInferEl2scrfd_2_5g/conv44 | Reorder - src_order: FCR, src_shape: (80, 80, 24), dst_order: FCR, dst_shape: (80, 80, 20)) >> (UserBuffQEl2scrfd_2_5g/conv44 | timeout: 10s)
[2025-06-21 18:52:06.715] [3134324] [HailoRT] [info] [edge_elements.cpp:287] [create] Created (HwReadEl14scrfd_2_5g/conv49 | hw_frame_size: 3200)
[2025-06-21 18:52:06.720] [3134324] [HailoRT] [info] [queue_elements.cpp:800] [create] Created (UserBuffQEl14scrfd_2_5g/conv49 | timeout: 10s)
[2025-06-21 18:52:06.720] [3134324] [HailoRT] [info] [vstream.cpp:1114] [OutputVStreamImpl] Creating scrfd_2_5g/conv49...
[2025-06-21 18:52:06.720] [3134324] [HailoRT] [info] [vstream_builder.cpp:220] [create_outputs] Output pipeline 'scrfd_2_5g/conv49': HW >> (HwReadEl14scrfd_2_5g/conv49 | hw_frame_size: 3200) >> (UserBuffQEl14scrfd_2_5g/conv49 | timeout: 10s)
[2025-06-21 18:52:06.720] [3134324] [HailoRT] [info] [edge_elements.cpp:287] [create] Created (HwReadEl12scrfd_2_5g/conv50 | hw_frame_size: 12800)
[2025-06-21 18:52:06.723] [3134324] [HailoRT] [info] [queue_elements.cpp:800] [create] Created (UserBuffQEl12scrfd_2_5g/conv50 | timeout: 10s)
[2025-06-21 18:52:06.723] [3134324] [HailoRT] [info] [vstream.cpp:1114] [OutputVStreamImpl] Creating scrfd_2_5g/conv50...
[2025-06-21 18:52:06.723] [3134324] [HailoRT] [info] [vstream_builder.cpp:220] [create_outputs] Output pipeline 'scrfd_2_5g/conv50': HW >> (HwReadEl12scrfd_2_5g/conv50 | hw_frame_size: 12800) >> (UserBuffQEl12scrfd_2_5g/conv50 | timeout: 10s)
[2025-06-21 18:52:06.724] [3134324] [HailoRT] [info] [edge_elements.cpp:287] [create] Created (HwReadEl1scrfd_2_5g/conv51 | hw_frame_size: 38400)
[2025-06-21 18:52:06.728] [3134324] [HailoRT] [info] [queue_elements.cpp:657] [create] Created (PullQEl_hw_read1scrfd_2_5g/conv51)
[2025-06-21 18:52:06.728] [3134324] [HailoRT] [info] [filter_elements.cpp:375] [create] Created (PostInferEl1scrfd_2_5g/conv51 | Reorder - src_order: FCR, src_shape: (40, 40, 24), dst_order: FCR, dst_shape: (40, 40, 20))
[2025-06-21 18:52:06.732] [3134324] [HailoRT] [info] [queue_elements.cpp:800] [create] Created (UserBuffQEl1scrfd_2_5g/conv51 | timeout: 10s)
[2025-06-21 18:52:06.732] [3134324] [HailoRT] [info] [vstream.cpp:1114] [OutputVStreamImpl] Creating scrfd_2_5g/conv51...
[2025-06-21 18:52:06.732] [3134324] [HailoRT] [info] [vstream_builder.cpp:220] [create_outputs] Output pipeline 'scrfd_2_5g/conv51': HW >> (HwReadEl1scrfd_2_5g/conv51 | hw_frame_size: 38400) >> (PullQEl_hw_read1scrfd_2_5g/conv51) >> (PostInferEl1scrfd_2_5g/conv51 | Reorder - src_order: FCR, src_shape: (40, 40, 24), dst_order: FCR, dst_shape: (40, 40, 20)) >> (UserBuffQEl1scrfd_2_5g/conv51 | timeout: 10s)
[2025-06-21 18:52:06.733] [3134324] [HailoRT] [info] [edge_elements.cpp:287] [create] Created (HwReadEl10scrfd_2_5g/conv55 | hw_frame_size: 800)
[2025-06-21 18:52:06.739] [3134324] [HailoRT] [info] [queue_elements.cpp:657] [create] Created (PullQEl_hw_read10scrfd_2_5g/conv55)
[2025-06-21 18:52:06.739] [3134324] [HailoRT] [info] [filter_elements.cpp:375] [create] Created (PostInferEl10scrfd_2_5g/conv55 | Reorder - src_order: NHCW, src_shape: (20, 20, 2), dst_order: NHWC, dst_shape: (20, 20, 2))
[2025-06-21 18:52:06.740] [3134324] [HailoRT] [info] [queue_elements.cpp:800] [create] Created (UserBuffQEl10scrfd_2_5g/conv55 | timeout: 10s)
[2025-06-21 18:52:06.740] [3134324] [HailoRT] [info] [vstream.cpp:1114] [OutputVStreamImpl] Creating scrfd_2_5g/conv55...
[2025-06-21 18:52:06.740] [3134324] [HailoRT] [info] [vstream_builder.cpp:220] [create_outputs] Output pipeline 'scrfd_2_5g/conv55': HW >> (HwReadEl10scrfd_2_5g/conv55 | hw_frame_size: 800) >> (PullQEl_hw_read10scrfd_2_5g/conv55) >> (PostInferEl10scrfd_2_5g/conv55 | Reorder - src_order: NHCW, src_shape: (20, 20, 2), dst_order: NHWC, dst_shape: (20, 20, 2)) >> (UserBuffQEl10scrfd_2_5g/conv55 | timeout: 10s)
[2025-06-21 18:52:06.740] [3134324] [HailoRT] [info] [edge_elements.cpp:287] [create] Created (HwReadEl9scrfd_2_5g/conv56 | hw_frame_size: 3200)
[2025-06-21 18:52:06.742] [3134324] [HailoRT] [info] [queue_elements.cpp:657] [create] Created (PullQEl_hw_read9scrfd_2_5g/conv56)
[2025-06-21 18:52:06.742] [3134324] [HailoRT] [info] [filter_elements.cpp:375] [create] Created (PostInferEl9scrfd_2_5g/conv56 | Reorder - src_order: NHCW, src_shape: (20, 20, 8), dst_order: NHWC, dst_shape: (20, 20, 8))
[2025-06-21 18:52:06.749] [3134324] [HailoRT] [info] [queue_elements.cpp:800] [create] Created (UserBuffQEl9scrfd_2_5g/conv56 | timeout: 10s)
[2025-06-21 18:52:06.749] [3134324] [HailoRT] [info] [vstream.cpp:1114] [OutputVStreamImpl] Creating scrfd_2_5g/conv56...
[2025-06-21 18:52:06.749] [3134324] [HailoRT] [info] [vstream_builder.cpp:220] [create_outputs] Output pipeline 'scrfd_2_5g/conv56': HW >> (HwReadEl9scrfd_2_5g/conv56 | hw_frame_size: 3200) >> (PullQEl_hw_read9scrfd_2_5g/conv56) >> (PostInferEl9scrfd_2_5g/conv56 | Reorder - src_order: NHCW, src_shape: (20, 20, 8), dst_order: NHWC, dst_shape: (20, 20, 8)) >> (UserBuffQEl9scrfd_2_5g/conv56 | timeout: 10s)
[2025-06-21 18:52:06.749] [3134324] [HailoRT] [info] [edge_elements.cpp:287] [create] Created (HwReadEl13scrfd_2_5g/conv57 | hw_frame_size: 9600)
[2025-06-21 18:52:06.752] [3134324] [HailoRT] [info] [queue_elements.cpp:657] [create] Created (PullQEl_hw_read13scrfd_2_5g/conv57)
[2025-06-21 18:52:06.752] [3134324] [HailoRT] [info] [filter_elements.cpp:375] [create] Created (PostInferEl13scrfd_2_5g/conv57 | Reorder - src_order: FCR, src_shape: (20, 20, 24), dst_order: FCR, dst_shape: (20, 20, 20))
[2025-06-21 18:52:06.757] [3134324] [HailoRT] [info] [queue_elements.cpp:800] [create] Created (UserBuffQEl13scrfd_2_5g/conv57 | timeout: 10s)
[2025-06-21 18:52:06.757] [3134324] [HailoRT] [info] [vstream.cpp:1114] [OutputVStreamImpl] Creating scrfd_2_5g/conv57...
[2025-06-21 18:52:06.757] [3134324] [HailoRT] [info] [vstream_builder.cpp:220] [create_outputs] Output pipeline 'scrfd_2_5g/conv57': HW >> (HwReadEl13scrfd_2_5g/conv57 | hw_frame_size: 9600) >> (PullQEl_hw_read13scrfd_2_5g/conv57) >> (PostInferEl13scrfd_2_5g/conv57 | Reorder - src_order: FCR, src_shape: (20, 20, 24), dst_order: FCR, dst_shape: (20, 20, 20)) >> (UserBuffQEl13scrfd_2_5g/conv57 | timeout: 10s)
[2025-06-21 18:52:07.594] [3134362] [HailoRT] [info] [hef.cpp:1929] [get_network_group_and_network_name] No name was given. Addressing all networks of default network_group: arcface_mobilefacenet
[2025-06-21 18:52:07.596] [3134362] [HailoRT] [info] [internal_buffer_manager.cpp:204] [print_execution_results] Planned internal buffer memory: CMA memory 0, user memory 50688. memory to edge layer usage factor is 1
[2025-06-21 18:52:07.596] [3134362] [HailoRT] [info] [internal_buffer_manager.cpp:212] [print_execution_results] Default Internal buffer planner executed successfully
[2025-06-21 18:52:07.616] [3134362] [HailoRT] [info] [device_internal.cpp:57] [configure] Configuring HEF took 22.078365 milliseconds
[2025-06-21 18:52:07.618] [3134362] [HailoRT] [info] [vdevice.cpp:749] [configure] Configuring HEF on VDevice took 24.435401 milliseconds
[2025-06-21 18:52:07.618] [3134362] [HailoRT] [info] [edge_elements.cpp:52] [create] Created (HwWriteEl1arcface_mobilefacenet/input_layer1 | hw_frame_size: 37632)
[2025-06-21 18:52:07.618] [3134362] [HailoRT] [info] [vstream.cpp:754] [InputVStreamImpl] Creating arcface_mobilefacenet/input_layer1...
[2025-06-21 18:52:07.618] [3134362] [HailoRT] [info] [vstream_builder.cpp:102] [create_inputs] Input pipeline 'arcface_mobilefacenet/input_layer1': (HwWriteEl1arcface_mobilefacenet/input_layer1 | hw_frame_size: 37632) >> HW
[2025-06-21 18:52:07.618] [3134362] [HailoRT] [info] [edge_elements.cpp:287] [create] Created (HwReadEl0arcface_mobilefacenet/fc1 | hw_frame_size: 512)
[2025-06-21 18:52:07.652] [3134362] [HailoRT] [info] [queue_elements.cpp:800] [create] Created (UserBuffQEl0arcface_mobilefacenet/fc1 | timeout: 10s)
[2025-06-21 18:52:07.652] [3134362] [HailoRT] [info] [vstream.cpp:1114] [OutputVStreamImpl] Creating arcface_mobilefacenet/fc1...
[2025-06-21 18:52:07.652] [3134362] [HailoRT] [info] [vstream_builder.cpp:220] [create_outputs] Output pipeline 'arcface_mobilefacenet/fc1': HW >> (HwReadEl0arcface_mobilefacenet/fc1 | hw_frame_size: 512) >> (UserBuffQEl0arcface_mobilefacenet/fc1 | timeout: 10s)
[2025-06-21 18:54:27.002] [3138350] [HailoRT] [info] [vdevice.cpp:523] [create] Creating vdevice with params: device_count: 1, scheduling_algorithm: ROUND_ROBIN, multi_process_service: false
[2025-06-21 18:54:27.014] [3138350] [HailoRT] [info] [device.cpp:49] [Device] OS Version: Linux 6.12.20+rpt-rpi-2712 #1 SMP PREEMPT Debian 1:6.12.20-1+rpt1~bpo12+1 (2025-03-19) aarch64
[2025-06-21 18:54:27.021] [3138350] [HailoRT] [info] [control.cpp:108] [control__parse_identify_results] firmware_version is: 4.20.0
[2025-06-21 18:54:27.022] [3138350] [HailoRT] [info] [vdevice.cpp:651] [create] VDevice Infos: 0001:01:00.0
[2025-06-21 18:54:27.052] [3138477] [HailoRT] [info] [hef.cpp:1929] [get_network_group_and_network_name] No name was given. Addressing all networks of default network_group: scrfd_2_5g
[2025-06-21 18:54:27.064] [3138477] [HailoRT] [info] [internal_buffer_manager.cpp:204] [print_execution_results] Planned internal buffer memory: CMA memory 0, user memory 462336. memory to edge layer usage factor is 1
[2025-06-21 18:54:27.064] [3138477] [HailoRT] [info] [internal_buffer_manager.cpp:212] [print_execution_results] Default Internal buffer planner executed successfully
[2025-06-21 18:54:27.078] [3138477] [HailoRT] [info] [device_internal.cpp:57] [configure] Configuring HEF took 25.96366 milliseconds
[2025-06-21 18:54:27.091] [3138477] [HailoRT] [info] [vdevice.cpp:749] [configure] Configuring HEF on VDevice took 38.360397 milliseconds
[2025-06-21 18:54:27.091] [3138477] [HailoRT] [info] [edge_elements.cpp:52] [create] Created (HwWriteEl3scrfd_2_5g/input_layer1 | hw_frame_size: 1228800)
[2025-06-21 18:54:27.091] [3138477] [HailoRT] [info] [vstream.cpp:754] [InputVStreamImpl] Creating scrfd_2_5g/input_layer1...
[2025-06-21 18:54:27.091] [3138477] [HailoRT] [info] [vstream_builder.cpp:102] [create_inputs] Input pipeline 'scrfd_2_5g/input_layer1': (HwWriteEl3scrfd_2_5g/input_layer1 | hw_frame_size: 1228800) >> HW
[2025-06-21 18:54:27.091] [3138477] [HailoRT] [info] [edge_elements.cpp:287] [create] Created (HwReadEl3scrfd_2_5g/conv42 | hw_frame_size: 12800)
[2025-06-21 18:54:27.092] [3138477] [HailoRT] [info] [queue_elements.cpp:800] [create] Created (UserBuffQEl3scrfd_2_5g/conv42 | timeout: 10s)
[2025-06-21 18:54:27.092] [3138477] [HailoRT] [info] [vstream.cpp:1114] [OutputVStreamImpl] Creating scrfd_2_5g/conv42...
[2025-06-21 18:54:27.092] [3138477] [HailoRT] [info] [vstream_builder.cpp:220] [create_outputs] Output pipeline 'scrfd_2_5g/conv42': HW >> (HwReadEl3scrfd_2_5g/conv42 | hw_frame_size: 12800) >> (UserBuffQEl3scrfd_2_5g/conv42 | timeout: 10s)
[2025-06-21 18:54:27.092] [3138477] [HailoRT] [info] [edge_elements.cpp:287] [create] Created (HwReadEl0scrfd_2_5g/conv43 | hw_frame_size: 51200)
[2025-06-21 18:54:27.097] [3138477] [HailoRT] [info] [queue_elements.cpp:800] [create] Created (UserBuffQEl0scrfd_2_5g/conv43 | timeout: 10s)
[2025-06-21 18:54:27.097] [3138477] [HailoRT] [info] [vstream.cpp:1114] [OutputVStreamImpl] Creating scrfd_2_5g/conv43...
[2025-06-21 18:54:27.097] [3138477] [HailoRT] [info] [vstream_builder.cpp:220] [create_outputs] Output pipeline 'scrfd_2_5g/conv43': HW >> (HwReadEl0scrfd_2_5g/conv43 | hw_frame_size: 51200) >> (UserBuffQEl0scrfd_2_5g/conv43 | timeout: 10s)
[2025-06-21 18:54:27.098] [3138477] [HailoRT] [info] [edge_elements.cpp:287] [create] Created (HwReadEl2scrfd_2_5g/conv44 | hw_frame_size: 153600)
[2025-06-21 18:54:27.098] [3138477] [HailoRT] [info] [queue_elements.cpp:657] [create] Created (PullQEl_hw_read2scrfd_2_5g/conv44)
[2025-06-21 18:54:27.098] [3138477] [HailoRT] [info] [filter_elements.cpp:375] [create] Created (PostInferEl2scrfd_2_5g/conv44 | Reorder - src_order: FCR, src_shape: (80, 80, 24), dst_order: FCR, dst_shape: (80, 80, 20))
[2025-06-21 18:54:27.099] [3138477] [HailoRT] [info] [queue_elements.cpp:800] [create] Created (UserBuffQEl2scrfd_2_5g/conv44 | timeout: 10s)
[2025-06-21 18:54:27.099] [3138477] [HailoRT] [info] [vstream.cpp:1114] [OutputVStreamImpl] Creating scrfd_2_5g/conv44...
[2025-06-21 18:54:27.099] [3138477] [HailoRT] [info] [vstream_builder.cpp:220] [create_outputs] Output pipeline 'scrfd_2_5g/conv44': HW >> (HwReadEl2scrfd_2_5g/conv44 | hw_frame_size: 153600) >> (PullQEl_hw_read2scrfd_2_5g/conv44) >> (PostInferEl2scrfd_2_5g/conv44 | Reorder - src_order: FCR, src_shape: (80, 80, 24), dst_order: FCR, dst_shape: (80, 80, 20)) >> (UserBuffQEl2scrfd_2_5g/conv44 | timeout: 10s)
[2025-06-21 18:54:27.100] [3138477] [HailoRT] [info] [edge_elements.cpp:287] [create] Created (HwReadEl14scrfd_2_5g/conv49 | hw_frame_size: 3200)
[2025-06-21 18:54:27.103] [3138477] [HailoRT] [info] [queue_elements.cpp:800] [create] Created (UserBuffQEl14scrfd_2_5g/conv49 | timeout: 10s)
[2025-06-21 18:54:27.104] [3138477] [HailoRT] [info] [vstream.cpp:1114] [OutputVStreamImpl] Creating scrfd_2_5g/conv49...
[2025-06-21 18:54:27.104] [3138477] [HailoRT] [info] [vstream_builder.cpp:220] [create_outputs] Output pipeline 'scrfd_2_5g/conv49': HW >> (HwReadEl14scrfd_2_5g/conv49 | hw_frame_size: 3200) >> (UserBuffQEl14scrfd_2_5g/conv49 | timeout: 10s)
[2025-06-21 18:54:27.104] [3138477] [HailoRT] [info] [edge_elements.cpp:287] [create] Created (HwReadEl12scrfd_2_5g/conv50 | hw_frame_size: 12800)
[2025-06-21 18:54:27.107] [3138477] [HailoRT] [info] [queue_elements.cpp:800] [create] Created (UserBuffQEl12scrfd_2_5g/conv50 | timeout: 10s)
[2025-06-21 18:54:27.107] [3138477] [HailoRT] [info] [vstream.cpp:1114] [OutputVStreamImpl] Creating scrfd_2_5g/conv50...
[2025-06-21 18:54:27.107] [3138477] [HailoRT] [info] [vstream_builder.cpp:220] [create_outputs] Output pipeline 'scrfd_2_5g/conv50': HW >> (HwReadEl12scrfd_2_5g/conv50 | hw_frame_size: 12800) >> (UserBuffQEl12scrfd_2_5g/conv50 | timeout: 10s)
[2025-06-21 18:54:27.107] [3138477] [HailoRT] [info] [edge_elements.cpp:287] [create] Created (HwReadEl1scrfd_2_5g/conv51 | hw_frame_size: 38400)
[2025-06-21 18:54:27.109] [3138477] [HailoRT] [info] [queue_elements.cpp:657] [create] Created (PullQEl_hw_read1scrfd_2_5g/conv51)
[2025-06-21 18:54:27.109] [3138477] [HailoRT] [info] [filter_elements.cpp:375] [create] Created (PostInferEl1scrfd_2_5g/conv51 | Reorder - src_order: FCR, src_shape: (40, 40, 24), dst_order: FCR, dst_shape: (40, 40, 20))
[2025-06-21 18:54:27.111] [3138477] [HailoRT] [info] [queue_elements.cpp:800] [create] Created (UserBuffQEl1scrfd_2_5g/conv51 | timeout: 10s)
[2025-06-21 18:54:27.111] [3138477] [HailoRT] [info] [vstream.cpp:1114] [OutputVStreamImpl] Creating scrfd_2_5g/conv51...
[2025-06-21 18:54:27.111] [3138477] [HailoRT] [info] [vstream_builder.cpp:220] [create_outputs] Output pipeline 'scrfd_2_5g/conv51': HW >> (HwReadEl1scrfd_2_5g/conv51 | hw_frame_size: 38400) >> (PullQEl_hw_read1scrfd_2_5g/conv51) >> (PostInferEl1scrfd_2_5g/conv51 | Reorder - src_order: FCR, src_shape: (40, 40, 24), dst_order: FCR, dst_shape: (40, 40, 20)) >> (UserBuffQEl1scrfd_2_5g/conv51 | timeout: 10s)
[2025-06-21 18:54:27.111] [3138477] [HailoRT] [info] [edge_elements.cpp:287] [create] Created (HwReadEl10scrfd_2_5g/conv55 | hw_frame_size: 800)
[2025-06-21 18:54:27.113] [3138477] [HailoRT] [info] [queue_elements.cpp:657] [create] Created (PullQEl_hw_read10scrfd_2_5g/conv55)
[2025-06-21 18:54:27.113] [3138477] [HailoRT] [info] [filter_elements.cpp:375] [create] Created (PostInferEl10scrfd_2_5g/conv55 | Reorder - src_order: NHCW, src_shape: (20, 20, 2), dst_order: NHWC, dst_shape: (20, 20, 2))
[2025-06-21 18:54:27.115] [3138477] [HailoRT] [info] [queue_elements.cpp:800] [create] Created (UserBuffQEl10scrfd_2_5g/conv55 | timeout: 10s)
[2025-06-21 18:54:27.115] [3138477] [HailoRT] [info] [vstream.cpp:1114] [OutputVStreamImpl] Creating scrfd_2_5g/conv55...
[2025-06-21 18:54:27.115] [3138477] [HailoRT] [info] [vstream_builder.cpp:220] [create_outputs] Output pipeline 'scrfd_2_5g/conv55': HW >> (HwReadEl10scrfd_2_5g/conv55 | hw_frame_size: 800) >> (PullQEl_hw_read10scrfd_2_5g/conv55) >> (PostInferEl10scrfd_2_5g/conv55 | Reorder - src_order: NHCW, src_shape: (20, 20, 2), dst_order: NHWC, dst_shape: (20, 20, 2)) >> (UserBuffQEl10scrfd_2_5g/conv55 | timeout: 10s)
[2025-06-21 18:54:27.116] [3138477] [HailoRT] [info] [edge_elements.cpp:287] [create] Created (HwReadEl9scrfd_2_5g/conv56 | hw_frame_size: 3200)
[2025-06-21 18:54:27.116] [3138477] [HailoRT] [info] [queue_elements.cpp:657] [create] Created (PullQEl_hw_read9scrfd_2_5g/conv56)
[2025-06-21 18:54:27.116] [3138477] [HailoRT] [info] [filter_elements.cpp:375] [create] Created (PostInferEl9scrfd_2_5g/conv56 | Reorder - src_order: NHCW, src_shape: (20, 20, 8), dst_order: NHWC, dst_shape: (20, 20, 8))
[2025-06-21 18:54:27.117] [3138477] [HailoRT] [info] [queue_elements.cpp:800] [create] Created (UserBuffQEl9scrfd_2_5g/conv56 | timeout: 10s)
[2025-06-21 18:54:27.117] [3138477] [HailoRT] [info] [vstream.cpp:1114] [OutputVStreamImpl] Creating scrfd_2_5g/conv56...
[2025-06-21 18:54:27.117] [3138477] [HailoRT] [info] [vstream_builder.cpp:220] [create_outputs] Output pipeline 'scrfd_2_5g/conv56': HW >> (HwReadEl9scrfd_2_5g/conv56 | hw_frame_size: 3200) >> (PullQEl_hw_read9scrfd_2_5g/conv56) >> (PostInferEl9scrfd_2_5g/conv56 | Reorder - src_order: NHCW, src_shape: (20, 20, 8), dst_order: NHWC, dst_shape: (20, 20, 8)) >> (UserBuffQEl9scrfd_2_5g/conv56 | timeout: 10s)
[2025-06-21 18:54:27.117] [3138477] [HailoRT] [info] [edge_elements.cpp:287] [create] Created (HwReadEl13scrfd_2_5g/conv57 | hw_frame_size: 9600)
[2025-06-21 18:54:27.119] [3138477] [HailoRT] [info] [queue_elements.cpp:657] [create] Created (PullQEl_hw_read13scrfd_2_5g/conv57)
[2025-06-21 18:54:27.120] [3138477] [HailoRT] [info] [filter_elements.cpp:375] [create] Created (PostInferEl13scrfd_2_5g/conv57 | Reorder - src_order: FCR, src_shape: (20, 20, 24), dst_order: FCR, dst_shape: (20, 20, 20))
[2025-06-21 18:54:27.121] [3138477] [HailoRT] [info] [queue_elements.cpp:800] [create] Created (UserBuffQEl13scrfd_2_5g/conv57 | timeout: 10s)
[2025-06-21 18:54:27.121] [3138477] [HailoRT] [info] [vstream.cpp:1114] [OutputVStreamImpl] Creating scrfd_2_5g/conv57...
[2025-06-21 18:54:27.121] [3138477] [HailoRT] [info] [vstream_builder.cpp:220] [create_outputs] Output pipeline 'scrfd_2_5g/conv57': HW >> (HwReadEl13scrfd_2_5g/conv57 | hw_frame_size: 9600) >> (PullQEl_hw_read13scrfd_2_5g/conv57) >> (PostInferEl13scrfd_2_5g/conv57 | Reorder - src_order: FCR, src_shape: (20, 20, 24), dst_order: FCR, dst_shape: (20, 20, 20)) >> (UserBuffQEl13scrfd_2_5g/conv57 | timeout: 10s)
[2025-06-21 18:54:28.051] [3138516] [HailoRT] [info] [hef.cpp:1929] [get_network_group_and_network_name] No name was given. Addressing all networks of default network_group: arcface_mobilefacenet
[2025-06-21 18:54:28.053] [3138516] [HailoRT] [info] [internal_buffer_manager.cpp:204] [print_execution_results] Planned internal buffer memory: CMA memory 0, user memory 50688. memory to edge layer usage factor is 1
[2025-06-21 18:54:28.053] [3138516] [HailoRT] [info] [internal_buffer_manager.cpp:212] [print_execution_results] Default Internal buffer planner executed successfully
[2025-06-21 18:54:28.070] [3138516] [HailoRT] [info] [device_internal.cpp:57] [configure] Configuring HEF took 18.77344 milliseconds
[2025-06-21 18:54:28.073] [3138516] [HailoRT] [info] [vdevice.cpp:749] [configure] Configuring HEF on VDevice took 21.523013 milliseconds
[2025-06-21 18:54:28.073] [3138516] [HailoRT] [info] [edge_elements.cpp:52] [create] Created (HwWriteEl1arcface_mobilefacenet/input_layer1 | hw_frame_size: 37632)
[2025-06-21 18:54:28.073] [3138516] [HailoRT] [info] [vstream.cpp:754] [InputVStreamImpl] Creating arcface_mobilefacenet/input_layer1...
[2025-06-21 18:54:28.073] [3138516] [HailoRT] [info] [vstream_builder.cpp:102] [create_inputs] Input pipeline 'arcface_mobilefacenet/input_layer1': (HwWriteEl1arcface_mobilefacenet/input_layer1 | hw_frame_size: 37632) >> HW
[2025-06-21 18:54:28.073] [3138516] [HailoRT] [info] [edge_elements.cpp:287] [create] Created (HwReadEl0arcface_mobilefacenet/fc1 | hw_frame_size: 512)
[2025-06-21 18:54:28.105] [3138516] [HailoRT] [info] [queue_elements.cpp:800] [create] Created (UserBuffQEl0arcface_mobilefacenet/fc1 | timeout: 10s)
[2025-06-21 18:54:28.105] [3138516] [HailoRT] [info] [vstream.cpp:1114] [OutputVStreamImpl] Creating arcface_mobilefacenet/fc1...
[2025-06-21 18:54:28.105] [3138516] [HailoRT] [info] [vstream_builder[2025-06-21 18:54:54.780] [3139095] [HailoRT] [info] [vdevice.cpp:523] [create] Creating vdevice with params: device_count: 1, scheduling_algorithm: ROUND_ROBIN, multi_process_service: false
[2025-06-21 18:54:54.791] [3139095] [HailoRT] [info] [device.cpp:49] [Device] OS Version: Linux 6.12.20+rpt-rpi-2712 #1 SMP PREEMPT Debian 1:6.12.20-1+rpt1~bpo12+1 (2025-03-19) aarch64
[2025-06-21 18:54:54.795] [3139095] [HailoRT] [info] [control.cpp:108] [control__parse_identify_results] firmware_version is: 4.20.0
[2025-06-21 18:54:54.795] [3139095] [HailoRT] [info] [vdevice.cpp:651] [create] VDevice Infos: 0001:01:00.0
[2025-06-21 18:54:54.826] [3139200] [HailoRT] [info] [hef.cpp:1929] [get_network_group_and_network_name] No name was given. Addressing all networks of default network_group: scrfd_2_5g
[2025-06-21 18:54:54.836] [3139200] [HailoRT] [info] [internal_buffer_manager.cpp:204] [print_execution_results] Planned internal buffer memory: CMA memory 0, user memory 462336. memory to edge layer usage factor is 1
[2025-06-21 18:54:54.836] [3139200] [HailoRT] [info] [internal_buffer_manager.cpp:212] [print_execution_results] Default Internal buffer planner executed successfully
[2025-06-21 18:54:54.852] [3139200] [HailoRT] [info] [device_internal.cpp:57] [configure] Configuring HEF took 25.481049 milliseconds
[2025-06-21 18:54:54.865] [3139200] [HailoRT] [info] [vdevice.cpp:749] [configure] Configuring HEF on VDevice took 38.705045 milliseconds
[2025-06-21 18:54:54.865] [3139200] [HailoRT] [info] [edge_elements.cpp:52] [create] Created (HwWriteEl3scrfd_2_5g/input_layer1 | hw_frame_size: 1228800)
[2025-06-21 18:54:54.865] [3139200] [HailoRT] [info] [vstream.cpp:754] [InputVStreamImpl] Creating scrfd_2_5g/input_layer1...
[2025-06-21 18:54:54.866] [3139200] [HailoRT] [info] [vstream_builder.cpp:102] [create_inputs] Input pipeline 'scrfd_2_5g/input_layer1': (HwWriteEl3scrfd_2_5g/input_layer1 | hw_frame_size: 1228800) >> HW
[2025-06-21 18:54:54.866] [3139200] [HailoRT] [info] [edge_elements.cpp:287] [create] Created (HwReadEl3scrfd_2_5g/conv42 | hw_frame_size: 12800)
[2025-06-21 18:54:54.867] [3139200] [HailoRT] [info] [queue_elements.cpp:800] [create] Created (UserBuffQEl3scrfd_2_5g/conv42 | timeout: 10s)
[2025-06-21 18:54:54.867] [3139200] [HailoRT] [info] [vstream.cpp:1114] [OutputVStreamImpl] Creating scrfd_2_5g/conv42...
[2025-06-21 18:54:54.867] [3139200] [HailoRT] [info] [vstream_builder.cpp:220] [create_outputs] Output pipeline 'scrfd_2_5g/conv42': HW >> (HwReadEl3scrfd_2_5g/conv42 | hw_frame_size: 12800) >> (UserBuffQEl3scrfd_2_5g/conv42 | timeout: 10s)
[2025-06-21 18:54:54.867] [3139200] [HailoRT] [info] [edge_elements.cpp:287] [create] Created (HwReadEl0scrfd_2_5g/conv43 | hw_frame_size: 51200)
[2025-06-21 18:54:54.867] [3139200] [HailoRT] [info] [queue_elements.cpp:800] [create] Created (UserBuffQEl0scrfd_2_5g/conv43 | timeout: 10s)
[2025-06-21 18:54:54.867] [3139200] [HailoRT] [info] [vstream.cpp:1114] [OutputVStreamImpl] Creating scrfd_2_5g/conv43...
[2025-06-21 18:54:54.867] [3139200] [HailoRT] [info] [vstream_builder.cpp:220] [create_outputs] Output pipeline 'scrfd_2_5g/conv43': HW >> (HwReadEl0scrfd_2_5g/conv43 | hw_frame_size: 51200) >> (UserBuffQEl0scrfd_2_5g/conv43 | timeout: 10s)
[2025-06-21 18:54:54.868] [3139200] [HailoRT] [info] [edge_elements.cpp:287] [create] Created (HwReadEl2scrfd_2_5g/conv44 | hw_frame_size: 153600)
[2025-06-21 18:54:54.869] [3139200] [HailoRT] [info] [queue_elements.cpp:657] [create] Created (PullQEl_hw_read2scrfd_2_5g/conv44)
[2025-06-21 18:54:54.869] [3139200] [HailoRT] [info] [filter_elements.cpp:375] [create] Created (PostInferEl2scrfd_2_5g/conv44 | Reorder - src_order: FCR, src_shape: (80, 80, 24), dst_order: FCR, dst_shape: (80, 80, 20))
[2025-06-21 18:54:54.872] [3139200] [HailoRT] [info] [queue_elements.cpp:800] [create] Created (UserBuffQEl2scrfd_2_5g/conv44 | timeout: 10s)
[2025-06-21 18:54:54.873] [3139200] [HailoRT] [info] [vstream.cpp:1114] [OutputVStreamImpl] Creating scrfd_2_5g/conv44...
[2025-06-21 18:54:54.873] [3139200] [HailoRT] [info] [vstream_builder.cpp:220] [create_outputs] Output pipeline 'scrfd_2_5g/conv44': HW >> (HwReadEl2scrfd_2_5g/conv44 | hw_frame_size: 153600) >> (PullQEl_hw_read2scrfd_2_5g/conv44) >> (PostInferEl2scrfd_2_5g/conv44 | Reorder - src_order: FCR, src_shape: (80, 80, 24), dst_order: FCR, dst_shape: (80, 80, 20)) >> (UserBuffQEl2scrfd_2_5g/conv44 | timeout: 10s)
[2025-06-21 18:54:54.873] [3139200] [HailoRT] [info] [edge_elements.cpp:287] [create] Created (HwReadEl14scrfd_2_5g/conv49 | hw_frame_size: 3200)
[2025-06-21 18:54:54.874] [3139200] [HailoRT] [info] [queue_elements.cpp:800] [create] Created (UserBuffQEl14scrfd_2_5g/conv49 | timeout: 10s)
[2025-06-21 18:54:54.874] [3139200] [HailoRT] [info] [vstream.cpp:1114] [OutputVStreamImpl] Creating scrfd_2_5g/conv49...
[2025-06-21 18:54:54.874] [3139200] [HailoRT] [info] [vstream_builder.cpp:220] [create_outputs] Output pipeline 'scrfd_2_5g/conv49': HW >> (HwReadEl14scrfd_2_5g/conv49 | hw_frame_size: 3200) >> (UserBuffQEl14scrfd_2_5g/conv49 | timeout: 10s)
[2025-06-21 18:54:54.874] [3139200] [HailoRT] [info] [edge_elements.cpp:287] [create] Created (HwReadEl12scrfd_2_5g/conv50 | hw_frame_size: 12800)
[2025-06-21 18:54:54.876] [3139200] [HailoRT] [info] [queue_elements.cpp:800] [create] Created (UserBuffQEl12scrfd_2_5g/conv50 | timeout: 10s)
[2025-06-21 18:54:54.876] [3139200] [HailoRT] [info] [vstream.cpp:1114] [OutputVStreamImpl] Creating scrfd_2_5g/conv50...
[2025-06-21 18:54:54.876] [3139200] [HailoRT] [info] [vstream_builder.cpp:220] [create_outputs] Output pipeline 'scrfd_2_5g/conv50': HW >> (HwReadEl12scrfd_2_5g/conv50 | hw_frame_size: 12800) >> (UserBuffQEl12scrfd_2_5g/conv50 | timeout: 10s)
[2025-06-21 18:54:54.876] [3139200] [HailoRT] [info] [edge_elements.cpp:287] [create] Created (HwReadEl1scrfd_2_5g/conv51 | hw_frame_size: 38400)
[2025-06-21 18:54:54.878] [3139200] [HailoRT] [info] [queue_elements.cpp:657] [create] Created (PullQEl_hw_read1scrfd_2_5g/conv51)
[2025-06-21 18:54:54.878] [3139200] [HailoRT] [info] [filter_elements.cpp:375] [create] Created (PostInferEl1scrfd_2_5g/conv51 | Reorder - src_order: FCR, src_shape: (40, 40, 24), dst_order: FCR, dst_shape: (40, 40, 20))
[2025-06-21 18:54:54.878] [3139200] [HailoRT] [info] [queue_elements.cpp:800] [create] Created (UserBuffQEl1scrfd_2_5g/conv51 | timeout: 10s)
[2025-06-21 18:54:54.878] [3139200] [HailoRT] [info] [vstream.cpp:1114] [OutputVStreamImpl] Creating scrfd_2_5g/conv51...
[2025-06-21 18:54:54.878] [3139200] [HailoRT] [info] [vstream_builder.cpp:220] [create_outputs] Output pipeline 'scrfd_2_5g/conv51': HW >> (HwReadEl1scrfd_2_5g/conv51 | hw_frame_size: 38400) >> (PullQEl_hw_read1scrfd_2_5g/conv51) >> (PostInferEl1scrfd_2_5g/conv51 | Reorder - src_order: FCR, src_shape: (40, 40, 24), dst_order: FCR, dst_shape: (40, 40, 20)) >> (UserBuffQEl1scrfd_2_5g/conv51 | timeout: 10s)
[2025-06-21 18:54:54.879] [3139200] [HailoRT] [info] [edge_elements.cpp:287] [create] Created (HwReadEl10scrfd_2_5g/conv55 | hw_frame_size: 800)
[2025-06-21 18:54:54.881] [3139200] [HailoRT] [info] [queue_elements.cpp:657] [create] Created (PullQEl_hw_read10scrfd_2_5g/conv55)
[2025-06-21 18:54:54.881] [3139200] [HailoRT] [info] [filter_elements.cpp:375] [create] Created (PostInferEl10scrfd_2_5g/conv55 | Reorder - src_order: NHCW, src_shape: (20, 20, 2), dst_order: NHWC, dst_shape: (20, 20, 2))
[2025-06-21 18:54:54.884] [3139200] [HailoRT] [info] [queue_elements.cpp:800] [create] Created (UserBuffQEl10scrfd_2_5g/conv55 | timeout: 10s)
[2025-06-21 18:54:54.884] [3139200] [HailoRT] [info] [vstream.cpp:1114] [OutputVStreamImpl] Creating scrfd_2_5g/conv55...
[2025-06-21 18:54:54.884] [3139200] [HailoRT] [info] [vstream_builder.cpp:220] [create_outputs] Output pipeline 'scrfd_2_5g/conv55': HW >> (HwReadEl10scrfd_2_5g/conv55 | hw_frame_size: 800) >> (PullQEl_hw_read10scrfd_2_5g/conv55) >> (PostInferEl10scrfd_2_5g/conv55 | Reorder - src_order: NHCW, src_shape: (20, 20, 2), dst_order: NHWC, dst_shape: (20, 20, 2)) >> (UserBuffQEl10scrfd_2_5g/conv55 | timeout: 10s)
[2025-06-21 18:54:54.884] [3139200] [HailoRT] [info] [edge_elements.cpp:287] [create] Created (HwReadEl9scrfd_2_5g/conv56 | hw_frame_size: 3200)
[2025-06-21 18:54:54.885] [3139200] [HailoRT] [info] [queue_elements.cpp:657] [create] Created (PullQEl_hw_read9scrfd_2_5g/conv56)
[2025-06-21 18:54:54.886] [3139200] [HailoRT] [info] [filter_elements.cpp:375] [create] Created (PostInferEl9scrfd_2_5g/conv56 | Reorder - src_order: NHCW, src_shape: (20, 20, 8), dst_order: NHWC, dst_shape: (20, 20, 8))
[2025-06-21 18:54:54.889] [3139200] [HailoRT] [info] [queue_elements.cpp:800] [create] Created (UserBuffQEl9scrfd_2_5g/conv56 | timeout: 10s)
[2025-06-21 18:54:54.889] [3139200] [HailoRT] [info] [vstream.cpp:1114] [OutputVStreamImpl] Creating scrfd_2_5g/conv56...
[2025-06-21 18:54:54.889] [3139200] [HailoRT] [info] [vstream_builder.cpp:220] [create_outputs] Output pipeline 'scrfd_2_5g/conv56': HW >> (HwReadEl9scrfd_2_5g/conv56 | hw_frame_size: 3200) >> (PullQEl_hw_read9scrfd_2_5g/conv56) >> (PostInferEl9scrfd_2_5g/conv56 | Reorder - src_order: NHCW, src_shape: (20, 20, 8), dst_order: NHWC, dst_shape: (20, 20, 8)) >> (UserBuffQEl9scrfd_2_5g/conv56 | timeout: 10s)
[2025-06-21 18:54:54.889] [3139200] [HailoRT] [info] [edge_elements.cpp:287] [create] Created (HwReadEl13scrfd_2_5g/conv57 | hw_frame_size: 9600)
[2025-06-21 18:54:54.890] [3139200] [HailoRT] [info] [queue_elements.cpp:657] [create] Created (PullQEl_hw_read13scrfd_2_5g/conv57)
[2025-06-21 18:54:54.890] [3139200] [HailoRT] [info] [filter_elements.cpp:375] [create] Created (PostInferEl13scrfd_2_5g/conv57 | Reorder - src_order: FCR, src_shape: (20, 20, 24), dst_order: FCR, dst_shape: (20, 20, 20))
[2025-06-21 18:54:54.890] [3139200] [HailoRT] [info] [queue_elements.cpp:800] [create] Created (UserBuffQEl13scrfd_2_5g/conv57 | timeout: 10s)
[2025-06-21 18:54:54.890] [3139200] [HailoRT] [info] [vstream.cpp:1114] [OutputVStreamImpl] Creating scrfd_2_5g/conv57...
[2025-06-21 18:54:54.890] [3139200] [HailoRT] [info] [vstream_builder.cpp:220] [create_outputs] Output pipeline 'scrfd_2_5g/conv57': HW >> (HwReadEl13scrfd_2_5g/conv57 | hw_frame_size: 9600) >> (PullQEl_hw_read13scrfd_2_5g/conv57) >> (PostInferEl13scrfd_2_5g/conv57 | Reorder - src_order: FCR, src_shape: (20, 20, 24), dst_order: FCR, dst_shape: (20, 20, 20)) >> (UserBuffQEl13scrfd_2_5g/conv57 | timeout: 10s)
[2025-06-21 18:54:55.828] [3139236] [HailoRT] [info] [hef.cpp:1929] [get_network_group_and_network_name] No name was given. Addressing all networks of default network_group: arcface_mobilefacenet
[2025-06-21 18:54:55.829] [3139236] [HailoRT] [info] [internal_buffer_manager.cpp:204] [print_execution_results] Planned internal buffer memory: CMA memory 0, user memory 50688. memory to edge layer usage factor is 1
[2025-06-21 18:54:55.829] [3139236] [HailoRT] [info] [internal_buffer_manager.cpp:212] [print_execution_results] Default Internal buffer planner executed successfully
[2025-06-21 18:54:55.844] [3139236] [HailoRT] [info] [device_internal.cpp:57] [configure] Configuring HEF took 15.640903 milliseconds
[2025-06-21 18:54:55.846] [3139236] [HailoRT] [info] [vdevice.cpp:749] [configure] Configuring HEF on VDevice took 18.22694 milliseconds
[2025-06-21 18:54:55.846] [3139236] [HailoRT] [info] [edge_elements.cpp:52] [create] Created (HwWriteEl1arcface_mobilefacenet/input_layer1 | hw_frame_size: 37632)
[2025-06-21 18:54:55.846] [3139236] [HailoRT] [info] [vstream.cpp:754] [InputVStreamImpl] Creating arcface_mobilefacenet/input_layer1...
[2025-06-21 18:54:55.846] [3139236] [HailoRT] [info] [vstream_builder.cpp:102] [create_inputs] Input pipeline 'arcface_mobilefacenet/input_layer1': (HwWriteEl1arcface_mobilefacenet/input_layer1 | hw_frame_size: 37632) >> HW
[2025-06-21 18:54:55.846] [3139236] [HailoRT] [info] [edge_elements.cpp:287] [create] Created (HwReadEl0arcface_mobilefacenet/fc1 | hw_frame_size: 512)
[2025-06-21 18:54:55.860] [3139236] [HailoRT] [info] [queue_elements.cpp:800] [create] Created (UserBuffQEl0arcface_mobilefacenet/fc1 | timeout: 10s)
[2025-06-21 18:54:55.860] [3139236] [HailoRT] [info] [vstream.cpp:1114] [OutputVStreamImpl] Creating arcface_mobilefacenet/fc1...
[2025-06-21 18:54:55.860] [3139236] [HailoRT] [info] [vstream_builder.cpp:220] [create_outputs] Output pipeline 'arcface_mobilefacenet/fc1': HW >> (HwReadEl0arcface_mobilefacenet/fc1 | hw_frame_size: 512) >> (UserBuffQEl0arcface_mobilefacenet/fc1 | timeout: 10s)
[2025-06-21 18:56:18.469] [3142667] [HailoRT] [info] [vdevice.cpp:523] [create] Creating vdevice with params: device_count: 1, scheduling_algorithm: ROUND_ROBIN, multi_process_service: false
[2025-06-21 18:56:18.479] [3142667] [HailoRT] [info] [device.cpp:49] [Device] OS Version: Linux 6.12.20+rpt-rpi-2712 #1 SMP PREEMPT Debian 1:6.12.20-1+rpt1~bpo12+1 (2025-03-19) aarch64
[2025-06-21 18:56:18.480] [3142667] [HailoRT] [info] [control.cpp:108] [control__parse_identify_results] firmware_version is: 4.20.0
[2025-06-21 18:56:18.481] [3142667] [HailoRT] [info] [vdevice.cpp:651] [create] VDevice Infos: 0001:01:00.0
[2025-06-21 18:56:18.507] [3142768] [HailoRT] [info] [hef.cpp:1929] [get_network_group_and_network_name] No name was given. Addressing all networks of default network_group: scrfd_2_5g
[2025-06-21 18:56:18.513] [3142768] [HailoRT] [info] [internal_buffer_manager.cpp:204] [print_execution_results] Planned internal buffer memory: CMA memory 0, user memory 462336. memory to edge layer usage factor is 1
[2025-06-21 18:56:18.513] [3142768] [HailoRT] [info] [internal_buffer_manager.cpp:212] [print_execution_results] Default Internal buffer planner executed successfully
[2025-06-21 18:56:18.523] [3142768] [HailoRT] [info] [device_internal.cpp:57] [configure] Configuring HEF took 15.818958 milliseconds
[2025-06-21 18:56:18.533] [3142768] [HailoRT] [info] [vdevice.cpp:749] [configure] Configuring HEF on VDevice took 25.773047 milliseconds
[2025-06-21 18:56:18.533] [3142768] [HailoRT] [info] [edge_elements.cpp:52] [create] Created (HwWriteEl3scrfd_2_5g/input_layer1 | hw_frame_size: 1228800)
[2025-06-21 18:56:18.533] [3142768] [HailoRT] [info] [vstream.cpp:754] [InputVStreamImpl] Creating scrfd_2_5g/input_layer1...
[2025-06-21 18:56:18.533] [3142768] [HailoRT] [info] [vstream_builder.cpp:102] [create_inputs] Input pipeline 'scrfd_2_5g/input_layer1': (HwWriteEl3scrfd_2_5g/input_layer1 | hw_frame_size: 1228800) >> HW
[2025-06-21 18:56:18.533] [3142768] [HailoRT] [info] [edge_elements.cpp:287] [create] Created (HwReadEl3scrfd_2_5g/conv42 | hw_frame_size: 12800)
[2025-06-21 18:56:18.534] [3142768] [HailoRT] [info] [queue_elements.cpp:800] [create] Created (UserBuffQEl3scrfd_2_5g/conv42 | timeout: 10s)
[2025-06-21 18:56:18.534] [3142768] [HailoRT] [info] [vstream.cpp:1114] [OutputVStreamImpl] Creating scrfd_2_5g/conv42...
[2025-06-21 18:56:18.534] [3142768] [HailoRT] [info] [vstream_builder.cpp:220] [create_outputs] Output pipeline 'scrfd_2_5g/conv42': HW >> (HwReadEl3scrfd_2_5g/conv42 | hw_frame_size: 12800) >> (UserBuffQEl3scrfd_2_5g/conv42 | timeout: 10s)
[2025-06-21 18:56:18.534] [3142768] [HailoRT] [info] [edge_elements.cpp:287] [create] Created (HwReadEl0scrfd_2_5g/conv43 | hw_frame_size: 51200)
[2025-06-21 18:56:18.534] [3142768] [HailoRT] [info] [queue_elements.cpp:800] [create] Created (UserBuffQEl0scrfd_2_5g/conv43 | timeout: 10s)
[2025-06-21 18:56:18.534] [3142768] [HailoRT] [info] [vstream.cpp:1114] [OutputVStreamImpl] Creating scrfd_2_5g/conv43...
[2025-06-21 18:56:18.534] [3142768] [HailoRT] [info] [vstream_builder.cpp:220] [create_outputs] Output pipeline 'scrfd_2_5g/conv43': HW >> (HwReadEl0scrfd_2_5g/conv43 | hw_frame_size: 51200) >> (UserBuffQEl0scrfd_2_5g/conv43 | timeout: 10s)
[2025-06-21 18:56:18.534] [3142768] [HailoRT] [info] [edge_elements.cpp:287] [create] Created (HwReadEl2scrfd_2_5g/conv44 | hw_frame_size: 153600)
[2025-06-21 18:56:18.534] [3142768] [HailoRT] [info] [queue_elements.cpp:657] [create] Created (PullQEl_hw_read2scrfd_2_5g/conv44)
[2025-06-21 18:56:18.534] [3142768] [HailoRT] [info] [filter_elements.cpp:375] [create] Created (PostInferEl2scrfd_2_5g/conv44 | Reorder - src_order: FCR, src_shape: (80, 80, 24), dst_order: FCR, dst_shape: (80, 80, 20))
[2025-06-21 18:56:18.534] [3142768] [HailoRT] [info] [queue_elements.cpp:800] [create] Created (UserBuffQEl2scrfd_2_5g/conv44 | timeout: 10s)
[2025-06-21 18:56:18.534] [3142768] [HailoRT] [info] [vstream.cpp:1114] [OutputVStreamImpl] Creating scrfd_2_5g/conv44...
[2025-06-21 18:56:18.534] [3142768] [HailoRT] [info] [vstream_builder.cpp:220] [create_outputs] Output pipeline 'scrfd_2_5g/conv44': HW >> (HwReadEl2scrfd_2_5g/conv44 | hw_frame_size: 153600) >> (PullQEl_hw_read2scrfd_2_5g/conv44) >> (PostInferEl2scrfd_2_5g/conv44 | Reorder - src_order: FCR, src_shape: (80, 80, 24), dst_order: FCR, dst_shape: (80, 80, 20)) >> (UserBuffQEl2scrfd_2_5g/conv44 | timeout: 10s)
[2025-06-21 18:56:18.534] [3142768] [HailoRT] [info] [edge_elements.cpp:287] [create] Created (HwReadEl14scrfd_2_5g/conv49 | hw_frame_size: 3200)
[2025-06-21 18:56:18.534] [3142768] [HailoRT] [info] [queue_elements.cpp:800] [create] Created (UserBuffQEl14scrfd_2_5g/conv49 | timeout: 10s)
[2025-06-21 18:56:18.534] [3142768] [HailoRT] [info] [vstream.cpp:1114] [OutputVStreamImpl] Creating scrfd_2_5g/conv49...
[2025-06-21 18:56:18.534] [3142768] [HailoRT] [info] [vstream_builder.cpp:220] [create_outputs] Output pipeline 'scrfd_2_5g/conv49': HW >> (HwReadEl14scrfd_2_5g/conv49 | hw_frame_size: 3200) >> (UserBuffQEl14scrfd_2_5g/conv49 | timeout: 10s)
[2025-06-21 18:56:18.535] [3142768] [HailoRT] [info] [edge_elements.cpp:287] [create] Created (HwReadEl12scrfd_2_5g/conv50 | hw_frame_size: 12800)
[2025-06-21 18:56:18.535] [3142768] [HailoRT] [info] [queue_elements.cpp:800] [create] Created (UserBuffQEl12scrfd_2_5g/conv50 | timeout: 10s)
[2025-06-21 18:56:18.535] [3142768] [HailoRT] [info] [vstream.cpp:1114] [OutputVStreamImpl] Creating scrfd_2_5g/conv50...
[2025-06-21 18:56:18.535] [3142768] [HailoRT] [info] [vstream_builder.cpp:220] [create_outputs] Output pipeline 'scrfd_2_5g/conv50': HW >> (HwReadEl12scrfd_2_5g/conv50 | hw_frame_size: 12800) >> (UserBuffQEl12scrfd_2_5g/conv50 | timeout: 10s)
[2025-06-21 18:56:18.535] [3142768] [HailoRT] [info] [edge_elements.cpp:287] [create] Created (HwReadEl1scrfd_2_5g/conv51 | hw_frame_size: 38400)
[2025-06-21 18:56:18.535] [3142768] [HailoRT] [info] [queue_elements.cpp:657] [create] Created (PullQEl_hw_read1scrfd_2_5g/conv51)
[2025-06-21 18:56:18.535] [3142768] [HailoRT] [info] [filter_elements.cpp:375] [create] Created (PostInferEl1scrfd_2_5g/conv51 | Reorder - src_order: FCR, src_shape: (40, 40, 24), dst_order: FCR, dst_shape: (40, 40, 20))
[2025-06-21 18:56:18.535] [3142768] [HailoRT] [info] [queue_elements.cpp:800] [create] Created (UserBuffQEl1scrfd_2_5g/conv51 | timeout: 10s)
[2025-06-21 18:56:18.535] [3142768] [HailoRT] [info] [vstream.cpp:1114] [OutputVStreamImpl] Creating scrfd_2_5g/conv51...
[2025-06-21 18:56:18.535] [3142768] [HailoRT] [info] [vstream_builder.cpp:220] [create_outputs] Output pipeline 'scrfd_2_5g/conv51': HW >> (HwReadEl1scrfd_2_5g/conv51 | hw_frame_size: 38400) >> (PullQEl_hw_read1scrfd_2_5g/conv51) >> (PostInferEl1scrfd_2_5g/conv51 | Reorder - src_order: FCR, src_shape: (40, 40, 24), dst_order: FCR, dst_shape: (40, 40, 20)) >> (UserBuffQEl1scrfd_2_5g/conv51 | timeout: 10s)
[2025-06-21 18:56:18.535] [3142768] [HailoRT] [info] [edge_elements.cpp:287] [create] Created (HwReadEl10scrfd_2_5g/conv55 | hw_frame_size: 800)
[2025-06-21 18:56:18.535] [3142768] [HailoRT] [info] [queue_elements.cpp:657] [create] Created (PullQEl_hw_read10scrfd_2_5g/conv55)
[2025-06-21 18:56:18.535] [3142768] [HailoRT] [info] [filter_elements.cpp:375] [create] Created (PostInferEl10scrfd_2_5g/conv55 | Reorder - src_order: NHCW, src_shape: (20, 20, 2), dst_order: NHWC, dst_shape: (20, 20, 2))
[2025-06-21 18:56:18.535] [3142768] [HailoRT] [info] [queue_elements.cpp:800] [create] Created (UserBuffQEl10scrfd_2_5g/conv55 | timeout: 10s)
[2025-06-21 18:56:18.535] [3142768] [HailoRT] [info] [vstream.cpp:1114] [OutputVStreamImpl] Creating scrfd_2_5g/conv55...
[2025-06-21 18:56:18.535] [3142768] [HailoRT] [info] [vstream_builder.cpp:220] [create_outputs] Output pipeline 'scrfd_2_5g/conv55': HW >> (HwReadEl10scrfd_2_5g/conv55 | hw_frame_size: 800) >> (PullQEl_hw_read10scrfd_2_5g/conv55) >> (PostInferEl10scrfd_2_5g/conv55 | Reorder - src_order: NHCW, src_shape: (20, 20, 2), dst_order: NHWC, dst_shape: (20, 20, 2)) >> (UserBuffQEl10scrfd_2_5g/conv55 | timeout: 10s)
[2025-06-21 18:56:18.535] [3142768] [HailoRT] [info] [edge_elements.cpp:287] [create] Created (HwReadEl9scrfd_2_5g/conv56 | hw_frame_size: 3200)
[2025-06-21 18:56:18.536] [3142768] [HailoRT] [info] [queue_elements.cpp:657] [create] Created (PullQEl_hw_read9scrfd_2_5g/conv56)
[2025-06-21 18:56:18.536] [3142768] [HailoRT] [info] [filter_elements.cpp:375] [create] Created (PostInferEl9scrfd_2_5g/conv56 | Reorder - src_order: NHCW, src_shape: (20, 20, 8), dst_order: NHWC, dst_shape: (20, 20, 8))
[2025-06-21 18:56:18.536] [3142768] [HailoRT] [info] [queue_elements.cpp:800] [create] Created (UserBuffQEl9scrfd_2_5g/conv56 | timeout: 10s)
[2025-06-21 18:56:18.536] [3142768] [HailoRT] [info] [vstream.cpp:1114] [OutputVStreamImpl] Creating scrfd_2_5g/conv56...
[2025-06-21 18:56:18.536] [3142768] [HailoRT] [info] [vstream_builder.cpp:220] [create_outputs] Output pipeline 'scrfd_2_5g/conv56': HW >> (HwReadEl9scrfd_2_5g/conv56 | hw_frame_size: 3200) >> (PullQEl_hw_read9scrfd_2_5g/conv56) >> (PostInferEl9scrfd_2_5g/conv56 | Reorder - src_order: NHCW, src_shape: (20, 20, 8), dst_order: NHWC, dst_shape: (20, 20, 8)) >> (UserBuffQEl9scrfd_2_5g/conv56 | timeout: 10s)
[2025-06-21 18:56:18.536] [3142768] [HailoRT] [info] [edge_elements.cpp:287] [create] Created (HwReadEl13scrfd_2_5g/conv57 | hw_frame_size: 9600)
[2025-06-21 18:56:18.536] [3142768] [HailoRT] [info] [queue_elements.cpp:657] [create] Created (PullQEl_hw_read13scrfd_2_5g/conv57)
[2025-06-21 18:56:18.536] [3142768] [HailoRT] [info] [filter_elements.cpp:375] [create] Created (PostInferEl13scrfd_2_5g/conv57 | Reorder - src_order: FCR, src_shape: (20, 20, 24), dst_order: FCR, dst_shape: (20, 20, 20))
[2025-06-21 18:56:18.536] [3142768] [HailoRT] [info] [queue_elements.cpp:800] [create] Created (UserBuffQEl13scrfd_2_5g/conv57 | timeout: 10s)
[2025-06-21 18:56:18.536] [3142768] [HailoRT] [info] [vstream.cpp:1114] [OutputVStreamImpl] Creating scrfd_2_5g/conv57...
[2025-06-21 18:56:18.536] [3142768] [HailoRT] [info] [vstream_builder.cpp:220] [create_outputs] Output pipeline 'scrfd_2_5g/conv57': HW >> (HwReadEl13scrfd_2_5g/conv57 | hw_frame_size: 9600) >> (PullQEl_hw_read13scrfd_2_5g/conv57) >> (PostInferEl13scrfd_2_5g/conv57 | Reorder - src_order: FCR, src_shape: (20, 20, 24), dst_order: FCR, dst_shape: (20, 20, 20)) >> (UserBuffQEl13scrfd_2_5g/conv57 | timeout: 10s)
[2025-06-21 18:56:19.507] [3142807] [HailoRT] [info] [hef.cpp:1929] [get_network_group_and_network_name] No name was given. Addressing all networks of default network_group: arcface_mobilefacenet
[2025-06-21 18:56:19.508] [3142807] [HailoRT] [info] [internal_buffer_manager.cpp:204] [print_execution_results] Planned internal buffer memory: CMA memory 0, user memory 50688. memory to edge layer usage factor is 1
[2025-06-21 18:56:19.508] [3142807] [HailoRT] [info] [internal_buffer_manager.cpp:212] [print_execution_results] Default Internal buffer planner executed successfully
[2025-06-21 18:56:19.520] [3142807] [HailoRT] [info] [device_internal.cpp:57] [configure] Configuring HEF took 12.782755 milliseconds
[2025-06-21 18:56:19.522] [3142807] [HailoRT] [info] [vdevice.cpp:749] [configure] Configuring HEF on VDevice took 15.213959 milliseconds
[2025-06-21 18:56:19.522] [3142807] [HailoRT] [info] [edge_elements.cpp:52] [create] Created (HwWriteEl1arcface_mobilefacenet/input_layer1 | hw_frame_size: 37632)
[2025-06-21 18:56:19.522] [3142807] [HailoRT] [info] [vstream.cpp:754] [InputVStreamImpl] Creating arcface_mobilefacenet/input_layer1...
[2025-06-21 18:56:19.522] [3142807] [HailoRT] [info] [vstream_builder.cpp:102] [create_inputs] Input pipeline 'arcface_mobilefacenet/input_layer1': (HwWriteEl1arcface_mobilefacenet/input_layer1 | hw_frame_size: 37632) >> HW
[2025-06-21 18:56:19.522] [3142807] [HailoRT] [info] [edge_elements.cpp:287] [create] Created (HwReadEl0arcface_mobilefacenet/fc1 | hw_frame_size: 512)
[2025-06-21 18:56:19.522] [3142807] [HailoRT] [info] [queue_elements.cpp:800] [create] Created (UserBuffQEl0arcface_mobilefacenet/fc1 | timeout: 10s)
[2025-06-21 18:56:19.522] [3142807] [HailoRT] [info] [vstream.cpp:1114] [OutputVStreamImpl] Creating arcface_mobilefacenet/fc1...
[2025-06-21 18:56:19.522] [3142807] [HailoRT] [info] [vstream_builder.cpp:220] [create_outputs] Output pipeline 'arcface_mobilefacenet/fc1': HW >> (HwReadEl0arcface_mobilefacenet/fc1 | hw_frame_size: 512) >> (UserBuffQEl0arcface_mobilefacenet/fc1 | timeout: 10s)
[2025-06-27 20:05:24.336] [3809485] [HailoRT] [info] [vdevice.cpp:523] [create] Creating vdevice with params: device_count: 1, scheduling_algorithm: ROUND_ROBIN, multi_process_service: false
[2025-06-27 20:05:24.358] [3809485] [HailoRT] [info] [device.cpp:49] [Device] OS Version: Linux 6.12.20+rpt-rpi-2712 #1 SMP PREEMPT Debian 1:6.12.20-1+rpt1~bpo12+1 (2025-03-19) aarch64
[2025-06-27 20:05:24.359] [3809485] [HailoRT] [info] [control.cpp:108] [control__parse_identify_results] firmware_version is: 4.20.0
[2025-06-27 20:05:24.361] [3809485] [HailoRT] [info] [vdevice.cpp:651] [create] VDevice Infos: 0001:01:00.0
[2025-06-27 20:05:24.459] [3809613] [HailoRT] [info] [hef.cpp:1929] [get_network_group_and_network_name] No name was given. Addressing all networks of default network_group: scrfd_2_5g
[2025-06-27 20:05:24.469] [3809613] [HailoRT] [info] [internal_buffer_manager.cpp:204] [print_execution_results] Planned internal buffer memory: CMA memory 0, user memory 462336. memory to edge layer usage factor is 1
[2025-06-27 20:05:24.469] [3809613] [HailoRT] [info] [internal_buffer_manager.cpp:212] [print_execution_results] Default Internal buffer planner executed successfully
[2025-06-27 20:05:24.480] [3809613] [HailoRT] [info] [device_internal.cpp:57] [configure] Configuring HEF took 21.313588 milliseconds
[2025-06-27 20:05:24.490] [3809613] [HailoRT] [info] [vdevice.cpp:749] [configure] Configuring HEF on VDevice took 31.361539 milliseconds
[2025-06-27 20:05:24.492] [3809613] [HailoRT] [info] [edge_elements.cpp:52] [create] Created (HwWriteEl3scrfd_2_5g/input_layer1 | hw_frame_size: 1228800)
[2025-06-27 20:05:24.492] [3809613] [HailoRT] [info] [vstream.cpp:754] [InputVStreamImpl] Creating scrfd_2_5g/input_layer1...
[2025-06-27 20:05:24.492] [3809613] [HailoRT] [info] [vstream_builder.cpp:102] [create_inputs] Input pipeline 'scrfd_2_5g/input_layer1': (HwWriteEl3scrfd_2_5g/input_layer1 | hw_frame_size: 1228800) >> HW
[2025-06-27 20:05:24.492] [3809613] [HailoRT] [info] [edge_elements.cpp:287] [create] Created (HwReadEl3scrfd_2_5g/conv42 | hw_frame_size: 12800)
[2025-06-27 20:05:24.493] [3809613] [HailoRT] [info] [queue_elements.cpp:800] [create] Created (UserBuffQEl3scrfd_2_5g/conv42 | timeout: 10s)
[2025-06-27 20:05:24.493] [3809613] [HailoRT] [info] [vstream.cpp:1114] [OutputVStreamImpl] Creating scrfd_2_5g/conv42...
[2025-06-27 20:05:24.493] [3809613] [HailoRT] [info] [vstream_builder.cpp:220] [create_outputs] Output pipeline 'scrfd_2_5g/conv42': HW >> (HwReadEl3scrfd_2_5g/conv42 | hw_frame_size: 12800) >> (UserBuffQEl3scrfd_2_5g/conv42 | timeout: 10s)
[2025-06-27 20:05:24.493] [3809613] [HailoRT] [info] [edge_elements.cpp:287] [create] Created (HwReadEl0scrfd_2_5g/conv43 | hw_frame_size: 51200)
[2025-06-27 20:05:24.493] [3809613] [HailoRT] [info] [queue_elements.cpp:800] [create] Created (UserBuffQEl0scrfd_2_5g/conv43 | timeout: 10s)
[2025-06-27 20:05:24.493] [3809613] [HailoRT] [info] [vstream.cpp:1114] [OutputVStreamImpl] Creating scrfd_2_5g/conv43...
[2025-06-27 20:05:24.493] [3809613] [HailoRT] [info] [vstream_builder.cpp:220] [create_outputs] Output pipeline 'scrfd_2_5g/conv43': HW >> (HwReadEl0scrfd_2_5g/conv43 | hw_frame_size: 51200) >> (UserBuffQEl0scrfd_2_5g/conv43 | timeout: 10s)
[2025-06-27 20:05:24.493] [3809613] [HailoRT] [info] [edge_elements.cpp:287] [create] Created (HwReadEl2scrfd_2_5g/conv44 | hw_frame_size: 153600)
[2025-06-27 20:05:24.493] [3809613] [HailoRT] [info] [queue_elements.cpp:657] [create] Created (PullQEl_hw_read2scrfd_2_5g/conv44)
[2025-06-27 20:05:24.493] [3809613] [HailoRT] [info] [filter_elements.cpp:375] [create] Created (PostInferEl2scrfd_2_5g/conv44 | Reorder - src_order: FCR, src_shape: (80, 80, 24), dst_order: FCR, dst_shape: (80, 80, 20))
[2025-06-27 20:05:24.493] [3809613] [HailoRT] [info] [queue_elements.cpp:800] [create] Created (UserBuffQEl2scrfd_2_5g/conv44 | timeout: 10s)
[2025-06-27 20:05:24.494] [3809613] [HailoRT] [info] [vstream.cpp:1114] [OutputVStreamImpl] Creating scrfd_2_5g/conv44...
[2025-06-27 20:05:24.494] [3809613] [HailoRT] [info] [vstream_builder.cpp:220] [create_outputs] Output pipeline 'scrfd_2_5g/conv44': HW >> (HwReadEl2scrfd_2_5g/conv44 | hw_frame_size: 153600) >> (PullQEl_hw_read2scrfd_2_5g/conv44) >> (PostInferEl2scrfd_2_5g/conv44 | Reorder - src_order: FCR, src_shape: (80, 80, 24), dst_order: FCR, dst_shape: (80, 80, 20)) >> (UserBuffQEl2scrfd_2_5g/conv44 | timeout: 10s)
[2025-06-27 20:05:24.494] [3809613] [HailoRT] [info] [edge_elements.cpp:287] [create] Created (HwReadEl14scrfd_2_5g/conv49 | hw_frame_size: 3200)
[2025-06-27 20:05:24.494] [3809613] [HailoRT] [info] [queue_elements.cpp:800] [create] Created (UserBuffQEl14scrfd_2_5g/conv49 | timeout: 10s)
[2025-06-27 20:05:24.494] [3809613] [HailoRT] [info] [vstream.cpp:1114] [OutputVStreamImpl] Creating scrfd_2_5g/conv49...
[2025-06-27 20:05:24.494] [3809613] [HailoRT] [info] [vstream_builder.cpp:220] [create_outputs] Output pipeline 'scrfd_2_5g/conv49': HW >> (HwReadEl14scrfd_2_5g/conv49 | hw_frame_size: 3200) >> (UserBuffQEl14scrfd_2_5g/conv49 | timeout: 10s)
[2025-06-27 20:05:24.494] [3809613] [HailoRT] [info] [edge_elements.cpp:287] [create] Created (HwReadEl12scrfd_2_5g/conv50 | hw_frame_size: 12800)
[2025-06-27 20:05:24.494] [3809613] [HailoRT] [info] [queue_elements.cpp:800] [create] Created (UserBuffQEl12scrfd_2_5g/conv50 | timeout: 10s)
[2025-06-27 20:05:24.494] [3809613] [HailoRT] [info] [vstream.cpp:1114] [OutputVStreamImpl] Creating scrfd_2_5g/conv50...
[2025-06-27 20:05:24.494] [3809613] [HailoRT] [info] [vstream_builder.cpp:220] [create_outputs] Output pipeline 'scrfd_2_5g/conv50': HW >> (HwReadEl12scrfd_2_5g/conv50 | hw_frame_size: 12800) >> (UserBuffQEl12scrfd_2_5g/conv50 | timeout: 10s)
[2025-06-27 20:05:24.494] [3809613] [HailoRT] [info] [edge_elements.cpp:287] [create] Created (HwReadEl1scrfd_2_5g/conv51 | hw_frame_size: 38400)
[2025-06-27 20:05:24.494] [3809613] [HailoRT] [info] [queue_elements.cpp:657] [create] Created (PullQEl_hw_read1scrfd_2_5g/conv51)
[2025-06-27 20:05:24.494] [3809613] [HailoRT] [info] [filter_elements.cpp:375] [create] Created (PostInferEl1scrfd_2_5g/conv51 | Reorder - src_order: FCR, src_shape: (40, 40, 24), dst_order: FCR, dst_shape: (40, 40, 20))
[2025-06-27 20:05:24.494] [3809613] [HailoRT] [info] [queue_elements.cpp:800] [create] Created (UserBuffQEl1scrfd_2_5g/conv51 | timeout: 10s)
[2025-06-27 20:05:24.494] [3809613] [HailoRT] [info] [vstream.cpp:1114] [OutputVStreamImpl] Creating scrfd_2_5g/conv51...
[2025-06-27 20:05:24.494] [3809613] [HailoRT] [info] [vstream_builder.cpp:220] [create_outputs] Output pipeline 'scrfd_2_5g/conv51': HW >> (HwReadEl1scrfd_2_5g/conv51 | hw_frame_size: 38400) >> (PullQEl_hw_read1scrfd_2_5g/conv51) >> (PostInferEl1scrfd_2_5g/conv51 | Reorder - src_order: FCR, src_shape: (40, 40, 24), dst_order: FCR, dst_shape: (40, 40, 20)) >> (UserBuffQEl1scrfd_2_5g/conv51 | timeout: 10s)
[2025-06-27 20:05:24.494] [3809613] [HailoRT] [info] [edge_elements.cpp:287] [create] Created (HwReadEl10scrfd_2_5g/conv55 | hw_frame_size: 800)
[2025-06-27 20:05:24.495] [3809613] [HailoRT] [info] [queue_elements.cpp:657] [create] Created (PullQEl_hw_read10scrfd_2_5g/conv55)
[2025-06-27 20:05:24.495] [3809613] [HailoRT] [info] [filter_elements.cpp:375] [create] Created (PostInferEl10scrfd_2_5g/conv55 | Reorder - src_order: NHCW, src_shape: (20, 20, 2), dst_order: NHWC, dst_shape: (20, 20, 2))
[2025-06-27 20:05:24.495] [3809613] [HailoRT] [info] [queue_elements.cpp:800] [create] Created (UserBuffQEl10scrfd_2_5g/conv55 | timeout: 10s)
[2025-06-27 20:05:24.495] [3809613] [HailoRT] [info] [vstream.cpp:1114] [OutputVStreamImpl] Creating scrfd_2_5g/conv55...
[2025-06-27 20:05:24.495] [3809613] [HailoRT] [info] [vstream_builder.cpp:220] [create_outputs] Output pipeline 'scrfd_2_5g/conv55': HW >> (HwReadEl10scrfd_2_5g/conv55 | hw_frame_size: 800) >> (PullQEl_hw_read10scrfd_2_5g/conv55) >> (PostInferEl10scrfd_2_5g/conv55 | Reorder - src_order: NHCW, src_shape: (20, 20, 2), dst_order: NHWC, dst_shape: (20, 20, 2)) >> (UserBuffQEl10scrfd_2_5g/conv55 | timeout: 10s)
[2025-06-27 20:05:24.495] [3809613] [HailoRT] [info] [edge_elements.cpp:287] [create] Created (HwReadEl9scrfd_2_5g/conv56 | hw_frame_size: 3200)
[2025-06-27 20:05:24.495] [3809613] [HailoRT] [info] [queue_elements.cpp:657] [create] Created (PullQEl_hw_read9scrfd_2_5g/conv56)
[2025-06-27 20:05:24.495] [3809613] [HailoRT] [info] [filter_elements.cpp:375] [create] Created (PostInferEl9scrfd_2_5g/conv56 | Reorder - src_order: NHCW, src_shape: (20, 20, 8), dst_order: NHWC, dst_shape: (20, 20, 8))
[2025-06-27 20:05:24.495] [3809613] [HailoRT] [info] [queue_elements.cpp:800] [create] Created (UserBuffQEl9scrfd_2_5g/conv56 | timeout: 10s)
[2025-06-27 20:05:24.495] [3809613] [HailoRT] [info] [vstream.cpp:1114] [OutputVStreamImpl] Creating scrfd_2_5g/conv56...
[2025-06-27 20:05:24.495] [3809613] [HailoRT] [info] [vstream_builder.cpp:220] [create_outputs] Output pipeline 'scrfd_2_5g/conv56': HW >> (HwReadEl9scrfd_2_5g/conv56 | hw_frame_size: 3200) >> (PullQEl_hw_read9scrfd_2_5g/conv56) >> (PostInferEl9scrfd_2_5g/conv56 | Reorder - src_order: NHCW, src_shape: (20, 20, 8), dst_order: NHWC, dst_shape: (20, 20, 8)) >> (UserBuffQEl9scrfd_2_5g/conv56 | timeout: 10s)
[2025-06-27 20:05:24.495] [3809613] [HailoRT] [info] [edge_elements.cpp:287] [create] Created (HwReadEl13scrfd_2_5g/conv57 | hw_frame_size: 9600)
[2025-06-27 20:05:24.495] [3809613] [HailoRT] [info] [queue_elements.cpp:657] [create] Created (PullQEl_hw_read13scrfd_2_5g/conv57)
[2025-06-27 20:05:24.495] [3809613] [HailoRT] [info] [filter_elements.cpp:375] [create] Created (PostInferEl13scrfd_2_5g/conv57 | Reorder - src_order: FCR, src_shape: (20, 20, 24), dst_order: FCR, dst_shape: (20, 20, 20))
[2025-06-27 20:05:24.495] [3809613] [HailoRT] [info] [queue_elements.cpp:800] [create] Created (UserBuffQEl13scrfd_2_5g/conv57 | timeout: 10s)
[2025-06-27 20:05:24.495] [3809613] [HailoRT] [info] [vstream.cpp:1114] [OutputVStreamImpl] Creating scrfd_2_5g/conv57...
[2025-06-27 20:05:24.495] [3809613] [HailoRT] [info] [vstream_builder.cpp:220] [create_outputs] Output pipeline 'scrfd_2_5g/conv57': HW >> (HwReadEl13scrfd_2_5g/conv57 | hw_frame_size: 9600) >> (PullQEl_hw_read13scrfd_2_5g/conv57) >> (PostInferEl13scrfd_2_5g/conv57 | Reorder - src_order: FCR, src_shape: (20, 20, 24), dst_order: FCR, dst_shape: (20, 20, 20)) >> (UserBuffQEl13scrfd_2_5g/conv57 | timeout: 10s)
[2025-06-27 20:05:25.454] [3809655] [HailoRT] [info] [hef.cpp:1929] [get_network_group_and_network_name] No name was given. Addressing all networks of default network_group: arcface_mobilefacenet
[2025-06-27 20:05:25.455] [3809655] [HailoRT] [info] [internal_buffer_manager.cpp:204] [print_execution_results] Planned internal buffer memory: CMA memory 0, user memory 50688. memory to edge layer usage factor is 1
[2025-06-27 20:05:25.455] [3809655] [HailoRT] [info] [internal_buffer_manager.cpp:212] [print_execution_results] Default Internal buffer planner executed successfully
[2025-06-27 20:05:25.464] [3809655] [HailoRT] [info] [device_internal.cpp:57] [configure] Configuring HEF took 10.518729 milliseconds
[2025-06-27 20:05:25.467] [3809655] [HailoRT] [info] [vdevice.cpp:749] [configure] Configuring HEF on VDevice took 12.78999 milliseconds
[2025-06-27 20:05:25.467] [3809655] [HailoRT] [info] [edge_elements.cpp:52] [create] Created (HwWriteEl1arcface_mobilefacenet/input_layer1 | hw_frame_size: 37632)
[2025-06-27 20:05:25.467] [3809655] [HailoRT] [info] [vstream.cpp:754] [InputVStreamImpl] Creating arcface_mobilefacenet/input_layer1...
[2025-06-27 20:05:25.467] [3809655] [HailoRT] [info] [vstream_builder.cpp:102] [create_inputs] Input pipeline 'arcface_mobilefacenet/input_layer1': (HwWriteEl1arcface_mobilefacenet/input_layer1 | hw_frame_size: 37632) >> HW
[2025-06-27 20:05:25.467] [3809655] [HailoRT] [info] [edge_elements.cpp:287] [create] Created (HwReadEl0arcface_mobilefacenet/fc1 | hw_frame_size: 512)
[2025-06-27 20:05:25.467] [3809655] [HailoRT] [info] [queue_elements.cpp:800] [create] Created (UserBuffQEl0arcface_mobilefacenet/fc1 | timeout: 10s)
[2025-06-27 20:05:25.467] [3809655] [HailoRT] [info] [vstream.cpp:1114] [OutputVStreamImpl] Creating arcface_mobilefacenet/fc1...
[2025-06-27 20:05:25.467] [3809655] [HailoRT] [info] [vstream_builder.cpp:220] [create_outputs] Output pipeline 'arcface_mobilefacenet/fc1': HW >> (HwReadEl0arcface_mobilefacenet/fc1 | hw_frame_size: 512) >> (UserBuffQEl0arcface_mobilefacenet/fc1 | timeout: 10s)
[2025-06-28 09:26:54.105] [753709] [HailoRT] [info] [vdevice.cpp:523] [create] Creating vdevice with params: device_count: 1, scheduling_algorithm: ROUND_ROBIN, multi_process_service: false
[2025-06-28 09:26:54.116] [753709] [HailoRT] [info] [device.cpp:49] [Device] OS Version: Linux 6.12.20+rpt-rpi-2712 #1 SMP PREEMPT Debian 1:6.12.20-1+rpt1~bpo12+1 (2025-03-19) aarch64
[2025-06-28 09:26:54.117] [753709] [HailoRT] [info] [control.cpp:108] [control__parse_identify_results] firmware_version is: 4.20.0
[2025-06-28 09:26:54.117] [753709] [HailoRT] [info] [vdevice.cpp:651] [create] VDevice Infos: 0001:01:00.0
[2025-06-28 09:26:54.201] [753816] [HailoRT] [info] [hef.cpp:1929] [get_network_group_and_network_name] No name was given. Addressing all networks of default network_group: scrfd_2_5g
[2025-06-28 09:26:54.208] [753816] [HailoRT] [info] [internal_buffer_manager.cpp:204] [print_execution_results] Planned internal buffer memory: CMA memory 0, user memory 462336. memory to edge layer usage factor is 1
[2025-06-28 09:26:54.208] [753816] [HailoRT] [info] [internal_buffer_manager.cpp:212] [print_execution_results] Default Internal buffer planner executed successfully
[2025-06-28 09:26:54.218] [753816] [HailoRT] [info] [device_internal.cpp:57] [configure] Configuring HEF took 16.992082 milliseconds
[2025-06-28 09:26:54.233] [753816] [HailoRT] [info] [vdevice.cpp:749] [configure] Configuring HEF on VDevice took 31.633574 milliseconds
[2025-06-28 09:26:54.233] [753816] [HailoRT] [info] [edge_elements.cpp:52] [create] Created (HwWriteEl3scrfd_2_5g/input_layer1 | hw_frame_size: 1228800)
[2025-06-28 09:26:54.233] [753816] [HailoRT] [info] [vstream.cpp:754] [InputVStreamImpl] Creating scrfd_2_5g/input_layer1...
[2025-06-28 09:26:54.233] [753816] [HailoRT] [info] [vstream_builder.cpp:102] [create_inputs] Input pipeline 'scrfd_2_5g/input_layer1': (HwWriteEl3scrfd_2_5g/input_layer1 | hw_frame_size: 1228800) >> HW
[2025-06-28 09:26:54.233] [753816] [HailoRT] [info] [edge_elements.cpp:287] [create] Created (HwReadEl3scrfd_2_5g/conv42 | hw_frame_size: 12800)
[2025-06-28 09:26:54.233] [753816] [HailoRT] [info] [queue_elements.cpp:800] [create] Created (UserBuffQEl3scrfd_2_5g/conv42 | timeout: 10s)
[2025-06-28 09:26:54.233] [753816] [HailoRT] [info] [vstream.cpp:1114] [OutputVStreamImpl] Creating scrfd_2_5g/conv42...
[2025-06-28 09:26:54.233] [753816] [HailoRT] [info] [vstream_builder.cpp:220] [create_outputs] Output pipeline 'scrfd_2_5g/conv42': HW >> (HwReadEl3scrfd_2_5g/conv42 | hw_frame_size: 12800) >> (UserBuffQEl3scrfd_2_5g/conv42 | timeout: 10s)
[2025-06-28 09:26:54.233] [753816] [HailoRT] [info] [edge_elements.cpp:287] [create] Created (HwReadEl0scrfd_2_5g/conv43 | hw_frame_size: 51200)
[2025-06-28 09:26:54.234] [753816] [HailoRT] [info] [queue_elements.cpp:800] [create] Created (UserBuffQEl0scrfd_2_5g/conv43 | timeout: 10s)
[2025-06-28 09:26:54.234] [753816] [HailoRT] [info] [vstream.cpp:1114] [OutputVStreamImpl] Creating scrfd_2_5g/conv43...
[2025-06-28 09:26:54.234] [753816] [HailoRT] [info] [vstream_builder.cpp:220] [create_outputs] Output pipeline 'scrfd_2_5g/conv43': HW >> (HwReadEl0scrfd_2_5g/conv43 | hw_frame_size: 51200) >> (UserBuffQEl0scrfd_2_5g/conv43 | timeout: 10s)
[2025-06-28 09:26:54.234] [753816] [HailoRT] [info] [edge_elements.cpp:287] [create] Created (HwReadEl2scrfd_2_5g/conv44 | hw_frame_size: 153600)
[2025-06-28 09:26:54.234] [753816] [HailoRT] [info] [queue_elements.cpp:657] [create] Created (PullQEl_hw_read2scrfd_2_5g/conv44)
[2025-06-28 09:26:54.234] [753816] [HailoRT] [info] [filter_elements.cpp:375] [create] Created (PostInferEl2scrfd_2_5g/conv44 | Reorder - src_order: FCR, src_shape: (80, 80, 24), dst_order: FCR, dst_shape: (80, 80, 20))
[2025-06-28 09:26:54.234] [753816] [HailoRT] [info] [queue_elements.cpp:800] [create] Created (UserBuffQEl2scrfd_2_5g/conv44 | timeout: 10s)
[2025-06-28 09:26:54.234] [753816] [HailoRT] [info] [vstream.cpp:1114] [OutputVStreamImpl] Creating scrfd_2_5g/conv44...
[2025-06-28 09:26:54.235] [753816] [HailoRT] [info] [vstream_builder.cpp:220] [create_outputs] Output pipeline 'scrfd_2_5g/conv44': HW >> (HwReadEl2scrfd_2_5g/conv44 | hw_frame_size: 153600) >> (PullQEl_hw_read2scrfd_2_5g/conv44) >> (PostInferEl2scrfd_2_5g/conv44 | Reorder - src_order: FCR, src_shape: (80, 80, 24), dst_order: FCR, dst_shape: (80, 80, 20)) >> (UserBuffQEl2scrfd_2_5g/conv44 | timeout: 10s)
[2025-06-28 09:26:54.235] [753816] [HailoRT] [info] [edge_elements.cpp:287] [create] Created (HwReadEl14scrfd_2_5g/conv49 | hw_frame_size: 3200)
[2025-06-28 09:26:54.235] [753816] [HailoRT] [info] [queue_elements.cpp:800] [create] Created (UserBuffQEl14scrfd_2_5g/conv49 | timeout: 10s)
[2025-06-28 09:26:54.235] [753816] [HailoRT] [info] [vstream.cpp:1114] [OutputVStreamImpl] Creating scrfd_2_5g/conv49...
[2025-06-28 09:26:54.235] [753816] [HailoRT] [info] [vstream_builder.cpp:220] [create_outputs] Output pipeline 'scrfd_2_5g/conv49': HW >> (HwReadEl14scrfd_2_5g/conv49 | hw_frame_size: 3200) >> (UserBuffQEl14scrfd_2_5g/conv49 | timeout: 10s)
[2025-06-28 09:26:54.235] [753816] [HailoRT] [info] [edge_elements.cpp:287] [create] Created (HwReadEl12scrfd_2_5g/conv50 | hw_frame_size: 12800)
[2025-06-28 09:26:54.236] [753816] [HailoRT] [info] [queue_elements.cpp:800] [create] Created (UserBuffQEl12scrfd_2_5g/conv50 | timeout: 10s)
[2025-06-28 09:26:54.236] [753816] [HailoRT] [info] [vstream.cpp:1114] [OutputVStreamImpl] Creating scrfd_2_5g/conv50...
[2025-06-28 09:26:54.236] [753816] [HailoRT] [info] [vstream_builder.cpp:220] [create_outputs] Output pipeline 'scrfd_2_5g/conv50': HW >> (HwReadEl12scrfd_2_5g/conv50 | hw_frame_size: 12800) >> (UserBuffQEl12scrfd_2_5g/conv50 | timeout: 10s)
[2025-06-28 09:26:54.236] [753816] [HailoRT] [info] [edge_elements.cpp:287] [create] Created (HwReadEl1scrfd_2_5g/conv51 | hw_frame_size: 38400)
[2025-06-28 09:26:54.236] [753816] [HailoRT] [info] [queue_elements.cpp:657] [create] Created (PullQEl_hw_read1scrfd_2_5g/conv51)
[2025-06-28 09:26:54.236] [753816] [HailoRT] [info] [filter_elements.cpp:375] [create] Created (PostInferEl1scrfd_2_5g/conv51 | Reorder - src_order: FCR, src_shape: (40, 40, 24), dst_order: FCR, dst_shape: (40, 40, 20))
[2025-06-28 09:26:54.236] [753816] [HailoRT] [info] [queue_elements.cpp:800] [create] Created (UserBuffQEl1scrfd_2_5g/conv51 | timeout: 10s)
[2025-06-28 09:26:54.236] [753816] [HailoRT] [info] [vstream.cpp:1114] [OutputVStreamImpl] Creating scrfd_2_5g/conv51...
[2025-06-28 09:26:54.236] [753816] [HailoRT] [info] [vstream_builder.cpp:220] [create_outputs] Output pipeline 'scrfd_2_5g/conv51': HW >> (HwReadEl1scrfd_2_5g/conv51 | hw_frame_size: 38400) >> (PullQEl_hw_read1scrfd_2_5g/conv51) >> (PostInferEl1scrfd_2_5g/conv51 | Reorder - src_order: FCR, src_shape: (40, 40, 24), dst_order: FCR, dst_shape: (40, 40, 20)) >> (UserBuffQEl1scrfd_2_5g/conv51 | timeout: 10s)
[2025-06-28 09:26:54.236] [753816] [HailoRT] [info] [edge_elements.cpp:287] [create] Created (HwReadEl10scrfd_2_5g/conv55 | hw_frame_size: 800)
[2025-06-28 09:26:54.236] [753816] [HailoRT] [info] [queue_elements.cpp:657] [create] Created (PullQEl_hw_read10scrfd_2_5g/conv55)
[2025-06-28 09:26:54.236] [753816] [HailoRT] [info] [filter_elements.cpp:375] [create] Created (PostInferEl10scrfd_2_5g/conv55 | Reorder - src_order: NHCW, src_shape: (20, 20, 2), dst_order: NHWC, dst_shape: (20, 20, 2))
[2025-06-28 09:26:54.236] [753816] [HailoRT] [info] [queue_elements.cpp:800] [create] Created (UserBuffQEl10scrfd_2_5g/conv55 | timeout: 10s)
[2025-06-28 09:26:54.236] [753816] [HailoRT] [info] [vstream.cpp:1114] [OutputVStreamImpl] Creating scrfd_2_5g/conv55...
[2025-06-28 09:26:54.236] [753816] [HailoRT] [info] [vstream_builder.cpp:220] [create_outputs] Output pipeline 'scrfd_2_5g/conv55': HW >> (HwReadEl10scrfd_2_5g/conv55 | hw_frame_size: 800) >> (PullQEl_hw_read10scrfd_2_5g/conv55) >> (PostInferEl10scrfd_2_5g/conv55 | Reorder - src_order: NHCW, src_shape: (20, 20, 2), dst_order: NHWC, dst_shape: (20, 20, 2)) >> (UserBuffQEl10scrfd_2_5g/conv55 | timeout: 10s)
[2025-06-28 09:26:54.236] [753816] [HailoRT] [info] [edge_elements.cpp:287] [create] Created (HwReadEl9scrfd_2_5g/conv56 | hw_frame_size: 3200)
[2025-06-28 09:26:54.236] [753816] [HailoRT] [info] [queue_elements.cpp:657] [create] Created (PullQEl_hw_read9scrfd_2_5g/conv56)
[2025-06-28 09:26:54.236] [753816] [HailoRT] [info] [filter_elements.cpp:375] [create] Created (PostInferEl9scrfd_2_5g/conv56 | Reorder - src_order: NHCW, src_shape: (20, 20, 8), dst_order: NHWC, dst_shape: (20, 20, 8))
[2025-06-28 09:26:54.237] [753816] [HailoRT] [info] [queue_elements.cpp:800] [create] Created (UserBuffQEl9scrfd_2_5g/conv56 | timeout: 10s)
[2025-06-28 09:26:54.237] [753816] [HailoRT] [info] [vstream.cpp:1114] [OutputVStreamImpl] Creating scrfd_2_5g/conv56...
[2025-06-28 09:26:54.237] [753816] [HailoRT] [info] [vstream_builder.cpp:220] [create_outputs] Output pipeline 'scrfd_2_5g/conv56': HW >> (HwReadEl9scrfd_2_5g/conv56 | hw_frame_size: 3200) >> (PullQEl_hw_read9scrfd_2_5g/conv56) >> (PostInferEl9scrfd_2_5g/conv56 | Reorder - src_order: NHCW, src_shape: (20, 20, 8), dst_order: NHWC, dst_shape: (20, 20, 8)) >> (UserBuffQEl9scrfd_2_5g/conv56 | timeout: 10s)
[2025-06-28 09:26:54.237] [753816] [HailoRT] [info] [edge_elements.cpp:287] [create] Created (HwReadEl13scrfd_2_5g/conv57 | hw_frame_size: 9600)
[2025-06-28 09:26:54.237] [753816] [HailoRT] [info] [queue_elements.cpp:657] [create] Created (PullQEl_hw_read13scrfd_2_5g/conv57)
[2025-06-28 09:26:54.237] [753816] [HailoRT] [info] [filter_elements.cpp:375] [create] Created (PostInferEl13scrfd_2_5g/conv57 | Reorder - src_order: FCR, src_shape: (20, 20, 24), dst_order: FCR, dst_shape: (20, 20, 20))
[2025-06-28 09:26:54.237] [753816] [HailoRT] [info] [queue_elements.cpp:800] [create] Created (UserBuffQEl13scrfd_2_5g/conv57 | timeout: 10s)
[2025-06-28 09:26:54.237] [753816] [HailoRT] [info] [vstream.cpp:1114] [OutputVStreamImpl] Creating scrfd_2_5g/conv57...
[2025-06-28 09:26:54.237] [753816] [HailoRT] [info] [vstream_builder.cpp:220] [create_outputs] Output pipeline 'scrfd_2_5g/conv57': HW >> (HwReadEl13scrfd_2_5g/conv57 | hw_frame_size: 9600) >> (PullQEl_hw_read13scrfd_2_5g/conv57) >> (PostInferEl13scrfd_2_5g/conv57 | Reorder - src_order: FCR, src_shape: (20, 20, 24), dst_order: FCR, dst_shape: (20, 20, 20)) >> (UserBuffQEl13scrfd_2_5g/conv57 | timeout: 10s)
[2025-06-28 09:26:55.207] [753855] [HailoRT] [info] [hef.cpp:1929] [get_network_group_and_network_name] No name was given. Addressing all networks of default network_group: arcface_mobilefacenet
[2025-06-28 09:26:55.208] [753855] [HailoRT] [info] [internal_buffer_manager.cpp:204] [print_execution_results] Planned internal buffer memory: CMA memory 0, user memory 50688. memory to edge layer usage factor is 1
[2025-06-28 09:26:55.208] [753855] [HailoRT] [info] [internal_buffer_manager.cpp:212] [print_execution_results] Default Internal buffer planner executed successfully
[2025-06-28 09:26:55.220] [753855] [HailoRT] [info] [device_internal.cpp:57] [configure] Configuring HEF took 12.357937 milliseconds
[2025-06-28 09:26:55.222] [753855] [HailoRT] [info] [vdevice.cpp:749] [configure] Configuring HEF on VDevice took 14.630047 milliseconds
[2025-06-28 09:26:55.222] [753855] [HailoRT] [info] [edge_elements.cpp:52] [create] Created (HwWriteEl1arcface_mobilefacenet/input_layer1 | hw_frame_size: 37632)
[2025-06-28 09:26:55.222] [753855] [HailoRT] [info] [vstream.cpp:754] [InputVStreamImpl] Creating arcface_mobilefacenet/input_layer1...
[2025-06-28 09:26:55.222] [753855] [HailoRT] [info] [vstream_builder.cpp:102] [create_inputs] Input pipeline 'arcface_mobilefacenet/input_layer1': (HwWriteEl1arcface_mobilefacenet/input_layer1 | hw_frame_size: 37632) >> HW
[2025-06-28 09:26:55.222] [753855] [HailoRT] [info] [edge_elements.cpp:287] [create] Created (HwReadEl0arcface_mobilefacenet/fc1 | hw_frame_size: 512)
[2025-06-28 09:26:55.222] [753855] [HailoRT] [info] [queue_elements.cpp:800] [create] Created (UserBuffQEl0arcface_mobilefacenet/fc1 | timeout: 10s)
[2025-06-28 09:26:55.222] [753855] [HailoRT] [info] [vstream.cpp:1114] [OutputVStreamImpl] Creating arcface_mobilefacenet/fc1...
[2025-06-28 09:26:55.222] [753855] [HailoRT] [info] [vstream_builder.cpp:220] [create_outputs] Output pipeline 'arcface_mobilefacenet/fc1': HW >> (HwReadEl0arcface_mobilefacenet/fc1 | hw_frame_size: 512) >> (UserBuffQEl0arcface_mobilefacenet/fc1 | timeout: 10s)
[2025-06-28 09:27:25.195] [755078] [HailoRT] [info] [vdevice.cpp:523] [create] Creating vdevice with params: device_count: 1, scheduling_algorithm: ROUND_ROBIN, multi_process_service: false
[2025-06-28 09:27:25.207] [755078] [HailoRT] [info] [device.cpp:49] [Device] OS Version: Linux 6.12.20+rpt-rpi-2712 #1 SMP PREEMPT Debian 1:6.12.20-1+rpt1~bpo12+1 (2025-03-19) aarch64
[2025-06-28 09:27:25.213] [755078] [HailoRT] [info] [control.cpp:108] [control__parse_identify_results] firmware_version is: 4.20.0
[2025-06-28 09:27:25.213] [755078] [HailoRT] [info] [vdevice.cpp:651] [create] VDevice Infos: 0001:01:00.0
[2025-06-28 09:27:25.245] [755249] [HailoRT] [info] [hef.cpp:1929] [get_network_group_and_network_name] No name was given. Addressing all networks of default network_group: scrfd_2_5g
[2025-06-28 09:27:25.256] [755249] [HailoRT] [info] [internal_buffer_manager.cpp:204] [print_execution_results] Planned internal buffer memory: CMA memory 0, user memory 462336. memory to edge layer usage factor is 1
[2025-06-28 09:27:25.256] [755249] [HailoRT] [info] [internal_buffer_manager.cpp:212] [print_execution_results] Default Internal buffer planner executed successfully
[2025-06-28 09:27:25.270] [755249] [HailoRT] [info] [device_internal.cpp:57] [configure] Configuring HEF took 24.654412 milliseconds
[2025-06-28 09:27:25.281] [755249] [HailoRT] [info] [vdevice.cpp:749] [configure] Configuring HEF on VDevice took 35.178166 milliseconds
[2025-06-28 09:27:25.281] [755249] [HailoRT] [info] [edge_elements.cpp:52] [create] Created (HwWriteEl3scrfd_2_5g/input_layer1 | hw_frame_size: 1228800)
[2025-06-28 09:27:25.281] [755249] [HailoRT] [info] [vstream.cpp:754] [InputVStreamImpl] Creating scrfd_2_5g/input_layer1...
[2025-06-28 09:27:25.281] [755249] [HailoRT] [info] [vstream_builder.cpp:102] [create_inputs] Input pipeline 'scrfd_2_5g/input_layer1': (HwWriteEl3scrfd_2_5g/input_layer1 | hw_frame_size: 1228800) >> HW
[2025-06-28 09:27:25.281] [755249] [HailoRT] [info] [edge_elements.cpp:287] [create] Created (HwReadEl3scrfd_2_5g/conv42 | hw_frame_size: 12800)
[2025-06-28 09:27:25.282] [755249] [HailoRT] [info] [queue_elements.cpp:800] [create] Created (UserBuffQEl3scrfd_2_5g/conv42 | timeout: 10s)
[2025-06-28 09:27:25.282] [755249] [HailoRT] [info] [vstream.cpp:1114] [OutputVStreamImpl] Creating scrfd_2_5g/conv42...
[2025-06-28 09:27:25.282] [755249] [HailoRT] [info] [vstream_builder.cpp:220] [create_outputs] Output pipeline 'scrfd_2_5g/conv42': HW >> (HwReadEl3scrfd_2_5g/conv42 | hw_frame_size: 12800) >> (UserBuffQEl3scrfd_2_5g/conv42 | timeout: 10s)
[2025-06-28 09:27:25.283] [755249] [HailoRT] [info] [edge_elements.cpp:287] [create] Created (HwReadEl0scrfd_2_5g/conv43 | hw_frame_size: 51200)
[2025-06-28 09:27:25.283] [755249] [HailoRT] [info] [queue_elements.cpp:800] [create] Created (UserBuffQEl0scrfd_2_5g/conv43 | timeout: 10s)
[2025-06-28 09:27:25.283] [755249] [HailoRT] [info] [vstream.cpp:1114] [OutputVStreamImpl] Creating scrfd_2_5g/conv43...
[2025-06-28 09:27:25.283] [755249] [HailoRT] [info] [vstream_builder.cpp:220] [create_outputs] Output pipeline 'scrfd_2_5g/conv43': HW >> (HwReadEl0scrfd_2_5g/conv43 | hw_frame_size: 51200) >> (UserBuffQEl0scrfd_2_5g/conv43 | timeout: 10s)
[2025-06-28 09:27:25.283] [755249] [HailoRT] [info] [edge_elements.cpp:287] [create] Created (HwReadEl2scrfd_2_5g/conv44 | hw_frame_size: 153600)
[2025-06-28 09:27:25.288] [755249] [HailoRT] [info] [queue_elements.cpp:657] [create] Created (PullQEl_hw_read2scrfd_2_5g/conv44)
[2025-06-28 09:27:25.288] [755249] [HailoRT] [info] [filter_elements.cpp:375] [create] Created (PostInferEl2scrfd_2_5g/conv44 | Reorder - src_order: FCR, src_shape: (80, 80, 24), dst_order: FCR, dst_shape: (80, 80, 20))
[2025-06-28 09:27:25.290] [755249] [HailoRT] [info] [queue_elements.cpp:800] [create] Created (UserBuffQEl2scrfd_2_5g/conv44 | timeout: 10s)
[2025-06-28 09:27:25.290] [755249] [HailoRT] [info] [vstream.cpp:1114] [OutputVStreamImpl] Creating scrfd_2_5g/conv44...
[2025-06-28 09:27:25.291] [755249] [HailoRT] [info] [vstream_builder.cpp:220] [create_outputs] Output pipeline 'scrfd_2_5g/conv44': HW >> (HwReadEl2scrfd_2_5g/conv44 | hw_frame_size: 153600) >> (PullQEl_hw_read2scrfd_2_5g/conv44) >> (PostInferEl2scrfd_2_5g/conv44 | Reorder - src_order: FCR, src_shape: (80, 80, 24), dst_order: FCR, dst_shape: (80, 80, 20)) >> (UserBuffQEl2scrfd_2_5g/conv44 | timeout: 10s)
[2025-06-28 09:27:25.291] [755249] [HailoRT] [info] [edge_elements.cpp:287] [create] Created (HwReadEl14scrfd_2_5g/conv49 | hw_frame_size: 3200)
[2025-06-28 09:27:25.292] [755249] [HailoRT] [info] [queue_elements.cpp:800] [create] Created (UserBuffQEl14scrfd_2_5g/conv49 | timeout: 10s)
[2025-06-28 09:27:25.292] [755249] [HailoRT] [info] [vstream.cpp:1114] [OutputVStreamImpl] Creating scrfd_2_5g/conv49...
[2025-06-28 09:27:25.292] [755249] [HailoRT] [info] [vstream_builder.cpp:220] [create_outputs] Output pipeline 'scrfd_2_5g/conv49': HW >> (HwReadEl14scrfd_2_5g/conv49 | hw_frame_size: 3200) >> (UserBuffQEl14scrfd_2_5g/conv49 | timeout: 10s)
[2025-06-28 09:27:25.292] [755249] [HailoRT] [info] [edge_elements.cpp:287] [create] Created (HwReadEl12scrfd_2_5g/conv50 | hw_frame_size: 12800)
[2025-06-28 09:27:25.295] [755249] [HailoRT] [info] [queue_elements.cpp:800] [create] Created (UserBuffQEl12scrfd_2_5g/conv50 | timeout: 10s)
[2025-06-28 09:27:25.295] [755249] [HailoRT] [info] [vstream.cpp:1114] [OutputVStreamImpl] Creating scrfd_2_5g/conv50...
[2025-06-28 09:27:25.295] [755249] [HailoRT] [info] [vstream_builder.cpp:220] [create_outputs] Output pipeline 'scrfd_2_5g/conv50': HW >> (HwReadEl12scrfd_2_5g/conv50 | hw_frame_size: 12800) >> (UserBuffQEl12scrfd_2_5g/conv50 | timeout: 10s)
[2025-06-28 09:27:25.295] [755249] [HailoRT] [info] [edge_elements.cpp:287] [create] Created (HwReadEl1scrfd_2_5g/conv51 | hw_frame_size: 38400)
[2025-06-28 09:27:25.296] [755249] [HailoRT] [info] [queue_elements.cpp:657] [create] Created (PullQEl_hw_read1scrfd_2_5g/conv51)
[2025-06-28 09:27:25.296] [755249] [HailoRT] [info] [filter_elements.cpp:375] [create] Created (PostInferEl1scrfd_2_5g/conv51 | Reorder - src_order: FCR, src_shape: (40, 40, 24), dst_order: FCR, dst_shape: (40, 40, 20))
[2025-06-28 09:27:25.296] [755249] [HailoRT] [info] [queue_elements.cpp:800] [create] Created (UserBuffQEl1scrfd_2_5g/conv51 | timeout: 10s)
[2025-06-28 09:27:25.296] [755249] [HailoRT] [info] [vstream.cpp:1114] [OutputVStreamImpl] Creating scrfd_2_5g/conv51...
[2025-06-28 09:27:25.296] [755249] [HailoRT] [info] [vstream_builder.cpp:220] [create_outputs] Output pipeline 'scrfd_2_5g/conv51': HW >> (HwReadEl1scrfd_2_5g/conv51 | hw_frame_size: 38400) >> (PullQEl_hw_read1scrfd_2_5g/conv51) >> (PostInferEl1scrfd_2_5g/conv51 | Reorder - src_order: FCR, src_shape: (40, 40, 24), dst_order: FCR, dst_shape: (40, 40, 20)) >> (UserBuffQEl1scrfd_2_5g/conv51 | timeout: 10s)
[2025-06-28 09:27:25.297] [755249] [HailoRT] [info] [edge_elements.cpp:287] [create] Created (HwReadEl10scrfd_2_5g/conv55 | hw_frame_size: 800)
[2025-06-28 09:27:25.298] [755249] [HailoRT] [info] [queue_elements.cpp:657] [create] Created (PullQEl_hw_read10scrfd_2_5g/conv55)
[2025-06-28 09:27:25.298] [755249] [HailoRT] [info] [filter_elements.cpp:375] [create] Created (PostInferEl10scrfd_2_5g/conv55 | Reorder - src_order: NHCW, src_shape: (20, 20, 2), dst_order: NHWC, dst_shape: (20, 20, 2))
[2025-06-28 09:27:25.299] [755249] [HailoRT] [info] [queue_elements.cpp:800] [create] Created (UserBuffQEl10scrfd_2_5g/conv55 | timeout: 10s)
[2025-06-28 09:27:25.299] [755249] [HailoRT] [info] [vstream.cpp:1114] [OutputVStreamImpl] Creating scrfd_2_5g/conv55...
[2025-06-28 09:27:25.299] [755249] [HailoRT] [info] [vstream_builder.cpp:220] [create_outputs] Output pipeline 'scrfd_2_5g/conv55': HW >> (HwReadEl10scrfd_2_5g/conv55 | hw_frame_size: 800) >> (PullQEl_hw_read10scrfd_2_5g/conv55) >> (PostInferEl10scrfd_2_5g/conv55 | Reorder - src_order: NHCW, src_shape: (20, 20, 2), dst_order: NHWC, dst_shape: (20, 20, 2)) >> (UserBuffQEl10scrfd_2_5g/conv55 | timeout: 10s)
[2025-06-28 09:27:25.299] [755249] [HailoRT] [info] [edge_elements.cpp:287] [create] Created (HwReadEl9scrfd_2_5g/conv56 | hw_frame_size: 3200)
[2025-06-28 09:27:25.300] [755249] [HailoRT] [info] [queue_elements.cpp:657] [create] Created (PullQEl_hw_read9scrfd_2_5g/conv56)
[2025-06-28 09:27:25.300] [755249] [HailoRT] [info] [filter_elements.cpp:375] [create] Created (PostInferEl9scrfd_2_5g/conv56 | Reorder - src_order: NHCW, src_shape: (20, 20, 8), dst_order: NHWC, dst_shape: (20, 20, 8))
[2025-06-28 09:27:25.302] [755249] [HailoRT] [info] [queue_elements.cpp:800] [create] Created (UserBuffQEl9scrfd_2_5g/conv56 | timeout: 10s)
[2025-06-28 09:27:25.302] [755249] [HailoRT] [info] [vstream.cpp:1114] [OutputVStreamImpl] Creating scrfd_2_5g/conv56...
[2025-06-28 09:27:25.302] [755249] [HailoRT] [info] [vstream_builder.cpp:220] [create_outputs] Output pipeline 'scrfd_2_5g/conv56': HW >> (HwReadEl9scrfd_2_5g/conv56 | hw_frame_size: 3200) >> (PullQEl_hw_read9scrfd_2_5g/conv56) >> (PostInferEl9scrfd_2_5g/conv56 | Reorder - src_order: NHCW, src_shape: (20, 20, 8), dst_order: NHWC, dst_shape: (20, 20, 8)) >> (UserBuffQEl9scrfd_2_5g/conv56 | timeout: 10s)
[2025-06-28 09:27:25.302] [755249] [HailoRT] [info] [edge_elements.cpp:287] [create] Created (HwReadEl13scrfd_2_5g/conv57 | hw_frame_size: 9600)
[2025-06-28 09:27:25.303] [755249] [HailoRT] [info] [queue_elements.cpp:657] [create] Created (PullQEl_hw_read13scrfd_2_5g/conv57)
[2025-06-28 09:27:25.303] [755249] [HailoRT] [info] [filter_elements.cpp:375] [create] Created (PostInferEl13scrfd_2_5g/conv57 | Reorder - src_order: FCR, src_shape: (20, 20, 24), dst_order: FCR, dst_shape: (20, 20, 20))
[2025-06-28 09:27:25.304] [755249] [HailoRT] [info] [queue_elements.cpp:800] [create] Created (UserBuffQEl13scrfd_2_5g/conv57 | timeout: 10s)
[2025-06-28 09:27:25.304] [755249] [HailoRT] [info] [vstream.cpp:1114] [OutputVStreamImpl] Creating scrfd_2_5g/conv57...
[2025-06-28 09:27:25.304] [755249] [HailoRT] [info] [vstream_builder.cpp:220] [create_outputs] Output pipeline 'scrfd_2_5g/conv57': HW >> (HwReadEl13scrfd_2_5g/conv57 | hw_frame_size: 9600) >> (PullQEl_hw_read13scrfd_2_5g/conv57) >> (PostInferEl13scrfd_2_5g/conv57 | Reorder - src_order: FCR, src_shape: (20, 20, 24), dst_order: FCR, dst_shape: (20, 20, 20)) >> (UserBuffQEl13scrfd_2_5g/conv57 | timeout: 10s)
[2025-06-28 09:27:26.305] [755289] [HailoRT] [info] [hef.cpp:1929] [get_network_group_and_network_name] No name was given. Addressing all networks of default network_group: arcface_mobilefacenet
[2025-06-28 09:27:26.306] [755289] [HailoRT] [info] [internal_buffer_manager.cpp:204] [print_execution_results] Planned internal buffer memory: CMA memory 0, user memory 50688. memory to edge layer usage factor is 1
[2025-06-28 09:27:26.306] [755289] [HailoRT] [info] [internal_buffer_manager.cpp:212] [print_execution_results] Default Internal buffer planner executed successfully
[2025-06-28 09:27:26.321] [755289] [HailoRT] [info] [device_internal.cpp:57] [configure] Configuring HEF took 15.802417 milliseconds
[2025-06-28 09:27:26.323] [755289] [HailoRT] [info] [vdevice.cpp:749] [configure] Configuring HEF on VDevice took 18.286434 milliseconds
[2025-06-28 09:27:26.323] [755289] [HailoRT] [info] [edge_elements.cpp:52] [create] Created (HwWriteEl1arcface_mobilefacenet/input_layer1 | hw_frame_size: 37632)
[2025-06-28 09:27:26.323] [755289] [HailoRT] [info] [vstream.cpp:754] [InputVStreamImpl] Creating arcface_mobilefacenet/input_layer1...
[2025-06-28 09:27:26.323] [755289] [HailoRT] [info] [vstream_builder.cpp:102] [create_inputs] Input pipeline 'arcface_mobilefacenet/input_layer1': (HwWriteEl1arcface_mobilefacenet/input_layer1 | hw_frame_size: 37632) >> HW
[2025-06-28 09:27:26.324] [755289] [HailoRT] [info] [edge_elements.cpp:287] [create] Created (HwReadEl0arcface_mobilefacenet/fc1 | hw_frame_size: 512)
[2025-06-28 09:27:26.353] [755289] [HailoRT] [info] [queue_elements.cpp:800] [create] Created (UserBuffQEl0arcface_mobilefacenet/fc1 | timeout: 10s)
[2025-06-28 09:27:26.353] [755289] [HailoRT] [info] [vstream.cpp:1114] [OutputVStreamImpl] Creating arcface_mobilefacenet/fc1...
[2025-06-28 09:27:26.353] [755289] [HailoRT] [info] [vstream_builder.cpp:220] [create_outputs] Output pipeline 'arcface_mobilefacenet/fc1': HW >> (HwReadEl0arcface_mobilefacenet/fc1 | hw_frame_size: 512) >> (UserBuffQEl0arcface_mobilefacenet/fc1 | timeout: 10s)
[2025-06-28 09:41:01.342] [772424] [HailoRT] [info] [vdevice.cpp:523] [create] Creating vdevice with params: device_count: 1, scheduling_algorithm: ROUND_ROBIN, multi_process_service: false
[2025-06-28 09:41:01.354] [772424] [HailoRT] [info] [device.cpp:49] [Device] OS Version: Linux 6.12.20+rpt-rpi-2712 #1 SMP PREEMPT Debian 1:6.12.20-1+rpt1~bpo12+1 (2025-03-19) aarch64
[2025-06-28 09:41:01.359] [772424] [HailoRT] [info] [control.cpp:108] [control__parse_identify_results] firmware_version is: 4.20.0
[2025-06-28 09:41:01.359] [772424] [HailoRT] [info] [vdevice.cpp:651] [create] VDevice Infos: 0001:01:00.0
[2025-06-28 09:41:01.394] [772588] [HailoRT] [info] [hef.cpp:1929] [get_network_group_and_network_name] No name was given. Addressing all networks of default network_group: scrfd_2_5g
[2025-06-28 09:41:01.407] [772588] [HailoRT] [info] [internal_buffer_manager.cpp:204] [print_execution_results] Planned internal buffer memory: CMA memory 0, user memory 462336. memory to edge layer usage factor is 1
[2025-06-28 09:41:01.407] [772588] [HailoRT] [info] [internal_buffer_manager.cpp:212] [print_execution_results] Default Internal buffer planner executed successfully
[2025-06-28 09:41:01.424] [772588] [HailoRT] [info] [device_internal.cpp:57] [configure] Configuring HEF took 29.437345 milliseconds
[2025-06-28 09:41:01.437] [772588] [HailoRT] [info] [vdevice.cpp:749] [configure] Configuring HEF on VDevice took 42.666051 milliseconds
[2025-06-28 09:41:01.438] [772588] [HailoRT] [info] [edge_elements.cpp:52] [create] Created (HwWriteEl3scrfd_2_5g/input_layer1 | hw_frame_size: 1228800)
[2025-06-28 09:41:01.438] [772588] [HailoRT] [info] [vstream.cpp:754] [InputVStreamImpl] Creating scrfd_2_5g/input_layer1...
[2025-06-28 09:41:01.438] [772588] [HailoRT] [info] [vstream_builder.cpp:102] [create_inputs] Input pipeline 'scrfd_2_5g/input_layer1': (HwWriteEl3scrfd_2_5g/input_layer1 | hw_frame_size: 1228800) >> HW
[2025-06-28 09:41:01.438] [772588] [HailoRT] [info] [edge_elements.cpp:287] [create] Created (HwReadEl3scrfd_2_5g/conv42 | hw_frame_size: 12800)
[2025-06-28 09:41:01.440] [772588] [HailoRT] [info] [queue_elements.cpp:800] [create] Created (UserBuffQEl3scrfd_2_5g/conv42 | timeout: 10s)
[2025-06-28 09:41:01.440] [772588] [HailoRT] [info] [vstream.cpp:1114] [OutputVStreamImpl] Creating scrfd_2_5g/conv42...
[2025-06-28 09:41:01.440] [772588] [HailoRT] [info] [vstream_builder.cpp:220] [create_outputs] Output pipeline 'scrfd_2_5g/conv42': HW >> (HwReadEl3scrfd_2_5g/conv42 | hw_frame_size: 12800) >> (UserBuffQEl3scrfd_2_5g/conv42 | timeout: 10s)
[2025-06-28 09:41:01.440] [772588] [HailoRT] [info] [edge_elements.cpp:287] [create] Created (HwReadEl0scrfd_2_5g/conv43 | hw_frame_size: 51200)
[2025-06-28 09:41:01.442] [772588] [HailoRT] [info] [queue_elements.cpp:800] [create] Created (UserBuffQEl0scrfd_2_5g/conv43 | timeout: 10s)
[2025-06-28 09:41:01.442] [772588] [HailoRT] [info] [vstream.cpp:1114] [OutputVStreamImpl] Creating scrfd_2_5g/conv43...
[2025-06-28 09:41:01.442] [772588] [HailoRT] [info] [vstream_builder.cpp:220] [create_outputs] Output pipeline 'scrfd_2_5g/conv43': HW >> (HwReadEl0scrfd_2_5g/conv43 | hw_frame_size: 51200) >> (UserBuffQEl0scrfd_2_5g/conv43 | timeout: 10s)
[2025-06-28 09:41:01.442] [772588] [HailoRT] [info] [edge_elements.cpp:287] [create] Created (HwReadEl2scrfd_2_5g/conv44 | hw_frame_size: 153600)
[2025-06-28 09:41:01.445] [772588] [HailoRT] [info] [queue_elements.cpp:657] [create] Created (PullQEl_hw_read2scrfd_2_5g/conv44)
[2025-06-28 09:41:01.445] [772588] [HailoRT] [info] [filter_elements.cpp:375] [create] Created (PostInferEl2scrfd_2_5g/conv44 | Reorder - src_order: FCR, src_shape: (80, 80, 24), dst_order: FCR, dst_shape: (80, 80, 20))
[2025-06-28 09:41:01.446] [772588] [HailoRT] [info] [queue_elements.cpp:800] [create] Created (UserBuffQEl2scrfd_2_5g/conv44 | timeout: 10s)
[2025-06-28 09:41:01.446] [772588] [HailoRT] [info] [vstream.cpp:1114] [OutputVStreamImpl] Creating scrfd_2_5g/conv44...
[2025-06-28 09:41:01.447] [772588] [HailoRT] [info] [vstream_builder.cpp:220] [create_outputs] Output pipeline 'scrfd_2_5g/conv44': HW >> (HwReadEl2scrfd_2_5g/conv44 | hw_frame_size: 153600) >> (PullQEl_hw_read2scrfd_2_5g/conv44) >> (PostInferEl2scrfd_2_5g/conv44 | Reorder - src_order: FCR, src_shape: (80, 80, 24), dst_order: FCR, dst_shape: (80, 80, 20)) >> (UserBuffQEl2scrfd_2_5g/conv44 | timeout: 10s)
[2025-06-28 09:41:01.448] [772588] [HailoRT] [info] [edge_elements.cpp:287] [create] Created (HwReadEl14scrfd_2_5g/conv49 | hw_frame_size: 3200)
[2025-06-28 09:41:01.450] [772588] [HailoRT] [info] [queue_elements.cpp:800] [create] Created (UserBuffQEl14scrfd_2_5g/conv49 | timeout: 10s)
[2025-06-28 09:41:01.450] [772588] [HailoRT] [info] [vstream.cpp:1114] [OutputVStreamImpl] Creating scrfd_2_5g/conv49...
[2025-06-28 09:41:01.450] [772588] [HailoRT] [info] [vstream_builder.cpp:220] [create_outputs] Output pipeline 'scrfd_2_5g/conv49': HW >> (HwReadEl14scrfd_2_5g/conv49 | hw_frame_size: 3200) >> (UserBuffQEl14scrfd_2_5g/conv49 | timeout: 10s)
[2025-06-28 09:41:01.450] [772588] [HailoRT] [info] [edge_elements.cpp:287] [create] Created (HwReadEl12scrfd_2_5g/conv50 | hw_frame_size: 12800)
[2025-06-28 09:41:01.451] [772588] [HailoRT] [info] [queue_elements.cpp:800] [create] Created (UserBuffQEl12scrfd_2_5g/conv50 | timeout: 10s)
[2025-06-28 09:41:01.451] [772588] [HailoRT] [info] [vstream.cpp:1114] [OutputVStreamImpl] Creating scrfd_2_5g/conv50...
[2025-06-28 09:41:01.451] [772588] [HailoRT] [info] [vstream_builder.cpp:220] [create_outputs] Output pipeline 'scrfd_2_5g/conv50': HW >> (HwReadEl12scrfd_2_5g/conv50 | hw_frame_size: 12800) >> (UserBuffQEl12scrfd_2_5g/conv50 | timeout: 10s)
[2025-06-28 09:41:01.451] [772588] [HailoRT] [info] [edge_elements.cpp:287] [create] Created (HwReadEl1scrfd_2_5g/conv51 | hw_frame_size: 38400)
[2025-06-28 09:41:01.453] [772588] [HailoRT] [info] [queue_elements.cpp:657] [create] Created (PullQEl_hw_read1scrfd_2_5g/conv51)
[2025-06-28 09:41:01.453] [772588] [HailoRT] [info] [filter_elements.cpp:375] [create] Created (PostInferEl1scrfd_2_5g/conv51 | Reorder - src_order: FCR, src_shape: (40, 40, 24), dst_order: FCR, dst_shape: (40, 40, 20))
[2025-06-28 09:41:01.454] [772588] [HailoRT] [info] [queue_elements.cpp:800] [create] Created (UserBuffQEl1scrfd_2_5g/conv51 | timeout: 10s)
[2025-06-28 09:41:01.454] [772588] [HailoRT] [info] [vstream.cpp:1114] [OutputVStreamImpl] Creating scrfd_2_5g/conv51...
[2025-06-28 09:41:01.454] [772588] [HailoRT] [info] [vstream_builder.cpp:220] [create_outputs] Output pipeline 'scrfd_2_5g/conv51': HW >> (HwReadEl1scrfd_2_5g/conv51 | hw_frame_size: 38400) >> (PullQEl_hw_read1scrfd_2_5g/conv51) >> (PostInferEl1scrfd_2_5g/conv51 | Reorder - src_order: FCR, src_shape: (40, 40, 24), dst_order: FCR, dst_shape: (40, 40, 20)) >> (UserBuffQEl1scrfd_2_5g/conv51 | timeout: 10s)
[2025-06-28 09:41:01.454] [772588] [HailoRT] [info] [edge_elements.cpp:287] [create] Created (HwReadEl10scrfd_2_5g/conv55 | hw_frame_size: 800)
[2025-06-28 09:41:01.455] [772588] [HailoRT] [info] [queue_elements.cpp:657] [create] Created (PullQEl_hw_read10scrfd_2_5g/conv55)
[2025-06-28 09:41:01.455] [772588] [HailoRT] [info] [filter_elements.cpp:375] [create] Created (PostInferEl10scrfd_2_5g/conv55 | Reorder - src_order: NHCW, src_shape: (20, 20, 2), dst_order: NHWC, dst_shape: (20, 20, 2))
[2025-06-28 09:41:01.456] [772588] [HailoRT] [info] [queue_elements.cpp:800] [create] Created (UserBuffQEl10scrfd_2_5g/conv55 | timeout: 10s)
[2025-06-28 09:41:01.456] [772588] [HailoRT] [info] [vstream.cpp:1114] [OutputVStreamImpl] Creating scrfd_2_5g/conv55...
[2025-06-28 09:41:01.456] [772588] [HailoRT] [info] [vstream_builder.cpp:220] [create_outputs] Output pipeline 'scrfd_2_5g/conv55': HW >> (HwReadEl10scrfd_2_5g/conv55 | hw_frame_size: 800) >> (PullQEl_hw_read10scrfd_2_5g/conv55) >> (PostInferEl10scrfd_2_5g/conv55 | Reorder - src_order: NHCW, src_shape: (20, 20, 2), dst_order: NHWC, dst_shape: (20, 20, 2)) >> (UserBuffQEl10scrfd_2_5g/conv55 | timeout: 10s)
[2025-06-28 09:41:01.456] [772588] [HailoRT] [info] [edge_elements.cpp:287] [create] Created (HwReadEl9scrfd_2_5g/conv56 | hw_frame_size: 3200)
[2025-06-28 09:41:01.458] [772588] [HailoRT] [info] [queue_elements.cpp:657] [create] Created (PullQEl_hw_read9scrfd_2_5g/conv56)
[2025-06-28 09:41:01.459] [772588] [HailoRT] [info] [filter_elements.cpp:375] [create] Created (PostInferEl9scrfd_2_5g/conv56 | Reorder - src_order: NHCW, src_shape: (20, 20, 8), dst_order: NHWC, dst_shape: (20, 20, 8))
[2025-06-28 09:41:01.461] [772588] [HailoRT] [info] [queue_elements.cpp:800] [create] Created (UserBuffQEl9scrfd_2_5g/conv56 | timeout: 10s)
[2025-06-28 09:41:01.461] [772588] [HailoRT] [info] [vstream.cpp:1114] [OutputVStreamImpl] Creating scrfd_2_5g/conv56...
[2025-06-28 09:41:01.461] [772588] [HailoRT] [info] [vstream_builder.cpp:220] [create_outputs] Output pipeline 'scrfd_2_5g/conv56': HW >> (HwReadEl9scrfd_2_5g/conv56 | hw_frame_size: 3200) >> (PullQEl_hw_read9scrfd_2_5g/conv56) >> (PostInferEl9scrfd_2_5g/conv56 | Reorder - src_order: NHCW, src_shape: (20, 20, 8), dst_order: NHWC, dst_shape: (20, 20, 8)) >> (UserBuffQEl9scrfd_2_5g/conv56 | timeout: 10s)
[2025-06-28 09:41:01.461] [772588] [HailoRT] [info] [edge_elements.cpp:287] [create] Created (HwReadEl13scrfd_2_5g/conv57 | hw_frame_size: 9600)
[2025-06-28 09:41:01.462] [772588] [HailoRT] [info] [queue_elements.cpp:657] [create] Created (PullQEl_hw_read13scrfd_2_5g/conv57)
[2025-06-28 09:41:01.463] [772588] [HailoRT] [info] [filter_elements.cpp:375] [create] Created (PostInferEl13scrfd_2_5g/conv57 | Reorder - src_order: FCR, src_shape: (20, 20, 24), dst_order: FCR, dst_shape: (20, 20, 20))
[2025-06-28 09:41:01.464] [772588] [HailoRT] [info] [queue_elements.cpp:800] [create] Created (UserBuffQEl13scrfd_2_5g/conv57 | timeout: 10s)
[2025-06-28 09:41:01.464] [772588] [HailoRT] [info] [vstream.cpp:1114] [OutputVStreamImpl] Creating scrfd_2_5g/conv57...
[2025-06-28 09:41:01.464] [772588] [HailoRT] [info] [vstream_builder.cpp:220] [create_outputs] Output pipeline 'scrfd_2_5g/conv57': HW >> (HwReadEl13scrfd_2_5g/conv57 | hw_frame_size: 9600) >> (PullQEl_hw_read13scrfd_2_5g/conv57) >> (PostInferEl13scrfd_2_5g/conv57 | Reorder - src_order: FCR, src_shape: (20, 20, 24), dst_order: FCR, dst_shape: (20, 20, 20)) >> (UserBuffQEl13scrfd_2_5g/conv57 | timeout: 10s)
[2025-06-28 09:41:02.419] [772627] [HailoRT] [info] [hef.cpp:1929] [get_network_group_and_network_name] No name was given. Addressing all networks of default network_group: arcface_mobilefacenet
[2025-06-28 09:41:02.421] [772627] [HailoRT] [info] [internal_buffer_manager.cpp:204] [print_execution_results] Planned internal buffer memory: CMA memory 0, user memory 50688. memory to edge layer usage factor is 1
[2025-06-28 09:41:02.421] [772627] [HailoRT] [info] [internal_buffer_manager.cpp:212] [print_execution_results] Default Internal buffer planner executed successfully
[2025-06-28 09:41:02.441] [772627] [HailoRT] [info] [device_internal.cpp:57] [configure] Configuring HEF took 20.983534 milliseconds
[2025-06-28 09:41:02.443] [772627] [HailoRT] [info] [vdevice.cpp:749] [configure] Configuring HEF on VDevice took 23.701872 milliseconds
[2025-06-28 09:41:02.443] [772627] [HailoRT] [info] [edge_elements.cpp:52] [create] Created (HwWriteEl1arcface_mobilefacenet/input_layer1 | hw_frame_size: 37632)
[2025-06-28 09:41:02.443] [772627] [HailoRT] [info] [vstream.cpp:754] [InputVStreamImpl] Creating arcface_mobilefacenet/input_layer1...
[2025-06-28 09:41:02.443] [772627] [HailoRT] [info] [vstream_builder.cpp:102] [create_inputs] Input pipeline 'arcface_mobilefacenet/input_layer1': (HwWriteEl1arcface_mobilefacenet/input_layer1 | hw_frame_size: 37632) >> HW
[2025-06-28 09:41:02.443] [772627] [HailoRT] [info] [edge_elements.cpp:287] [create] Created (HwReadEl0arcface_mobilefacenet/fc1 | hw_frame_size: 512)
[2025-06-28 09:41:02.481] [772627] [HailoRT] [info] [queue_elements.cpp:800] [create] Created (UserBuffQEl0arcface_mobilefacenet/fc1 | timeout: 10s)
[2025-06-28 09:41:02.481] [772627] [HailoRT] [info] [vstream.cpp:1114] [OutputVStreamImpl] Creating arcface_mobilefacenet/fc1...
[2025-06-28 09:41:02.481] [772627] [HailoRT] [info] [vstream_builder.cpp:220] [create_outputs] Output pipeline 'arcface_mobilefacenet/fc1': HW >> (HwReadEl0arcface_mobilefacenet/fc1 | hw_frame_size: 512) >> (UserBuffQEl0arcface_mobilefacenet/fc1 | timeout: 10s)
[2025-06-28 09:45:57.145] [781884] [HailoRT] [info] [vdevice.cpp:523] [create] Creating vdevice with params: device_count: 1, scheduling_algorithm: ROUND_ROBIN, multi_process_service: false
[2025-06-28 09:45:57.157] [781884] [HailoRT] [info] [device.cpp:49] [Device] OS Version: Linux 6.12.20+rpt-rpi-2712 #1 SMP PREEMPT Debian 1:6.12.20-1+rpt1~bpo12+1 (2025-03-19) aarch64
[2025-06-28 09:45:57.162] [781884] [HailoRT] [info] [control.cpp:108] [control__parse_identify_results] firmware_version is: 4.20.0
[2025-06-28 09:45:57.162] [781884] [HailoRT] [info] [vdevice.cpp:651] [create] VDevice Infos: 0001:01:00.0
[2025-06-28 09:45:57.199] [781990] [HailoRT] [info] [hef.cpp:1929] [get_network_group_and_network_name] No name was given. Addressing all networks of default network_group: scrfd_2_5g
[2025-06-28 09:45:57.209] [781990] [HailoRT] [info] [internal_buffer_manager.cpp:204] [print_execution_results] Planned internal buffer memory: CMA memory 0, user memory 462336. memory to edge layer usage factor is 1
[2025-06-28 09:45:57.209] [781990] [HailoRT] [info] [internal_buffer_manager.cpp:212] [print_execution_results] Default Internal buffer planner executed successfully
[2025-06-28 09:45:57.223] [781990] [HailoRT] [info] [device_internal.cpp:57] [configure] Configuring HEF took 23.736653 milliseconds
[2025-06-28 09:45:57.236] [781990] [HailoRT] [info] [vdevice.cpp:749] [configure] Configuring HEF on VDevice took 36.356776 milliseconds
[2025-06-28 09:45:57.236] [781990] [HailoRT] [info] [edge_elements.cpp:52] [create] Created (HwWriteEl3scrfd_2_5g/input_layer1 | hw_frame_size: 1228800)
[2025-06-28 09:45:57.236] [781990] [HailoRT] [info] [vstream.cpp:754] [InputVStreamImpl] Creating scrfd_2_5g/input_layer1...
[2025-06-28 09:45:57.236] [781990] [HailoRT] [info] [vstream_builder.cpp:102] [create_inputs] Input pipeline 'scrfd_2_5g/input_layer1': (HwWriteEl3scrfd_2_5g/input_layer1 | hw_frame_size: 1228800) >> HW
[2025-06-28 09:45:57.236] [781990] [HailoRT] [info] [edge_elements.cpp:287] [create] Created (HwReadEl3scrfd_2_5g/conv42 | hw_frame_size: 12800)
[2025-06-28 09:45:57.237] [781990] [HailoRT] [info] [queue_elements.cpp:800] [create] Created (UserBuffQEl3scrfd_2_5g/conv42 | timeout: 10s)
[2025-06-28 09:45:57.237] [781990] [HailoRT] [info] [vstream.cpp:1114] [OutputVStreamImpl] Creating scrfd_2_5g/conv42...
[2025-06-28 09:45:57.237] [781990] [HailoRT] [info] [vstream_builder.cpp:220] [create_outputs] Output pipeline 'scrfd_2_5g/conv42': HW >> (HwReadEl3scrfd_2_5g/conv42 | hw_frame_size: 12800) >> (UserBuffQEl3scrfd_2_5g/conv42 | timeout: 10s)
[2025-06-28 09:45:57.237] [781990] [HailoRT] [info] [edge_elements.cpp:287] [create] Created (HwReadEl0scrfd_2_5g/conv43 | hw_frame_size: 51200)
[2025-06-28 09:45:57.238] [781990] [HailoRT] [info] [queue_elements.cpp:800] [create] Created (UserBuffQEl0scrfd_2_5g/conv43 | timeout: 10s)
[2025-06-28 09:45:57.238] [781990] [HailoRT] [info] [vstream.cpp:1114] [OutputVStreamImpl] Creating scrfd_2_5g/conv43...
[2025-06-28 09:45:57.238] [781990] [HailoRT] [info] [vstream_builder.cpp:220] [create_outputs] Output pipeline 'scrfd_2_5g/conv43': HW >> (HwReadEl0scrfd_2_5g/conv43 | hw_frame_size: 51200) >> (UserBuffQEl0scrfd_2_5g/conv43 | timeout: 10s)
[2025-06-28 09:45:57.238] [781990] [HailoRT] [info] [edge_elements.cpp:287] [create] Created (HwReadEl2scrfd_2_5g/conv44 | hw_frame_size: 153600)
[2025-06-28 09:45:57.238] [781990] [HailoRT] [info] [queue_elements.cpp:657] [create] Created (PullQEl_hw_read2scrfd_2_5g/conv44)
[2025-06-28 09:45:57.238] [781990] [HailoRT] [info] [filter_elements.cpp:375] [create] Created (PostInferEl2scrfd_2_5g/conv44 | Reorder - src_order: FCR, src_shape: (80, 80, 24), dst_order: FCR, dst_shape: (80, 80, 20))
[2025-06-28 09:45:57.240] [781990] [HailoRT] [info] [queue_elements.cpp:800] [create] Created (UserBuffQEl2scrfd_2_5g/conv44 | timeout: 10s)
[2025-06-28 09:45:57.240] [781990] [HailoRT] [info] [vstream.cpp:1114] [OutputVStreamImpl] Creating scrfd_2_5g/conv44...
[2025-06-28 09:45:57.241] [781990] [HailoRT] [info] [vstream_builder.cpp:220] [create_outputs] Output pipeline 'scrfd_2_5g/conv44': HW >> (HwReadEl2scrfd_2_5g/conv44 | hw_frame_size: 153600) >> (PullQEl_hw_read2scrfd_2_5g/conv44) >> (PostInferEl2scrfd_2_5g/conv44 | Reorder - src_order: FCR, src_shape: (80, 80, 24), dst_order: FCR, dst_shape: (80, 80, 20)) >> (UserBuffQEl2scrfd_2_5g/conv44 | timeout: 10s)
[2025-06-28 09:45:57.243] [781990] [HailoRT] [info] [edge_elements.cpp:287] [create] Created (HwReadEl14scrfd_2_5g/conv49 | hw_frame_size: 3200)
[2025-06-28 09:45:57.244] [781990] [HailoRT] [info] [queue_elements.cpp:800] [create] Created (UserBuffQEl14scrfd_2_5g/conv49 | timeout: 10s)
[2025-06-28 09:45:57.244] [781990] [HailoRT] [info] [vstream.cpp:1114] [OutputVStreamImpl] Creating scrfd_2_5g/conv49...
[2025-06-28 09:45:57.244] [781990] [HailoRT] [info] [vstream_builder.cpp:220] [create_outputs] Output pipeline 'scrfd_2_5g/conv49': HW >> (HwReadEl14scrfd_2_5g/conv49 | hw_frame_size: 3200) >> (UserBuffQEl14scrfd_2_5g/conv49 | timeout: 10s)
[2025-06-28 09:45:57.244] [781990] [HailoRT] [info] [edge_elements.cpp:287] [create] Created (HwReadEl12scrfd_2_5g/conv50 | hw_frame_size: 12800)
[2025-06-28 09:45:57.247] [781990] [HailoRT] [info] [queue_elements.cpp:800] [create] Created (UserBuffQEl12scrfd_2_5g/conv50 | timeout: 10s)
[2025-06-28 09:45:57.247] [781990] [HailoRT] [info] [vstream.cpp:1114] [OutputVStreamImpl] Creating scrfd_2_5g/conv50...
[2025-06-28 09:45:57.247] [781990] [HailoRT] [info] [vstream_builder.cpp:220] [create_outputs] Output pipeline 'scrfd_2_5g/conv50': HW >> (HwReadEl12scrfd_2_5g/conv50 | hw_frame_size: 12800) >> (UserBuffQEl12scrfd_2_5g/conv50 | timeout: 10s)
[2025-06-28 09:45:57.247] [781990] [HailoRT] [info] [edge_elements.cpp:287] [create] Created (HwReadEl1scrfd_2_5g/conv51 | hw_frame_size: 38400)
[2025-06-28 09:45:57.248] [781990] [HailoRT] [info] [queue_elements.cpp:657] [create] Created (PullQEl_hw_read1scrfd_2_5g/conv51)
[2025-06-28 09:45:57.248] [781990] [HailoRT] [info] [filter_elements.cpp:375] [create] Created (PostInferEl1scrfd_2_5g/conv51 | Reorder - src_order: FCR, src_shape: (40, 40, 24), dst_order: FCR, dst_shape: (40, 40, 20))
[2025-06-28 09:45:57.251] [781990] [HailoRT] [info] [queue_elements.cpp:800] [create] Created (UserBuffQEl1scrfd_2_5g/conv51 | timeout: 10s)
[2025-06-28 09:45:57.251] [781990] [HailoRT] [info] [vstream.cpp:1114] [OutputVStreamImpl] Creating scrfd_2_5g/conv51...
[2025-06-28 09:45:57.251] [781990] [HailoRT] [info] [vstream_builder.cpp:220] [create_outputs] Output pipeline 'scrfd_2_5g/conv51': HW >> (HwReadEl1scrfd_2_5g/conv51 | hw_frame_size: 38400) >> (PullQEl_hw_read1scrfd_2_5g/conv51) >> (PostInferEl1scrfd_2_5g/conv51 | Reorder - src_order: FCR, src_shape: (40, 40, 24), dst_order: FCR, dst_shape: (40, 40, 20)) >> (UserBuffQEl1scrfd_2_5g/conv51 | timeout: 10s)
[2025-06-28 09:45:57.251] [781990] [HailoRT] [info] [edge_elements.cpp:287] [create] Created (HwReadEl10scrfd_2_5g/conv55 | hw_frame_size: 800)
[2025-06-28 09:45:57.253] [781990] [HailoRT] [info] [queue_elements.cpp:657] [create] Created (PullQEl_hw_read10scrfd_2_5g/conv55)
[2025-06-28 09:45:57.253] [781990] [HailoRT] [info] [filter_elements.cpp:375] [create] Created (PostInferEl10scrfd_2_5g/conv55 | Reorder - src_order: NHCW, src_shape: (20, 20, 2), dst_order: NHWC, dst_shape: (20, 20, 2))
[2025-06-28 09:45:57.255] [781990] [HailoRT] [info] [queue_elements.cpp:800] [create] Created (UserBuffQEl10scrfd_2_5g/conv55 | timeout: 10s)
[2025-06-28 09:45:57.255] [781990] [HailoRT] [info] [vstream.cpp:1114] [OutputVStreamImpl] Creating scrfd_2_5g/conv55...
[2025-06-28 09:45:57.255] [781990] [HailoRT] [info] [vstream_builder.cpp:220] [create_outputs] Output pipeline 'scrfd_2_5g/conv55': HW >> (HwReadEl10scrfd_2_5g/conv55 | hw_frame_size: 800) >> (PullQEl_hw_read10scrfd_2_5g/conv55) >> (PostInferEl10scrfd_2_5g/conv55 | Reorder - src_order: NHCW, src_shape: (20, 20, 2), dst_order: NHWC, dst_shape: (20, 20, 2)) >> (UserBuffQEl10scrfd_2_5g/conv55 | timeout: 10s)
[2025-06-28 09:45:57.255] [781990] [HailoRT] [info] [edge_elements.cpp:287] [create] Created (HwReadEl9scrfd_2_5g/conv56 | hw_frame_size: 3200)
[2025-06-28 09:45:57.257] [781990] [HailoRT] [info] [queue_elements.cpp:657] [create] Created (PullQEl_hw_read9scrfd_2_5g/conv56)
[2025-06-28 09:45:57.257] [781990] [HailoRT] [info] [filter_elements.cpp:375] [create] Created (PostInferEl9scrfd_2_5g/conv56 | Reorder - src_order: NHCW, src_shape: (20, 20, 8), dst_order: NHWC, dst_shape: (20, 20, 8))
[2025-06-28 09:45:57.260] [781990] [HailoRT] [info] [queue_elements.cpp:800] [create] Created (UserBuffQEl9scrfd_2_5g/conv56 | timeout: 10s)
[2025-06-28 09:45:57.260] [781990] [HailoRT] [info] [vstream.cpp:1114] [OutputVStreamImpl] Creating scrfd_2_5g/conv56...
[2025-06-28 09:45:57.260] [781990] [HailoRT] [info] [vstream_builder.cpp:220] [create_outputs] Output pipeline 'scrfd_2_5g/conv56': HW >> (HwReadEl9scrfd_2_5g/conv56 | hw_frame_size: 3200) >> (PullQEl_hw_read9scrfd_2_5g/conv56) >> (PostInferEl9scrfd_2_5g/conv56 | Reorder - src_order: NHCW, src_shape: (20, 20, 8), dst_order: NHWC, dst_shape: (20, 20, 8)) >> (UserBuffQEl9scrfd_2_5g/conv56 | timeout: 10s)
[2025-06-28 09:45:57.260] [781990] [HailoRT] [info] [edge_elements.cpp:287] [create] Created (HwReadEl13scrfd_2_5g/conv57 | hw_frame_size: 9600)
[2025-06-28 09:45:57.262] [781990] [HailoRT] [info] [queue_elements.cpp:657] [create] Created (PullQEl_hw_read13scrfd_2_5g/conv57)
[2025-06-28 09:45:57.262] [781990] [HailoRT] [info] [filter_elements.cpp:375] [create] Created (PostInferEl13scrfd_2_5g/conv57 | Reorder - src_order: FCR, src_shape: (20, 20, 24), dst_order: FCR, dst_shape: (20, 20, 20))
[2025-06-28 09:45:57.264] [781990] [HailoRT] [info] [queue_elements.cpp:800] [create] Created (UserBuffQEl13scrfd_2_5g/conv57 | timeout: 10s)
[2025-06-28 09:45:57.264] [781990] [HailoRT] [info] [vstream.cpp:1114] [OutputVStreamImpl] Creating scrfd_2_5g/conv57...
[2025-06-28 09:45:57.264] [781990] [HailoRT] [info] [vstream_builder.cpp:220] [create_outputs] Output pipeline 'scrfd_2_5g/conv57': HW >> (HwReadEl13scrfd_2_5g/conv57 | hw_frame_size: 9600) >> (PullQEl_hw_read13scrfd_2_5g/conv57) >> (PostInferEl13scrfd_2_5g/conv57 | Reorder - src_order: FCR, src_shape: (20, 20, 24), dst_order: FCR, dst_shape: (20, 20, 20)) >> (UserBuffQEl13scrfd_2_5g/conv57 | timeout: 10s)
[2025-06-28 09:45:58.218] [782028] [HailoRT] [info] [hef.cpp:1929] [get_network_group_and_network_name] No name was given. Addressing all networks of default network_group: arcface_mobilefacenet
[2025-06-28 09:45:58.220] [782028] [HailoRT] [info] [internal_buffer_manager.cpp:204] [print_execution_results] Planned internal buffer memory: CMA memory 0, user memory 50688. memory to edge layer usage factor is 1
[2025-06-28 09:45:58.220] [782028] [HailoRT] [info] [internal_buffer_manager.cpp:212] [print_execution_results] Default Internal buffer planner executed successfully
[2025-06-28 09:45:58.232] [782028] [HailoRT] [info] [device_internal.cpp:57] [configure] Configuring HEF took 13.766551 milliseconds
[2025-06-28 09:45:58.235] [782028] [HailoRT] [info] [vdevice.cpp:749] [configure] Configuring HEF on VDevice took 16.436331 milliseconds
[2025-06-28 09:45:58.235] [782028] [HailoRT] [info] [edge_elements.cpp:52] [create] Created (HwWriteEl1arcface_mobilefacenet/input_layer1 | hw_frame_size: 37632)
[2025-06-28 09:45:58.235] [782028] [HailoRT] [info] [vstream.cpp:754] [InputVStreamImpl] Creating arcface_mobilefacenet/input_layer1...
[2025-06-28 09:45:58.235] [782028] [HailoRT] [info] [vstream_builder.cpp:102] [create_inputs] Input pipeline 'arcface_mobilefacenet/input_layer1': (HwWriteEl1arcface_mobilefacenet/input_layer1 | hw_frame_size: 37632) >> HW
[2025-06-28 09:45:58.235] [782028] [HailoRT] [info] [edge_elements.cpp:287] [create] Created (HwReadEl0arcface_mobilefacenet/fc1 | hw_frame_size: 512)
[2025-06-28 09:45:58.264] [782028] [HailoRT] [info] [queue_elements.cpp:800] [create] Created (UserBuffQEl0arcface_mobilefacenet/fc1 | timeout: 10s)
[2025-06-28 09:45:58.264] [782028] [HailoRT] [info] [vstream.cpp:1114] [OutputVStreamImpl] Creating arcface_mobilefacenet/fc1...
[2025-06-28 09:45:58.264] [782028] [HailoRT] [info] [vstream_builder.cpp:220] [create_outputs] Output pipeline 'arcface_mobilefacenet/fc1': HW >> (HwReadEl0arcface_mobilefacenet/fc1 | hw_frame_size: 512) >> (UserBuffQEl0arcface_mobilefacenet/fc1 | timeout: 10s)
[2025-06-28 09:53:16.808] [804923] [HailoRT] [info] [vdevice.cpp:523] [create] Creating vdevice with params: device_count: 1, scheduling_algorithm: ROUND_ROBIN, multi_process_service: false
[2025-06-28 09:53:16.819] [804923] [HailoRT] [info] [device.cpp:49] [Device] OS Version: Linux 6.12.20+rpt-rpi-2712 #1 SMP PREEMPT Debian 1:6.12.20-1+rpt1~bpo12+1 (2025-03-19) aarch64
[2025-06-28 09:53:16.824] [804923] [HailoRT] [info] [control.cpp:108] [control__parse_identify_results] firmware_version is: 4.20.0
[2025-06-28 09:53:16.824] [804923] [HailoRT] [info] [vdevice.cpp:651] [create] VDevice Infos: 0001:01:00.0
[2025-06-28 09:53:16.852] [805023] [HailoRT] [info] [hef.cpp:1929] [get_network_group_and_network_name] No name was given. Addressing all networks of default network_group: scrfd_2_5g
[2025-06-28 09:53:16.863] [805023] [HailoRT] [info] [internal_buffer_manager.cpp:204] [print_execution_results] Planned internal buffer memory: CMA memory 0, user memory 462336. memory to edge layer usage factor is 1
[2025-06-28 09:53:16.863] [805023] [HailoRT] [info] [internal_buffer_manager.cpp:212] [print_execution_results] Default Internal buffer planner executed successfully
[2025-06-28 09:53:16.879] [805023] [HailoRT] [info] [device_internal.cpp:57] [configure] Configuring HEF took 26.450846 milliseconds
[2025-06-28 09:53:16.891] [805023] [HailoRT] [info] [vdevice.cpp:749] [configure] Configuring HEF on VDevice took 38.548518 milliseconds
[2025-06-28 09:53:16.891] [805023] [HailoRT] [info] [edge_elements.cpp:52] [create] Created (HwWriteEl3scrfd_2_5g/input_layer1 | hw_frame_size: 1228800)
[2025-06-28 09:53:16.891] [805023] [HailoRT] [info] [vstream.cpp:754] [InputVStreamImpl] Creating scrfd_2_5g/input_layer1...
[2025-06-28 09:53:16.891] [805023] [HailoRT] [info] [vstream_builder.cpp:102] [create_inputs] Input pipeline 'scrfd_2_5g/input_layer1': (HwWriteEl3scrfd_2_5g/input_layer1 | hw_frame_size: 1228800) >> HW
[2025-06-28 09:53:16.891] [805023] [HailoRT] [info] [edge_elements.cpp:287] [create] Created (HwReadEl3scrfd_2_5g/conv42 | hw_frame_size: 12800)
[2025-06-28 09:53:16.892] [805023] [HailoRT] [info] [queue_elements.cpp:800] [create] Created (UserBuffQEl3scrfd_2_5g/conv42 | timeout: 10s)
[2025-06-28 09:53:16.892] [805023] [HailoRT] [info] [vstream.cpp:1114] [OutputVStreamImpl] Creating scrfd_2_5g/conv42...
[2025-06-28 09:53:16.892] [805023] [HailoRT] [info] [vstream_builder.cpp:220] [create_outputs] Output pipeline 'scrfd_2_5g/conv42': HW >> (HwReadEl3scrfd_2_5g/conv42 | hw_frame_size: 12800) >> (UserBuffQEl3scrfd_2_5g/conv42 | timeout: 10s)
[2025-06-28 09:53:16.892] [805023] [HailoRT] [info] [edge_elements.cpp:287] [create] Created (HwReadEl0scrfd_2_5g/conv43 | hw_frame_size: 51200)
[2025-06-28 09:53:16.892] [805023] [HailoRT] [info] [queue_elements.cpp:800] [create] Created (UserBuffQEl0scrfd_2_5g/conv43 | timeout: 10s)
[2025-06-28 09:53:16.892] [805023] [HailoRT] [info] [vstream.cpp:1114] [OutputVStreamImpl] Creating scrfd_2_5g/conv43...
[2025-06-28 09:53:16.892] [805023] [HailoRT] [info] [vstream_builder.cpp:220] [create_outputs] Output pipeline 'scrfd_2_5g/conv43': HW >> (HwReadEl0scrfd_2_5g/conv43 | hw_frame_size: 51200) >> (UserBuffQEl0scrfd_2_5g/conv43 | timeout: 10s)
[2025-06-28 09:53:16.892] [805023] [HailoRT] [info] [edge_elements.cpp:287] [create] Created (HwReadEl2scrfd_2_5g/conv44 | hw_frame_size: 153600)
[2025-06-28 09:53:16.893] [805023] [HailoRT] [info] [queue_elements.cpp:657] [create] Created (PullQEl_hw_read2scrfd_2_5g/conv44)
[2025-06-28 09:53:16.893] [805023] [HailoRT] [info] [filter_elements.cpp:375] [create] Created (PostInferEl2scrfd_2_5g/conv44 | Reorder - src_order: FCR, src_shape: (80, 80, 24), dst_order: FCR, dst_shape: (80, 80, 20))
[2025-06-28 09:53:16.894] [805023] [HailoRT] [info] [queue_elements.cpp:800] [create] Created (UserBuffQEl2scrfd_2_5g/conv44 | timeout: 10s)
[2025-06-28 09:53:16.894] [805023] [HailoRT] [info] [vstream.cpp:1114] [OutputVStreamImpl] Creating scrfd_2_5g/conv44...
[2025-06-28 09:53:16.894] [805023] [HailoRT] [info] [vstream_builder.cpp:220] [create_outputs] Output pipeline 'scrfd_2_5g/conv44': HW >> (HwReadEl2scrfd_2_5g/conv44 | hw_frame_size: 153600) >> (PullQEl_hw_read2scrfd_2_5g/conv44) >> (PostInferEl2scrfd_2_5g/conv44 | Reorder - src_order: FCR, src_shape: (80, 80, 24), dst_order: FCR, dst_shape: (80, 80, 20)) >> (UserBuffQEl2scrfd_2_5g/conv44 | timeout: 10s)
[2025-06-28 09:53:16.894] [805023] [HailoRT] [info] [edge_elements.cpp:287] [create] Created (HwReadEl14scrfd_2_5g/conv49 | hw_frame_size: 3200)
[2025-06-28 09:53:16.901] [805023] [HailoRT] [info] [queue_elements.cpp:800] [create] Created (UserBuffQEl14scrfd_2_5g/conv49 | timeout: 10s)
[2025-06-28 09:53:16.901] [805023] [HailoRT] [info] [vstream.cpp:1114] [OutputVStreamImpl] Creating scrfd_2_5g/conv49...
[2025-06-28 09:53:16.901] [805023] [HailoRT] [info] [vstream_builder.cpp:220] [create_outputs] Output pipeline 'scrfd_2_5g/conv49': HW >> (HwReadEl14scrfd_2_5g/conv49 | hw_frame_size: 3200) >> (UserBuffQEl14scrfd_2_5g/conv49 | timeout: 10s)
[2025-06-28 09:53:16.901] [805023] [HailoRT] [info] [edge_elements.cpp:287] [create] Created (HwReadEl12scrfd_2_5g/conv50 | hw_frame_size: 12800)
[2025-06-28 09:53:16.901] [805023] [HailoRT] [info] [queue_elements.cpp:800] [create] Created (UserBuffQEl12scrfd_2_5g/conv50 | timeout: 10s)
[2025-06-28 09:53:16.902] [805023] [HailoRT] [info] [vstream.cpp:1114] [OutputVStreamImpl] Creating scrfd_2_5g/conv50...
[2025-06-28 09:53:16.902] [805023] [HailoRT] [info] [vstream_builder.cpp:220] [create_outputs] Output pipeline 'scrfd_2_5g/conv50': HW >> (HwReadEl12scrfd_2_5g/conv50 | hw_frame_size: 12800) >> (UserBuffQEl12scrfd_2_5g/conv50 | timeout: 10s)
[2025-06-28 09:53:16.902] [805023] [HailoRT] [info] [edge_elements.cpp:287] [create] Created (HwReadEl1scrfd_2_5g/conv51 | hw_frame_size: 38400)
[2025-06-28 09:53:16.903] [805023] [HailoRT] [info] [queue_elements.cpp:657] [create] Created (PullQEl_hw_read1scrfd_2_5g/conv51)
[2025-06-28 09:53:16.903] [805023] [HailoRT] [info] [filter_elements.cpp:375] [create] Created (PostInferEl1scrfd_2_5g/conv51 | Reorder - src_order: FCR, src_shape: (40, 40, 24), dst_order: FCR, dst_shape: (40, 40, 20))
[2025-06-28 09:53:16.903] [805023] [HailoRT] [info] [queue_elements.cpp:800] [create] Created (UserBuffQEl1scrfd_2_5g/conv51 | timeout: 10s)
[2025-06-28 09:53:16.903] [805023] [HailoRT] [info] [vstream.cpp:1114] [OutputVStreamImpl] Creating scrfd_2_5g/conv51...
[2025-06-28 09:53:16.903] [805023] [HailoRT] [info] [vstream_builder.cpp:220] [create_outputs] Output pipeline 'scrfd_2_5g/conv51': HW >> (HwReadEl1scrfd_2_5g/conv51 | hw_frame_size: 38400) >> (PullQEl_hw_read1scrfd_2_5g/conv51) >> (PostInferEl1scrfd_2_5g/conv51 | Reorder - src_order: FCR, src_shape: (40, 40, 24), dst_order: FCR, dst_shape: (40, 40, 20)) >> (UserBuffQEl1scrfd_2_5g/conv51 | timeout: 10s)
[2025-06-28 09:53:16.903] [805023] [HailoRT] [info] [edge_elements.cpp:287] [create] Created (HwReadEl10scrfd_2_5g/conv55 | hw_frame_size: 800)
[2025-06-28 09:53:16.906] [805023] [HailoRT] [info] [queue_elements.cpp:657] [create] Created (PullQEl_hw_read10scrfd_2_5g/conv55)
[2025-06-28 09:53:16.906] [805023] [HailoRT] [info] [filter_elements.cpp:375] [create] Created (PostInferEl10scrfd_2_5g/conv55 | Reorder - src_order: NHCW, src_shape: (20, 20, 2), dst_order: NHWC, dst_shape: (20, 20, 2))
[2025-06-28 09:53:16.907] [805023] [HailoRT] [info] [queue_elements.cpp:800] [create] Created (UserBuffQEl10scrfd_2_5g/conv55 | timeout: 10s)
[2025-06-28 09:53:16.907] [805023] [HailoRT] [info] [vstream.cpp:1114] [OutputVStreamImpl] Creating scrfd_2_5g/conv55...
[2025-06-28 09:53:16.907] [805023] [HailoRT] [info] [vstream_builder.cpp:220] [create_outputs] Output pipeline 'scrfd_2_5g/conv55': HW >> (HwReadEl10scrfd_2_5g/conv55 | hw_frame_size: 800) >> (PullQEl_hw_read10scrfd_2_5g/conv55) >> (PostInferEl10scrfd_2_5g/conv55 | Reorder - src_order: NHCW, src_shape: (20, 20, 2), dst_order: NHWC, dst_shape: (20, 20, 2)) >> (UserBuffQEl10scrfd_2_5g/conv55 | timeout: 10s)
[2025-06-28 09:53:16.907] [805023] [HailoRT] [info] [edge_elements.cpp:287] [create] Created (HwReadEl9scrfd_2_5g/conv56 | hw_frame_size: 3200)
[2025-06-28 09:53:16.909] [805023] [HailoRT] [info] [queue_elements.cpp:657] [create] Created (PullQEl_hw_read9scrfd_2_5g/conv56)
[2025-06-28 09:53:16.909] [805023] [HailoRT] [info] [filter_elements.cpp:375] [create] Created (PostInferEl9scrfd_2_5g/conv56 | Reorder - src_order: NHCW, src_shape: (20, 20, 8), dst_order: NHWC, dst_shape: (20, 20, 8))
[2025-06-28 09:53:16.910] [805023] [HailoRT] [info] [queue_elements.cpp:800] [create] Created (UserBuffQEl9scrfd_2_5g/conv56 | timeout: 10s)
[2025-06-28 09:53:16.910] [805023] [HailoRT] [info] [vstream.cpp:1114] [OutputVStreamImpl] Creating scrfd_2_5g/conv56...
[2025-06-28 09:53:16.910] [805023] [HailoRT] [info] [vstream_builder.cpp:220] [create_outputs] Output pipeline 'scrfd_2_5g/conv56': HW >> (HwReadEl9scrfd_2_5g/conv56 | hw_frame_size: 3200) >> (PullQEl_hw_read9scrfd_2_5g/conv56) >> (PostInferEl9scrfd_2_5g/conv56 | Reorder - src_order: NHCW, src_shape: (20, 20, 8), dst_order: NHWC, dst_shape: (20, 20, 8)) >> (UserBuffQEl9scrfd_2_5g/conv56 | timeout: 10s)
[2025-06-28 09:53:16.910] [805023] [HailoRT] [info] [edge_elements.cpp:287] [create] Created (HwReadEl13scrfd_2_5g/conv57 | hw_frame_size: 9600)
[2025-06-28 09:53:16.910] [805023] [HailoRT] [info] [queue_elements.cpp:657] [create] Created (PullQEl_hw_read13scrfd_2_5g/conv57)
[2025-06-28 09:53:16.910] [805023] [HailoRT] [info] [filter_elements.cpp:375] [create] Created (PostInferEl13scrfd_2_5g/conv57 | Reorder - src_order: FCR, src_shape: (20, 20, 24), dst_order: FCR, dst_shape: (20, 20, 20))
[2025-06-28 09:53:16.913] [805023] [HailoRT] [info] [queue_elements.cpp:800] [create] Created (UserBuffQEl13scrfd_2_5g/conv57 | timeout: 10s)
[2025-06-28 09:53:16.913] [805023] [HailoRT] [info] [vstream.cpp:1114] [OutputVStreamImpl] Creating scrfd_2_5g/conv57...
[2025-06-28 09:53:16.913] [805023] [HailoRT] [info] [vstream_builder.cpp:220] [create_outputs] Output pipeline 'scrfd_2_5g/conv57': HW >> (HwReadEl13scrfd_2_5g/conv57 | hw_frame_size: 9600) >> (PullQEl_hw_read13scrfd_2_5g/conv57) >> (PostInferEl13scrfd_2_5g/conv57 | Reorder - src_order: FCR, src_shape: (20, 20, 24), dst_order: FCR, dst_shape: (20, 20, 20)) >> (UserBuffQEl13scrfd_2_5g/conv57 | timeout: 10s)
[2025-06-28 09:53:17.855] [805062] [HailoRT] [info] [hef.cpp:1929] [get_network_group_and_network_name] No name was given. Addressing all networks of default network_group: arcface_mobilefacenet
[2025-06-28 09:53:17.857] [805062] [HailoRT] [info] [internal_buffer_manager.cpp:204] [print_execution_results] Planned internal buffer memory: CMA memory 0, user memory 50688. memory to edge layer usage factor is 1
[2025-06-28 09:53:17.857] [805062] [HailoRT] [info] [internal_buffer_manager.cpp:212] [print_execution_results] Default Internal buffer planner executed successfully
[2025-06-28 09:53:17.874] [805062] [HailoRT] [info] [device_internal.cpp:57] [configure] Configuring HEF took 19.05612 milliseconds
[2025-06-28 09:53:17.876] [805062] [HailoRT] [info] [vdevice.cpp:749] [configure] Configuring HEF on VDevice took 21.561918 milliseconds
[2025-06-28 09:53:17.876] [805062] [HailoRT] [info] [edge_elements.cpp:52] [create] Created (HwWriteEl1arcface_mobilefacenet/input_layer1 | hw_frame_size: 37632)
[2025-06-28 09:53:17.876] [805062] [HailoRT] [info] [vstream.cpp:754] [InputVStreamImpl] Creating arcface_mobilefacenet/input_layer1...
[2025-06-28 09:53:17.876] [805062] [HailoRT] [info] [vstream_builder.cpp:102] [create_inputs] Input pipeline 'arcface_mobilefacenet/input_layer1': (HwWriteEl1arcface_mobilefacenet/input_layer1 | hw_frame_size: 37632) >> HW
[2025-06-28 09:53:17.876] [805062] [HailoRT] [info] [edge_elements.cpp:287] [create] Created (HwReadEl0arcface_mobilefacenet/fc1 | hw_frame_size: 512)
[2025-06-28 09:53:17.897] [805062] [HailoRT] [info] [queue_elements.cpp:800] [create] Created (UserBuffQEl0arcface_mobilefacenet/fc1 | timeout: 10s)
[2025-06-28 09:53:17.897] [805062] [HailoRT] [info] [vstream.cpp:1114] [OutputVStreamImpl] Creating arcface_mobilefacenet/fc1...
[2025-06-28 09:53:17.897] [805062] [HailoRT] [info] [vstream_builder.cpp:220] [create_outputs] Output pipeline 'arcface_mobilefacenet/fc1': HW >> (HwReadEl0arcface_mobilefacenet/fc1 | hw_frame_size: 512) >> (UserBuffQEl0arcface_mobilefacenet/fc1 | timeout: 10s)
[2025-06-28 09:58:05.071] [811012] [HailoRT] [info] [vdevice.cpp:523] [create] Creating vdevice with params: device_count: 1, scheduling_algorithm: ROUND_ROBIN, multi_process_service: false
[2025-06-28 09:58:05.083] [811012] [HailoRT] [info] [device.cpp:49] [Device] OS Version: Linux 6.12.20+rpt-rpi-2712 #1 SMP PREEMPT Debian 1:6.12.20-1+rpt1~bpo12+1 (2025-03-19) aarch64
[2025-06-28 09:58:05.089] [811012] [HailoRT] [info] [control.cpp:108] [control__parse_identify_results] firmware_version is: 4.20.0
[2025-06-28 09:58:05.089] [811012] [HailoRT] [info] [vdevice.cpp:651] [create] VDevice Infos: 0001:01:00.0
[2025-06-28 09:58:05.118] [811116] [HailoRT] [info] [hef.cpp:1929] [get_network_group_and_network_name] No name was given. Addressing all networks of default network_group: scrfd_2_5g
[2025-06-28 09:58:05.133] [811116] [HailoRT] [info] [internal_buffer_manager.cpp:204] [print_execution_results] Planned internal buffer memory: CMA memory 0, user memory 462336. memory to edge layer usage factor is 1
[2025-06-28 09:58:05.133] [811116] [HailoRT] [info] [internal_buffer_manager.cpp:212] [print_execution_results] Default Internal buffer planner executed successfully
[2025-06-28 09:58:05.172] [811116] [HailoRT] [info] [device_internal.cpp:57] [configure] Configuring HEF took 53.843813 milliseconds
[2025-06-28 09:58:05.207] [811116] [HailoRT] [info] [vdevice.cpp:749] [configure] Configuring HEF on VDevice took 88.970733 milliseconds
[2025-06-28 09:58:05.207] [811116] [HailoRT] [info] [edge_elements.cpp:52] [create] Created (HwWriteEl3scrfd_2_5g/input_layer1 | hw_frame_size: 1228800)
[2025-06-28 09:58:05.207] [811116] [HailoRT] [info] [vstream.cpp:754] [InputVStreamImpl] Creating scrfd_2_5g/input_layer1...
[2025-06-28 09:58:05.207] [811116] [HailoRT] [info] [vstream_builder.cpp:102] [create_inputs] Input pipeline 'scrfd_2_5g/input_layer1': (HwWriteEl3scrfd_2_5g/input_layer1 | hw_frame_size: 1228800) >> HW
[2025-06-28 09:58:05.208] [811116] [HailoRT] [info] [edge_elements.cpp:287] [create] Created (HwReadEl3scrfd_2_5g/conv42 | hw_frame_size: 12800)
[2025-06-28 09:58:05.213] [811116] [HailoRT] [info] [queue_elements.cpp:800] [create] Created (UserBuffQEl3scrfd_2_5g/conv42 | timeout: 10s)
[2025-06-28 09:58:05.213] [811116] [HailoRT] [info] [vstream.cpp:1114] [OutputVStreamImpl] Creating scrfd_2_5g/conv42...
[2025-06-28 09:58:05.213] [811116] [HailoRT] [info] [vstream_builder.cpp:220] [create_outputs] Output pipeline 'scrfd_2_5g/conv42': HW >> (HwReadEl3scrfd_2_5g/conv42 | hw_frame_size: 12800) >> (UserBuffQEl3scrfd_2_5g/conv42 | timeout: 10s)
[2025-06-28 09:58:05.213] [811116] [HailoRT] [info] [edge_elements.cpp:287] [create] Created (HwReadEl0scrfd_2_5g/conv43 | hw_frame_size: 51200)
[2025-06-28 09:58:05.217] [811116] [HailoRT] [info] [queue_elements.cpp:800] [create] Created (UserBuffQEl0scrfd_2_5g/conv43 | timeout: 10s)
[2025-06-28 09:58:05.217] [811116] [HailoRT] [info] [vstream.cpp:1114] [OutputVStreamImpl] Creating scrfd_2_5g/conv43...
[2025-06-28 09:58:05.217] [811116] [HailoRT] [info] [vstream_builder.cpp:220] [create_outputs] Output pipeline 'scrfd_2_5g/conv43': HW >> (HwReadEl0scrfd_2_5g/conv43 | hw_frame_size: 51200) >> (UserBuffQEl0scrfd_2_5g/conv43 | timeout: 10s)
[2025-06-28 09:58:05.217] [811116] [HailoRT] [info] [edge_elements.cpp:287] [create] Created (HwReadEl2scrfd_2_5g/conv44 | hw_frame_size: 153600)
[2025-06-28 09:58:05.223] [811116] [HailoRT] [info] [queue_elements.cpp:657] [create] Created (PullQEl_hw_read2scrfd_2_5g/conv44)
[2025-06-28 09:58:05.223] [811116] [HailoRT] [info] [filter_elements.cpp:375] [create] Created (PostInferEl2scrfd_2_5g/conv44 | Reorder - src_order: FCR, src_shape: (80, 80, 24), dst_order: FCR, dst_shape: (80, 80, 20))
[2025-06-28 09:58:05.228] [811116] [HailoRT] [info] [queue_elements.cpp:800] [create] Created (UserBuffQEl2scrfd_2_5g/conv44 | timeout: 10s)
[2025-06-28 09:58:05.228] [811116] [HailoRT] [info] [vstream.cpp:1114] [OutputVStreamImpl] Creating scrfd_2_5g/conv44...
[2025-06-28 09:58:05.228] [811116] [HailoRT] [info] [vstream_builder.cpp:220] [create_outputs] Output pipeline 'scrfd_2_5g/conv44': HW >> (HwReadEl2scrfd_2_5g/conv44 | hw_frame_size: 153600) >> (PullQEl_hw_read2scrfd_2_5g/conv44) >> (PostInferEl2scrfd_2_5g/conv44 | Reorder - src_order: FCR, src_shape: (80, 80, 24), dst_order: FCR, dst_shape: (80, 80, 20)) >> (UserBuffQEl2scrfd_2_5g/conv44 | timeout: 10s)
[2025-06-28 09:58:05.229] [811116] [HailoRT] [info] [edge_elements.cpp:287] [create] Created (HwReadEl14scrfd_2_5g/conv49 | hw_frame_size: 3200)
[2025-06-28 09:58:05.232] [811116] [HailoRT] [info] [queue_elements.cpp:800] [create] Created (UserBuffQEl14scrfd_2_5g/conv49 | timeout: 10s)
[2025-06-28 09:58:05.232] [811116] [HailoRT] [info] [vstream.cpp:1114] [OutputVStreamImpl] Creating scrfd_2_5g/conv49...
[2025-06-28 09:58:05.232] [811116] [HailoRT] [info] [vstream_builder.cpp:220] [create_outputs] Output pipeline 'scrfd_2_5g/conv49': HW >> (HwReadEl14scrfd_2_5g/conv49 | hw_frame_size: 3200) >> (UserBuffQEl14scrfd_2_5g/conv49 | timeout: 10s)
[2025-06-28 09:58:05.232] [811116] [HailoRT] [info] [edge_elements.cpp:287] [create] Created (HwReadEl12scrfd_2_5g/conv50 | hw_frame_size: 12800)
[2025-06-28 09:58:05.234] [811116] [HailoRT] [info] [queue_elements.cpp:800] [create] Created (UserBuffQEl12scrfd_2_5g/conv50 | timeout: 10s)
[2025-06-28 09:58:05.234] [811116] [HailoRT] [info] [vstream.cpp:1114] [OutputVStreamImpl] Creating scrfd_2_5g/conv50...
[2025-06-28 09:58:05.234] [811116] [HailoRT] [info] [vstream_builder.cpp:220] [create_outputs] Output pipeline 'scrfd_2_5g/conv50': HW >> (HwReadEl12scrfd_2_5g/conv50 | hw_frame_size: 12800) >> (UserBuffQEl12scrfd_2_5g/conv50 | timeout: 10s)
[2025-06-28 09:58:05.234] [811116] [HailoRT] [info] [edge_elements.cpp:287] [create] Created (HwReadEl1scrfd_2_5g/conv51 | hw_frame_size: 38400)
[2025-06-28 09:58:05.239] [811116] [HailoRT] [info] [queue_elements.cpp:657] [create] Created (PullQEl_hw_read1scrfd_2_5g/conv51)
[2025-06-28 09:58:05.240] [811116] [HailoRT] [info] [filter_elements.cpp:375] [create] Created (PostInferEl1scrfd_2_5g/conv51 | Reorder - src_order: FCR, src_shape: (40, 40, 24), dst_order: FCR, dst_shape: (40, 40, 20))
[2025-06-28 09:58:05.241] [811116] [HailoRT] [info] [queue_elements.cpp:800] [create] Created (UserBuffQEl1scrfd_2_5g/conv51 | timeout: 10s)
[2025-06-28 09:58:05.243] [811116] [HailoRT] [info] [vstream.cpp:1114] [OutputVStreamImpl] Creating scrfd_2_5g/conv51...
[2025-06-28 09:58:05.243] [811116] [HailoRT] [info] [vstream_builder.cpp:220] [create_outputs] Output pipeline 'scrfd_2_5g/conv51': HW >> (HwReadEl1scrfd_2_5g/conv51 | hw_frame_size: 38400) >> (PullQEl_hw_read1scrfd_2_5g/conv51) >> (PostInferEl1scrfd_2_5g/conv51 | Reorder - src_order: FCR, src_shape: (40, 40, 24), dst_order: FCR, dst_shape: (40, 40, 20)) >> (UserBuffQEl1scrfd_2_5g/conv51 | timeout: 10s)
[2025-06-28 09:58:05.243] [811116] [HailoRT] [info] [edge_elements.cpp:287] [create] Created (HwReadEl10scrfd_2_5g/conv55 | hw_frame_size: 800)
[2025-06-28 09:58:05.249] [811116] [HailoRT] [info] [queue_elements.cpp:657] [create] Created (PullQEl_hw_read10scrfd_2_5g/conv55)
[2025-06-28 09:58:05.249] [811116] [HailoRT] [info] [filter_elements.cpp:375] [create] Created (PostInferEl10scrfd_2_5g/conv55 | Reorder - src_order: NHCW, src_shape: (20, 20, 2), dst_order: NHWC, dst_shape: (20, 20, 2))
[2025-06-28 09:58:05.253] [811116] [HailoRT] [info] [queue_elements.cpp:800] [create] Created (UserBuffQEl10scrfd_2_5g/conv55 | timeout: 10s)
[2025-06-28 09:58:05.253] [811116] [HailoRT] [info] [vstream.cpp:1114] [OutputVStreamImpl] Creating scrfd_2_5g/conv55...
[2025-06-28 09:58:05.253] [811116] [HailoRT] [info] [vstream_builder.cpp:220] [create_outputs] Output pipeline 'scrfd_2_5g/conv55': HW >> (HwReadEl10scrfd_2_5g/conv55 | hw_frame_size: 800) >> (PullQEl_hw_read10scrfd_2_5g/conv55) >> (PostInferEl10scrfd_2_5g/conv55 | Reorder - src_order: NHCW, src_shape: (20, 20, 2), dst_order: NHWC, dst_shape: (20, 20, 2)) >> (UserBuffQEl10scrfd_2_5g/conv55 | timeout: 10s)
[2025-06-28 09:58:05.254] [811116] [HailoRT] [info] [edge_elements.cpp:287] [create] Created (HwReadEl9scrfd_2_5g/conv56 | hw_frame_size: 3200)
[2025-06-28 09:58:05.257] [811116] [HailoRT] [info] [queue_elements.cpp:657] [create] Created (PullQEl_hw_read9scrfd_2_5g/conv56)
[2025-06-28 09:58:05.258] [811116] [HailoRT] [info] [filter_elements.cpp:375] [create] Created (PostInferEl9scrfd_2_5g/conv56 | Reorder - src_order: NHCW, src_shape: (20, 20, 8), dst_order: NHWC, dst_shape: (20, 20, 8))
[2025-06-28 09:58:05.263] [811116] [HailoRT] [info] [queue_elements.cpp:800] [create] Created (UserBuffQEl9scrfd_2_5g/conv56 | timeout: 10s)
[2025-06-28 09:58:05.263] [811116] [HailoRT] [info] [vstream.cpp:1114] [OutputVStreamImpl] Creating scrfd_2_5g/conv56...
[2025-06-28 09:58:05.263] [811116] [HailoRT] [info] [vstream_builder.cpp:220] [create_outputs] Output pipeline 'scrfd_2_5g/conv56': HW >> (HwReadEl9scrfd_2_5g/conv56 | hw_frame_size: 3200) >> (PullQEl_hw_read9scrfd_2_5g/conv56) >> (PostInferEl9scrfd_2_5g/conv56 | Reorder - src_order: NHCW, src_shape: (20, 20, 8), dst_order: NHWC, dst_shape: (20, 20, 8)) >> (UserBuffQEl9scrfd_2_5g/conv56 | timeout: 10s)
[2025-06-28 09:58:05.263] [811116] [HailoRT] [info] [edge_elements.cpp:287] [create] Created (HwReadEl13scrfd_2_5g/conv57 | hw_frame_size: 9600)
[2025-06-28 09:58:05.271] [811116] [HailoRT] [info] [queue_elements.cpp:657] [create] Created (PullQEl_hw_read13scrfd_2_5g/conv57)
[2025-06-28 09:58:05.271] [811116] [HailoRT] [info] [filter_elements.cpp:375] [create] Created (PostInferEl13scrfd_2_5g/conv57 | Reorder - src_order: FCR, src_shape: (20, 20, 24), dst_order: FCR, dst_shape: (20, 20, 20))
[2025-06-28 09:58:05.279] [811116] [HailoRT] [info] [queue_elements.cpp:800] [create] Created (UserBuffQEl13scrfd_2_5g/conv57 | timeout: 10s)
[2025-06-28 09:58:05.279] [811116] [HailoRT] [info] [vstream.cpp:1114] [OutputVStreamImpl] Creating scrfd_2_5g/conv57...
[2025-06-28 09:58:05.279] [811116] [HailoRT] [info] [vstream_builder.cpp:220] [create_outputs] Output pipeline 'scrfd_2_5g/conv57': HW >> (HwReadEl13scrfd_2_5g/conv57 | hw_frame_size: 9600) >> (PullQEl_hw_read13scrfd_2_5g/conv57) >> (PostInferEl13scrfd_2_5g/conv57 | Reorder - src_order: FCR, src_shape: (20, 20, 24), dst_order: FCR, dst_shape: (20, 20, 20)) >> (UserBuffQEl13scrfd_2_5g/conv57 | timeout: 10s)
[2025-06-28 09:58:06.120] [811158] [HailoRT] [info] [hef.cpp:1929] [get_network_group_and_network_name] No name was given. Addressing all networks of default network_group: arcface_mobilefacenet
[2025-06-28 09:58:06.123] [811158] [HailoRT] [info] [internal_buffer_manager.cpp:204] [print_execution_results] Planned internal buffer memory: CMA memory 0, user memory 50688. memory to edge layer usage factor is 1
[2025-06-28 09:58:06.123] [811158] [HailoRT] [info] [internal_buffer_manager.cpp:212] [print_execution_results] Default Internal buffer planner executed successfully
[2025-06-28 09:58:06.138] [811158] [HailoRT] [info] [device_internal.cpp:57] [configure] Configuring HEF took 17.801635 milliseconds
[2025-06-28 09:58:06.140] [811158] [HailoRT] [info] [vdevice.cpp:749] [configure] Configuring HEF on VDevice took 20.231914 milliseconds
[2025-06-28 09:58:06.140] [811158] [HailoRT] [info] [edge_elements.cpp:52] [create] Created (HwWriteEl1arcface_mobilefacenet/input_layer1 | hw_frame_size: 37632)
[2025-06-28 09:58:06.141] [811158] [HailoRT] [info] [vstream.cpp:754] [InputVStreamImpl] Creating arcface_mobilefacenet/input_layer1...
[2025-06-28 09:58:06.141] [811158] [HailoRT] [info] [vstream_builder.cpp:102] [create_inputs] Input pipeline 'arcface_mobilefacenet/input_layer1': (HwWriteEl1arcface_mobilefacenet/input_layer1 | hw_frame_size: 37632) >> HW
[2025-06-28 09:58:06.141] [811158] [HailoRT] [info] [edge_elements.cpp:287] [create] Created (HwReadEl0arcface_mobilefacenet/fc1 | hw_frame_size: 512)
[2025-06-28 09:58:06.168] [811158] [HailoRT] [info] [queue_elements.cpp:800] [create] Created (UserBuffQEl0arcface_mobilefacenet/fc1 | timeout: 10s)
[2025-06-28 09:58:06.168] [811158] [HailoRT] [info] [vstream.cpp:1114] [OutputVStreamImpl] Creating arcface_mobilefacenet/fc1...
[2025-06-28 09:58:06.168] [811158] [HailoRT] [info] [vstream_builder.cpp:220] [create_outputs] Output pipeline 'arcface_mobilefacenet/fc[2025-06-28 09:59:38.530] [813162] [HailoRT] [info] [vdevice.cpp:523] [create] Creating vdevice with params: device_count: 1, scheduling_algorithm: ROUND_ROBIN, multi_process_service: false
[2025-06-28 09:59:38.543] [813162] [HailoRT] [info] [device.cpp:49] [Device] OS Version: Linux 6.12.20+rpt-rpi-2712 #1 SMP PREEMPT Debian 1:6.12.20-1+rpt1~bpo12+1 (2025-03-19) aarch64
[2025-06-28 09:59:38.547] [813162] [HailoRT] [info] [control.cpp:108] [control__parse_identify_results] firmware_version is: 4.20.0
[2025-06-28 09:59:38.547] [813162] [HailoRT] [info] [vdevice.cpp:651] [create] VDevice Infos: 0001:01:00.0
[2025-06-28 09:59:38.580] [813268] [HailoRT] [info] [hef.cpp:1929] [get_network_group_and_network_name] No name was given. Addressing all networks of default network_group: scrfd_2_5g
[2025-06-28 09:59:38.591] [813268] [HailoRT] [info] [internal_buffer_manager.cpp:204] [print_execution_results] Planned internal buffer memory: CMA memory 0, user memory 462336. memory to edge layer usage factor is 1
[2025-06-28 09:59:38.591] [813268] [HailoRT] [info] [internal_buffer_manager.cpp:212] [print_execution_results] Default Internal buffer planner executed successfully
[2025-06-28 09:59:38.607] [813268] [HailoRT] [info] [device_internal.cpp:57] [configure] Configuring HEF took 26.183285 milliseconds
[2025-06-28 09:59:38.619] [813268] [HailoRT] [info] [vdevice.cpp:749] [configure] Configuring HEF on VDevice took 38.174011 milliseconds
[2025-06-28 09:59:38.620] [813268] [HailoRT] [info] [edge_elements.cpp:52] [create] Created (HwWriteEl3scrfd_2_5g/input_layer1 | hw_frame_size: 1228800)
[2025-06-28 09:59:38.620] [813268] [HailoRT] [info] [vstream.cpp:754] [InputVStreamImpl] Creating scrfd_2_5g/input_layer1...
[2025-06-28 09:59:38.620] [813268] [HailoRT] [info] [vstream_builder.cpp:102] [create_inputs] Input pipeline 'scrfd_2_5g/input_layer1': (HwWriteEl3scrfd_2_5g/input_layer1 | hw_frame_size: 1228800) >> HW
[2025-06-28 09:59:38.620] [813268] [HailoRT] [info] [edge_elements.cpp:287] [create] Created (HwReadEl3scrfd_2_5g/conv42 | hw_frame_size: 12800)
[2025-06-28 09:59:38.620] [813268] [HailoRT] [info] [queue_elements.cpp:800] [create] Created (UserBuffQEl3scrfd_2_5g/conv42 | timeout: 10s)
[2025-06-28 09:59:38.620] [813268] [HailoRT] [info] [vstream.cpp:1114] [OutputVStreamImpl] Creating scrfd_2_5g/conv42...
[2025-06-28 09:59:38.620] [813268] [HailoRT] [info] [vstream_builder.cpp:220] [create_outputs] Output pipeline 'scrfd_2_5g/conv42': HW >> (HwReadEl3scrfd_2_5g/conv42 | hw_frame_size: 12800) >> (UserBuffQEl3scrfd_2_5g/conv42 | timeout: 10s)
[2025-06-28 09:59:38.620] [813268] [HailoRT] [info] [edge_elements.cpp:287] [create] Created (HwReadEl0scrfd_2_5g/conv43 | hw_frame_size: 51200)
[2025-06-28 09:59:38.623] [813268] [HailoRT] [info] [queue_elements.cpp:800] [create] Created (UserBuffQEl0scrfd_2_5g/conv43 | timeout: 10s)
[2025-06-28 09:59:38.623] [813268] [HailoRT] [info] [vstream.cpp:1114] [OutputVStreamImpl] Creating scrfd_2_5g/conv43...
[2025-06-28 09:59:38.623] [813268] [HailoRT] [info] [vstream_builder.cpp:220] [create_outputs] Output pipeline 'scrfd_2_5g/conv43': HW >> (HwReadEl0scrfd_2_5g/conv43 | hw_frame_size: 51200) >> (UserBuffQEl0scrfd_2_5g/conv43 | timeout: 10s)
[2025-06-28 09:59:38.623] [813268] [HailoRT] [info] [edge_elements.cpp:287] [create] Created (HwReadEl2scrfd_2_5g/conv44 | hw_frame_size: 153600)
[2025-06-28 09:59:38.625] [813268] [HailoRT] [info] [queue_elements.cpp:657] [create] Created (PullQEl_hw_read2scrfd_2_5g/conv44)
[2025-06-28 09:59:38.625] [813268] [HailoRT] [info] [filter_elements.cpp:375] [create] Created (PostInferEl2scrfd_2_5g/conv44 | Reorder - src_order: FCR, src_shape: (80, 80, 24), dst_order: FCR, dst_shape: (80, 80, 20))
[2025-06-28 09:59:38.627] [813268] [HailoRT] [info] [queue_elements.cpp:800] [create] Created (UserBuffQEl2scrfd_2_5g/conv44 | timeout: 10s)
[2025-06-28 09:59:38.627] [813268] [HailoRT] [info] [vstream.cpp:1114] [OutputVStreamImpl] Creating scrfd_2_5g/conv44...
[2025-06-28 09:59:38.628] [813268] [HailoRT] [info] [vstream_builder.cpp:220] [create_outputs] Output pipeline 'scrfd_2_5g/conv44': HW >> (HwReadEl2scrfd_2_5g/conv44 | hw_frame_size: 153600) >> (PullQEl_hw_read2scrfd_2_5g/conv44) >> (PostInferEl2scrfd_2_5g/conv44 | Reorder - src_order: FCR, src_shape: (80, 80, 24), dst_order: FCR, dst_shape: (80, 80, 20)) >> (UserBuffQEl2scrfd_2_5g/conv44 | timeout: 10s)
[2025-06-28 09:59:38.628] [813268] [HailoRT] [info] [edge_elements.cpp:287] [create] Created (HwReadEl14scrfd_2_5g/conv49 | hw_frame_size: 3200)
[2025-06-28 09:59:38.629] [813268] [HailoRT] [info] [queue_elements.cpp:800] [create] Created (UserBuffQEl14scrfd_2_5g/conv49 | timeout: 10s)
[2025-06-28 09:59:38.629] [813268] [HailoRT] [info] [vstream.cpp:1114] [OutputVStreamImpl] Creating scrfd_2_5g/conv49...
[2025-06-28 09:59:38.629] [813268] [HailoRT] [info] [vstream_builder.cpp:220] [create_outputs] Output pipeline 'scrfd_2_5g/conv49': HW >> (HwReadEl14scrfd_2_5g/conv49 | hw_frame_size: 3200) >> (UserBuffQEl14scrfd_2_5g/conv49 | timeout: 10s)
[2025-06-28 09:59:38.629] [813268] [HailoRT] [info] [edge_elements.cpp:287] [create] Created (HwReadEl12scrfd_2_5g/conv50 | hw_frame_size: 12800)
[2025-06-28 09:59:38.631] [813268] [HailoRT] [info] [queue_elements.cpp:800] [create] Created (UserBuffQEl12scrfd_2_5g/conv50 | timeout: 10s)
[2025-06-28 09:59:38.631] [813268] [HailoRT] [info] [vstream.cpp:1114] [OutputVStreamImpl] Creating scrfd_2_5g/conv50...
[2025-06-28 09:59:38.631] [813268] [HailoRT] [info] [vstream_builder.cpp:220] [create_outputs] Output pipeline 'scrfd_2_5g/conv50': HW >> (HwReadEl12scrfd_2_5g/conv50 | hw_frame_size: 12800) >> (UserBuffQEl12scrfd_2_5g/conv50 | timeout: 10s)
[2025-06-28 09:59:38.631] [813268] [HailoRT] [info] [edge_elements.cpp:287] [create] Created (HwReadEl1scrfd_2_5g/conv51 | hw_frame_size: 38400)
[2025-06-28 09:59:38.634] [813268] [HailoRT] [info] [queue_elements.cpp:657] [create] Created (PullQEl_hw_read1scrfd_2_5g/conv51)
[2025-06-28 09:59:38.634] [813268] [HailoRT] [info] [filter_elements.cpp:375] [create] Created (PostInferEl1scrfd_2_5g/conv51 | Reorder - src_order: FCR, src_shape: (40, 40, 24), dst_order: FCR, dst_shape: (40, 40, 20))
[2025-06-28 09:59:38.635] [813268] [HailoRT] [info] [queue_elements.cpp:800] [create] Created (UserBuffQEl1scrfd_2_5g/conv51 | timeout: 10s)
[2025-06-28 09:59:38.635] [813268] [HailoRT] [info] [vstream.cpp:1114] [OutputVStreamImpl] Creating scrfd_2_5g/conv51...
[2025-06-28 09:59:38.635] [813268] [HailoRT] [info] [vstream_builder.cpp:220] [create_outputs] Output pipeline 'scrfd_2_5g/conv51': HW >> (HwReadEl1scrfd_2_5g/conv51 | hw_frame_size: 38400) >> (PullQEl_hw_read1scrfd_2_5g/conv51) >> (PostInferEl1scrfd_2_5g/conv51 | Reorder - src_order: FCR, src_shape: (40, 40, 24), dst_order: FCR, dst_shape: (40, 40, 20)) >> (UserBuffQEl1scrfd_2_5g/conv51 | timeout: 10s)
[2025-06-28 09:59:38.635] [813268] [HailoRT] [info] [edge_elements.cpp:287] [create] Created (HwReadEl10scrfd_2_5g/conv55 | hw_frame_size: 800)
[2025-06-28 09:59:38.640] [813268] [HailoRT] [info] [queue_elements.cpp:657] [create] Created (PullQEl_hw_read10scrfd_2_5g/conv55)
[2025-06-28 09:59:38.640] [813268] [HailoRT] [info] [filter_elements.cpp:375] [create] Created (PostInferEl10scrfd_2_5g/conv55 | Reorder - src_order: NHCW, src_shape: (20, 20, 2), dst_order: NHWC, dst_shape: (20, 20, 2))
[2025-06-28 09:59:38.641] [813268] [HailoRT] [info] [queue_elements.cpp:800] [create] Created (UserBuffQEl10scrfd_2_5g/conv55 | timeout: 10s)
[2025-06-28 09:59:38.641] [813268] [HailoRT] [info] [vstream.cpp:1114] [OutputVStreamImpl] Creating scrfd_2_5g/conv55...
[2025-06-28 09:59:38.641] [813268] [HailoRT] [info] [vstream_builder.cpp:220] [create_outputs] Output pipeline 'scrfd_2_5g/conv55': HW >> (HwReadEl10scrfd_2_5g/conv55 | hw_frame_size: 800) >> (PullQEl_hw_read10scrfd_2_5g/conv55) >> (PostInferEl10scrfd_2_5g/conv55 | Reorder - src_order: NHCW, src_shape: (20, 20, 2), dst_order: NHWC, dst_shape: (20, 20, 2)) >> (UserBuffQEl10scrfd_2_5g/conv55 | timeout: 10s)
[2025-06-28 09:59:38.641] [813268] [HailoRT] [info] [edge_elements.cpp:287] [create] Created (HwReadEl9scrfd_2_5g/conv56 | hw_frame_size: 3200)
[2025-06-28 09:59:38.642] [813268] [HailoRT] [info] [queue_elements.cpp:657] [create] Created (PullQEl_hw_read9scrfd_2_5g/conv56)
[2025-06-28 09:59:38.642] [813268] [HailoRT] [info] [filter_elements.cpp:375] [create] Created (PostInferEl9scrfd_2_5g/conv56 | Reorder - src_order: NHCW, src_shape: (20, 20, 8), dst_order: NHWC, dst_shape: (20, 20, 8))
[2025-06-28 09:59:38.644] [813268] [HailoRT] [info] [queue_elements.cpp:800] [create] Created (UserBuffQEl9scrfd_2_5g/conv56 | timeout: 10s)
[2025-06-28 09:59:38.644] [813268] [HailoRT] [info] [vstream.cpp:1114] [OutputVStreamImpl] Creating scrfd_2_5g/conv56...
[2025-06-28 09:59:38.644] [813268] [HailoRT] [info] [vstream_builder.cpp:220] [create_outputs] Output pipeline 'scrfd_2_5g/conv56': HW >> (HwReadEl9scrfd_2_5g/conv56 | hw_frame_size: 3200) >> (PullQEl_hw_read9scrfd_2_5g/conv56) >> (PostInferEl9scrfd_2_5g/conv56 | Reorder - src_order: NHCW, src_shape: (20, 20, 8), dst_order: NHWC, dst_shape: (20, 20, 8)) >> (UserBuffQEl9scrfd_2_5g/conv56 | timeout: 10s)
[2025-06-28 09:59:38.644] [813268] [HailoRT] [info] [edge_elements.cpp:287] [create] Created (HwReadEl13scrfd_2_5g/conv57 | hw_frame_size: 9600)
[2025-06-28 09:59:38.645] [813268] [HailoRT] [info] [queue_elements.cpp:657] [create] Created (PullQEl_hw_read13scrfd_2_5g/conv57)
[2025-06-28 09:59:38.645] [813268] [HailoRT] [info] [filter_elements.cpp:375] [create] Created (PostInferEl13scrfd_2_5g/conv57 | Reorder - src_order: FCR, src_shape: (20, 20, 24), dst_order: FCR, dst_shape: (20, 20, 20))
[2025-06-28 09:59:38.648] [813268] [HailoRT] [info] [queue_elements.cpp:800] [create] Created (UserBuffQEl13scrfd_2_5g/conv57 | timeout: 10s)
[2025-06-28 09:59:38.648] [813268] [HailoRT] [info] [vstream.cpp:1114] [OutputVStreamImpl] Creating scrfd_2_5g/conv57...
[2025-06-28 09:59:38.648] [813268] [HailoRT] [info] [vstream_builder.cpp:220] [create_outputs] Output pipeline 'scrfd_2_5g/conv57': HW >> (HwReadEl13scrfd_2_5g/conv57 | hw_frame_size: 9600) >> (PullQEl_hw_read13scrfd_2_5g/conv57) >> (PostInferEl13scrfd_2_5g/conv57 | Reorder - src_order: FCR, src_shape: (20, 20, 24), dst_order: FCR, dst_shape: (20, 20, 20)) >> (UserBuffQEl13scrfd_2_5g/conv57 | timeout: 10s)
[2025-06-28 09:59:39.576] [813307] [HailoRT] [info] [hef.cpp:1929] [get_network_group_and_network_name] No name was given. Addressing all networks of default network_group: arcface_mobilefacenet
[2025-06-28 09:59:39.578] [813307] [HailoRT] [info] [internal_buffer_manager.cpp:204] [print_execution_results] Planned internal buffer memory: CMA memory 0, user memory 50688. memory to edge layer usage factor is 1
[2025-06-28 09:59:39.578] [813307] [HailoRT] [info] [internal_buffer_manager.cpp:212] [print_execution_results] Default Internal buffer planner executed successfully
[2025-06-28 09:59:39.593] [813307] [HailoRT] [info] [device_internal.cpp:57] [configure] Configuring HEF took 16.399783 milliseconds
[2025-06-28 09:59:39.596] [813307] [HailoRT] [info] [vdevice.cpp:749] [configure] Configuring HEF on VDevice took 19.324876 milliseconds
[2025-06-28 09:59:39.596] [813307] [HailoRT] [info] [edge_elements.cpp:52] [create] Created (HwWriteEl1arcface_mobilefacenet/input_layer1 | hw_frame_size: 37632)
[2025-06-28 09:59:39.596] [813307] [HailoRT] [info] [vstream.cpp:754] [InputVStreamImpl] Creating arcface_mobilefacenet/input_layer1...
[2025-06-28 09:59:39.596] [813307] [HailoRT] [info] [vstream_builder.cpp:102] [create_inputs] Input pipeline 'arcface_mobilefacenet/input_layer1': (HwWriteEl1arcface_mobilefacenet/input_layer1 | hw_frame_size: 37632) >> HW
[2025-06-28 09:59:39.596] [813307] [HailoRT] [info] [edge_elements.cpp:287] [create] Created (HwReadEl0arcface_mobilefacenet/fc1 | hw_frame_size: 512)
[2025-06-28 09:59:39.620] [813307] [HailoRT] [info] [queue_elements.cpp:800] [create] Created (UserBuffQEl0arcface_mobilefacenet/fc1 | timeout: 10s)
[2025-06-28 09:59:39.620] [813307] [HailoRT] [info] [vstream.cpp:1114] [OutputVStreamImpl] Creating arcface_mobilefacenet/fc1...
[2025-06-28 09:59:39.620] [813307] [HailoRT] [info] [vstream_builder.cpp:220] [create_outputs] Output pipeline 'arcface_mobilefacenet/fc1': HW >> (HwReadEl0arcface_mobilefacenet/fc1 | hw_frame_size: 512) >> (UserBuffQEl0arcface_mobilefacenet/fc1 | timeout: 10s)
[2025-06-28 10:04:29.600] [822842] [HailoRT] [info] [vdevice.cpp:523] [create] Creating vdevice with params: device_count: 1, scheduling_algorithm: ROUND_ROBIN, multi_process_service: false
[2025-06-28 10:04:29.611] [822842] [HailoRT] [info] [device.cpp:49] [Device] OS Version: Linux 6.12.20+rpt-rpi-2712 #1 SMP PREEMPT Debian 1:6.12.20-1+rpt1~bpo12+1 (2025-03-19) aarch64
[2025-06-28 10:04:29.615] [822842] [HailoRT] [info] [control.cpp:108] [control__parse_identify_results] firmware_version is: 4.20.0
[2025-06-28 10:04:29.615] [822842] [HailoRT] [info] [vdevice.cpp:651] [create] VDevice Infos: 0001:01:00.0
[2025-06-28 10:04:29.644] [822953] [HailoRT] [info] [hef.cpp:1929] [get_network_group_and_network_name] No name was given. Addressing all networks of default network_group: scrfd_2_5g
[2025-06-28 10:04:29.655] [822953] [HailoRT] [info] [internal_buffer_manager.cpp:204] [print_execution_results] Planned internal buffer memory: CMA memory 0, user memory 462336. memory to edge layer usage factor is 1
[2025-06-28 10:04:29.655] [822953] [HailoRT] [info] [internal_buffer_manager.cpp:212] [print_execution_results] Default Internal buffer planner executed successfully
[2025-06-28 10:04:29.670] [822953] [HailoRT] [info] [device_internal.cpp:57] [configure] Configuring HEF took 25.328506 milliseconds
[2025-06-28 10:04:29.681] [822953] [HailoRT] [info] [vdevice.cpp:749] [configure] Configuring HEF on VDevice took 36.378786 milliseconds
[2025-06-28 10:04:29.681] [822953] [HailoRT] [info] [edge_elements.cpp:52] [create] Created (HwWriteEl3scrfd_2_5g/input_layer1 | hw_frame_size: 1228800)
[2025-06-28 10:04:29.681] [822953] [HailoRT] [info] [vstream.cpp:754] [InputVStreamImpl] Creating scrfd_2_5g/input_layer1...
[2025-06-28 10:04:29.681] [822953] [HailoRT] [info] [vstream_builder.cpp:102] [create_inputs] Input pipeline 'scrfd_2_5g/input_layer1': (HwWriteEl3scrfd_2_5g/input_layer1 | hw_frame_size: 1228800) >> HW
[2025-06-28 10:04:29.681] [822953] [HailoRT] [info] [edge_elements.cpp:287] [create] Created (HwReadEl3scrfd_2_5g/conv42 | hw_frame_size: 12800)
[2025-06-28 10:04:29.682] [822953] [HailoRT] [info] [queue_elements.cpp:800] [create] Created (UserBuffQEl3scrfd_2_5g/conv42 | timeout: 10s)
[2025-06-28 10:04:29.682] [822953] [HailoRT] [info] [vstream.cpp:1114] [OutputVStreamImpl] Creating scrfd_2_5g/conv42...
[2025-06-28 10:04:29.682] [822953] [HailoRT] [info] [vstream_builder.cpp:220] [create_outputs] Output pipeline 'scrfd_2_5g/conv42': HW >> (HwReadEl3scrfd_2_5g/conv42 | hw_frame_size: 12800) >> (UserBuffQEl3scrfd_2_5g/conv42 | timeout: 10s)
[2025-06-28 10:04:29.682] [822953] [HailoRT] [info] [edge_elements.cpp:287] [create] Created (HwReadEl0scrfd_2_5g/conv43 | hw_frame_size: 51200)
[2025-06-28 10:04:29.684] [822953] [HailoRT] [info] [queue_elements.cpp:800] [create] Created (UserBuffQEl0scrfd_2_5g/conv43 | timeout: 10s)
[2025-06-28 10:04:29.684] [822953] [HailoRT] [info] [vstream.cpp:1114] [OutputVStreamImpl] Creating scrfd_2_5g/conv43...
[2025-06-28 10:04:29.684] [822953] [HailoRT] [info] [vstream_builder.cpp:220] [create_outputs] Output pipeline 'scrfd_2_5g/conv43': HW >> (HwReadEl0scrfd_2_5g/conv43 | hw_frame_size: 51200) >> (UserBuffQEl0scrfd_2_5g/conv43 | timeout: 10s)
[2025-06-28 10:04:29.684] [822953] [HailoRT] [info] [edge_elements.cpp:287] [create] Created (HwReadEl2scrfd_2_5g/conv44 | hw_frame_size: 153600)
[2025-06-28 10:04:29.684] [822953] [HailoRT] [info] [queue_elements.cpp:657] [create] Created (PullQEl_hw_read2scrfd_2_5g/conv44)
[2025-06-28 10:04:29.684] [822953] [HailoRT] [info] [filter_elements.cpp:375] [create] Created (PostInferEl2scrfd_2_5g/conv44 | Reorder - src_order: FCR, src_shape: (80, 80, 24), dst_order: FCR, dst_shape: (80, 80, 20))
[2025-06-28 10:04:29.685] [822953] [HailoRT] [info] [queue_elements.cpp:800] [create] Created (UserBuffQEl2scrfd_2_5g/conv44 | timeout: 10s)
[2025-06-28 10:04:29.685] [822953] [HailoRT] [info] [vstream.cpp:1114] [OutputVStreamImpl] Creating scrfd_2_5g/conv44...
[2025-06-28 10:04:29.685] [822953] [HailoRT] [info] [vstream_builder.cpp:220] [create_outputs] Output pipeline 'scrfd_2_5g/conv44': HW >> (HwReadEl2scrfd_2_5g/conv44 | hw_frame_size: 153600) >> (PullQEl_hw_read2scrfd_2_5g/conv44) >> (PostInferEl2scrfd_2_5g/conv44 | Reorder - src_order: FCR, src_shape: (80, 80, 24), dst_order: FCR, dst_shape: (80, 80, 20)) >> (UserBuffQEl2scrfd_2_5g/conv44 | timeout: 10s)
[2025-06-28 10:04:29.685] [822953] [HailoRT] [info] [edge_elements.cpp:287] [create] Created (HwReadEl14scrfd_2_5g/conv49 | hw_frame_size: 3200)
[2025-06-28 10:04:29.687] [822953] [HailoRT] [info] [queue_elements.cpp:800] [create] Created (UserBuffQEl14scrfd_2_5g/conv49 | timeout: 10s)
[2025-06-28 10:04:29.687] [822953] [HailoRT] [info] [vstream.cpp:1114] [OutputVStreamImpl] Creating scrfd_2_5g/conv49...
[2025-06-28 10:04:29.687] [822953] [HailoRT] [info] [vstream_builder.cpp:220] [create_outputs] Output pipeline 'scrfd_2_5g/conv49': HW >> (HwReadEl14scrfd_2_5g/conv49 | hw_frame_size: 3200) >> (UserBuffQEl14scrfd_2_5g/conv49 | timeout: 10s)
[2025-06-28 10:04:29.687] [822953] [HailoRT] [info] [edge_elements.cpp:287] [create] Created (HwReadEl12scrfd_2_5g/conv50 | hw_frame_size: 12800)
[2025-06-28 10:04:29.687] [822953] [HailoRT] [info] [queue_elements.cpp:800] [create] Created (UserBuffQEl12scrfd_2_5g/conv50 | timeout: 10s)
[2025-06-28 10:04:29.687] [822953] [HailoRT] [info] [vstream.cpp:1114] [OutputVStreamImpl] Creating scrfd_2_5g/conv50...
[2025-06-28 10:04:29.687] [822953] [HailoRT] [info] [vstream_builder.cpp:220] [create_outputs] Output pipeline 'scrfd_2_5g/conv50': HW >> (HwReadEl12scrfd_2_5g/conv50 | hw_frame_size: 12800) >> (UserBuffQEl12scrfd_2_5g/conv50 | timeout: 10s)
[2025-06-28 10:04:29.688] [822953] [HailoRT] [info] [edge_elements.cpp:287] [create] Created (HwReadEl1scrfd_2_5g/conv51 | hw_frame_size: 38400)
[2025-06-28 10:04:29.692] [822953] [HailoRT] [info] [queue_elements.cpp:657] [create] Created (PullQEl_hw_read1scrfd_2_5g/conv51)
[2025-06-28 10:04:29.692] [822953] [HailoRT] [info] [filter_elements.cpp:375] [create] Created (PostInferEl1scrfd_2_5g/conv51 | Reorder - src_order: FCR, src_shape: (40, 40, 24), dst_order: FCR, dst_shape: (40, 40, 20))
[2025-06-28 10:04:29.694] [822953] [HailoRT] [info] [queue_elements.cpp:800] [create] Created (UserBuffQEl1scrfd_2_5g/conv51 | timeout: 10s)
[2025-06-28 10:04:29.694] [822953] [HailoRT] [info] [vstream.cpp:1114] [OutputVStreamImpl] Creating scrfd_2_5g/conv51...
[2025-06-28 10:04:29.694] [822953] [HailoRT] [info] [vstream_builder.cpp:220] [create_outputs] Output pipeline 'scrfd_2_5g/conv51': HW >> (HwReadEl1scrfd_2_5g/conv51 | hw_frame_size: 38400) >> (PullQEl_hw_read1scrfd_2_5g/conv51) >> (PostInferEl1scrfd_2_5g/conv51 | Reorder - src_order: FCR, src_shape: (40, 40, 24), dst_order: FCR, dst_shape: (40, 40, 20)) >> (UserBuffQEl1scrfd_2_5g/conv51 | timeout: 10s)
[2025-06-28 10:04:29.694] [822953] [HailoRT] [info] [edge_elements.cpp:287] [create] Created (HwReadEl10scrfd_2_5g/conv55 | hw_frame_size: 800)
[2025-06-28 10:04:29.696] [822953] [HailoRT] [info] [queue_elements.cpp:657] [create] Created (PullQEl_hw_read10scrfd_2_5g/conv55)
[2025-06-28 10:04:29.696] [822953] [HailoRT] [info] [filter_elements.cpp:375] [create] Created (PostInferEl10scrfd_2_5g/conv55 | Reorder - src_order: NHCW, src_shape: (20, 20, 2), dst_order: NHWC, dst_shape: (20, 20, 2))
[2025-06-28 10:04:29.700] [822953] [HailoRT] [info] [queue_elements.cpp:800] [create] Created (UserBuffQEl10scrfd_2_5g/conv55 | timeout: 10s)
[2025-06-28 10:04:29.700] [822953] [HailoRT] [info] [vstream.cpp:1114] [OutputVStreamImpl] Creating scrfd_2_5g/conv55...
[2025-06-28 10:04:29.700] [822953] [HailoRT] [info] [vstream_builder.cpp:220] [create_outputs] Output pipeline 'scrfd_2_5g/conv55': HW >> (HwReadEl10scrfd_2_5g/conv55 | hw_frame_size: 800) >> (PullQEl_hw_read10scrfd_2_5g/conv55) >> (PostInferEl10scrfd_2_5g/conv55 | Reorder - src_order: NHCW, src_shape: (20, 20, 2), dst_order: NHWC, dst_shape: (20, 20, 2)) >> (UserBuffQEl10scrfd_2_5g/conv55 | timeout: 10s)
[2025-06-28 10:04:29.700] [822953] [HailoRT] [info] [edge_elements.cpp:287] [create] Created (HwReadEl9scrfd_2_5g/conv56 | hw_frame_size: 3200)
[2025-06-28 10:04:29.701] [822953] [HailoRT] [info] [queue_elements.cpp:657] [create] Created (PullQEl_hw_read9scrfd_2_5g/conv56)
[2025-06-28 10:04:29.702] [822953] [HailoRT] [info] [filter_elements.cpp:375] [create] Created (PostInferEl9scrfd_2_5g/conv56 | Reorder - src_order: NHCW, src_shape: (20, 20, 8), dst_order: NHWC, dst_shape: (20, 20, 8))
[2025-06-28 10:04:29.703] [822953] [HailoRT] [info] [queue_elements.cpp:800] [create] Created (UserBuffQEl9scrfd_2_5g/conv56 | timeout: 10s)
[2025-06-28 10:04:29.703] [822953] [HailoRT] [info] [vstream.cpp:1114] [OutputVStreamImpl] Creating scrfd_2_5g/conv56...
[2025-06-28 10:04:29.703] [822953] [HailoRT] [info] [vstream_builder.cpp:220] [create_outputs] Output pipeline 'scrfd_2_5g/conv56': HW >> (HwReadEl9scrfd_2_5g/conv56 | hw_frame_size: 3200) >> (PullQEl_hw_read9scrfd_2_5g/conv56) >> (PostInferEl9scrfd_2_5g/conv56 | Reorder - src_order: NHCW, src_shape: (20, 20, 8), dst_order: NHWC, dst_shape: (20, 20, 8)) >> (UserBuffQEl9scrfd_2_5g/conv56 | timeout: 10s)
[2025-06-28 10:04:29.703] [822953] [HailoRT] [info] [edge_elements.cpp:287] [create] Created (HwReadEl13scrfd_2_5g/conv57 | hw_frame_size: 9600)
[2025-06-28 10:04:29.705] [822953] [HailoRT] [info] [queue_elements.cpp:657] [create] Created (PullQEl_hw_read13scrfd_2_5g/conv57)
[2025-06-28 10:04:29.705] [822953] [HailoRT] [info] [filter_elements.cpp:375] [create] Created (PostInferEl13scrfd_2_5g/conv57 | Reorder - src_order: FCR, src_shape: (20, 20, 24), dst_order: FCR, dst_shape: (20, 20, 20))
[2025-06-28 10:04:29.707] [822953] [HailoRT] [info] [queue_elements.cpp:800] [create] Created (UserBuffQEl13scrfd_2_5g/conv57 | timeout: 10s)
[2025-06-28 10:04:29.707] [822953] [HailoRT] [info] [vstream.cpp:1114] [OutputVStreamImpl] Creating scrfd_2_5g/conv57...
[2025-06-28 10:04:29.707] [822953] [HailoRT] [info] [vstream_builder.cpp:220] [create_outputs] Output pipeline 'scrfd_2_5g/conv57': HW >> (HwReadEl13scrfd_2_5g/conv57 | hw_frame_size: 9600) >> (PullQEl_hw_read13scrfd_2_5g/conv57) >> (PostInferEl13scrfd_2_5g/conv57 | Reorder - src_order: FCR, src_shape: (20, 20, 24), dst_order: FCR, dst_shape: (20, 20, 20)) >> (UserBuffQEl13scrfd_2_5g/conv57 | timeout: 10s)
[2025-06-28 10:04:30.645] [822991] [HailoRT] [info] [hef.cpp:1929] [get_network_group_and_network_name] No name was given. Addressing all networks of default network_group: arcface_mobilefacenet
[2025-06-28 10:04:30.649] [822991] [HailoRT] [info] [internal_buffer_manager.cpp:204] [print_execution_results] Planned internal buffer memory: CMA memory 0, user memory 50688. memory to edge layer usage factor is 1
[2025-06-28 10:04:30.649] [822991] [HailoRT] [info] [internal_buffer_manager.cpp:212] [print_execution_results] Default Internal buffer planner executed successfully
[2025-06-28 10:04:30.664] [822991] [HailoRT] [info] [device_internal.cpp:57] [configure] Configuring HEF took 18.846801 milliseconds
[2025-06-28 10:04:30.667] [822991] [HailoRT] [info] [vdevice.cpp:749] [configure] Configuring HEF on VDevice took 21.634783 milliseconds
[2025-06-28 10:04:30.667] [822991] [HailoRT] [info] [edge_elements.cpp:52] [create] Created (HwWriteEl1arcface_mobilefacenet/input_layer1 | hw_frame_size: 37632)
[2025-06-28 10:04:30.667] [822991] [HailoRT] [info] [vstream.cpp:754] [InputVStreamImpl] Creating arcface_mobilefacenet/input_layer1...
[2025-06-28 10:04:30.667] [822991] [HailoRT] [info] [vstream_builder.cpp:102] [create_inputs] Input pipeline 'arcface_mobilefacenet/input_layer1': (HwWriteEl1arcface_mobilefacenet/input_layer1 | hw_frame_size: 37632) >> HW
[2025-06-28 10:04:30.667] [822991] [HailoRT] [info] [edge_elements.cpp:287] [create] Created (HwReadEl0arcface_mobilefacenet/fc1 | hw_frame_size: 512)
[2025-06-28 10:04:30.688] [822991] [HailoRT] [info] [queue_elements.cpp:800] [create] Created (UserBuffQEl0arcface_mobilefacenet/fc1 | timeout: 10s)
[2025-06-28 10:04:30.688] [822991] [HailoRT] [info] [vstream.cpp:1114] [OutputVStreamImpl] Creating arcface_mobilefacenet/fc1...
[2025-06-28 10:04:30.688] [822991] [HailoRT] [info] [vstream_builder.cpp:220] [create_outputs] Output pipeline 'arcface_mobilefacenet/fc1': HW >> (HwReadEl0arcface_mobilefacenet/fc1 | hw_frame_size: 512) >> (UserBuffQEl0arcface_mobilefacenet/fc1 | timeout: 10s)
[2025-06-28 10:06:05.925] [825673] [HailoRT] [info] [vdevice.cpp:523] [create] Creating vdevice with params: device_count: 1, scheduling_algorithm: ROUND_ROBIN, multi_process_service: false
[2025-06-28 10:06:05.938] [825673] [HailoRT] [info] [device.cpp:49] [Device] OS Version: Linux 6.12.20+rpt-rpi-2712 #1 SMP PREEMPT Debian 1:6.12.20-1+rpt1~bpo12+1 (2025-03-19) aarch64
[2025-06-28 10:06:05.942] [825673] [HailoRT] [info] [control.cpp:108] [control__parse_identify_results] firmware_version is: 4.20.0
[2025-06-28 10:06:05.942] [825673] [HailoRT] [info] [vdevice.cpp:651] [create] VDevice Infos: 0001:01:00.0
[2025-06-28 10:06:05.973] [825777] [HailoRT] [info] [hef.cpp:1929] [get_network_group_and_network_name] No name was given. Addressing all networks of default network_group: scrfd_2_5g
[2025-06-28 10:06:05.986] [825777] [HailoRT] [info] [internal_buffer_manager.cpp:204] [print_execution_results] Planned internal buffer memory: CMA memory 0, user memory 462336. memory to edge layer usage factor is 1
[2025-06-28 10:06:05.986] [825777] [HailoRT] [info] [internal_buffer_manager.cpp:212] [print_execution_results] Default Internal buffer planner executed successfully
[2025-06-28 10:06:05.998] [825777] [HailoRT] [info] [device_internal.cpp:57] [configure] Configuring HEF took 23.881412 milliseconds
[2025-06-28 10:06:06.009] [825777] [HailoRT] [info] [vdevice.cpp:749] [configure] Configuring HEF on VDevice took 35.576971 milliseconds
[2025-06-28 10:06:06.009] [825777] [HailoRT] [info] [edge_elements.cpp:52] [create] Created (HwWriteEl3scrfd_2_5g/input_layer1 | hw_frame_size: 1228800)
[2025-06-28 10:06:06.009] [825777] [HailoRT] [info] [vstream.cpp:754] [InputVStreamImpl] Creating scrfd_2_5g/input_layer1...
[2025-06-28 10:06:06.009] [825777] [HailoRT] [info] [vstream_builder.cpp:102] [create_inputs] Input pipeline 'scrfd_2_5g/input_layer1': (HwWriteEl3scrfd_2_5g/input_layer1 | hw_frame_size: 1228800) >> HW
[2025-06-28 10:06:06.010] [825777] [HailoRT] [info] [edge_elements.cpp:287] [create] Created (HwReadEl3scrfd_2_5g/conv42 | hw_frame_size: 12800)
[2025-06-28 10:06:06.010] [825777] [HailoRT] [info] [queue_elements.cpp:800] [create] Created (UserBuffQEl3scrfd_2_5g/conv42 | timeout: 10s)
[2025-06-28 10:06:06.010] [825777] [HailoRT] [info] [vstream.cpp:1114] [OutputVStreamImpl] Creating scrfd_2_5g/conv42...
[2025-06-28 10:06:06.010] [825777] [HailoRT] [info] [vstream_builder.cpp:220] [create_outputs] Output pipeline 'scrfd_2_5g/conv42': HW >> (HwReadEl3scrfd_2_5g/conv42 | hw_frame_size: 12800) >> (UserBuffQEl3scrfd_2_5g/conv42 | timeout: 10s)
[2025-06-28 10:06:06.010] [825777] [HailoRT] [info] [edge_elements.cpp:287] [create] Created (HwReadEl0scrfd_2_5g/conv43 | hw_frame_size: 51200)
[2025-06-28 10:06:06.011] [825777] [HailoRT] [info] [queue_elements.cpp:800] [create] Created (UserBuffQEl0scrfd_2_5g/conv43 | timeout: 10s)
[2025-06-28 10:06:06.011] [825777] [HailoRT] [info] [vstream.cpp:1114] [OutputVStreamImpl] Creating scrfd_2_5g/conv43...
[2025-06-28 10:06:06.011] [825777] [HailoRT] [info] [vstream_builder.cpp:220] [create_outputs] Output pipeline 'scrfd_2_5g/conv43': HW >> (HwReadEl0scrfd_2_5g/conv43 | hw_frame_size: 51200) >> (UserBuffQEl0scrfd_2_5g/conv43 | timeout: 10s)
[2025-06-28 10:06:06.011] [825777] [HailoRT] [info] [edge_elements.cpp:287] [create] Created (HwReadEl2scrfd_2_5g/conv44 | hw_frame_size: 153600)
[2025-06-28 10:06:06.011] [825777] [HailoRT] [info] [queue_elements.cpp:657] [create] Created (PullQEl_hw_read2scrfd_2_5g/conv44)
[2025-06-28 10:06:06.011] [825777] [HailoRT] [info] [filter_elements.cpp:375] [create] Created (PostInferEl2scrfd_2_5g/conv44 | Reorder - src_order: FCR, src_shape: (80, 80, 24), dst_order: FCR, dst_shape: (80, 80, 20))
[2025-06-28 10:06:06.014] [825777] [HailoRT] [info] [queue_elements.cpp:800] [create] Created (UserBuffQEl2scrfd_2_5g/conv44 | timeout: 10s)
[2025-06-28 10:06:06.014] [825777] [HailoRT] [info] [vstream.cpp:1114] [OutputVStreamImpl] Creating scrfd_2_5g/conv44...
[2025-06-28 10:06:06.014] [825777] [HailoRT] [info] [vstream_builder.cpp:220] [create_outputs] Output pipeline 'scrfd_2_5g/conv44': HW >> (HwReadEl2scrfd_2_5g/conv44 | hw_frame_size: 153600) >> (PullQEl_hw_read2scrfd_2_5g/conv44) >> (PostInferEl2scrfd_2_5g/conv44 | Reorder - src_order: FCR, src_shape: (80, 80, 24), dst_order: FCR, dst_shape: (80, 80, 20)) >> (UserBuffQEl2scrfd_2_5g/conv44 | timeout: 10s)
[2025-06-28 10:06:06.014] [825777] [HailoRT] [info] [edge_elements.cpp:287] [create] Created (HwReadEl14scrfd_2_5g/conv49 | hw_frame_size: 3200)
[2025-06-28 10:06:06.017] [825777] [HailoRT] [info] [queue_elements.cpp:800] [create] Created (UserBuffQEl14scrfd_2_5g/conv49 | timeout: 10s)
[2025-06-28 10:06:06.017] [825777] [HailoRT] [info] [vstream.cpp:1114] [OutputVStreamImpl] Creating scrfd_2_5g/conv49...
[2025-06-28 10:06:06.017] [825777] [HailoRT] [info] [vstream_builder.cpp:220] [create_outputs] Output pipeline 'scrfd_2_5g/conv49': HW >> (HwReadEl14scrfd_2_5g/conv49 | hw_frame_size: 3200) >> (UserBuffQEl14scrfd_2_5g/conv49 | timeout: 10s)
[2025-06-28 10:06:06.017] [825777] [HailoRT] [info] [edge_elements.cpp:287] [create] Created (HwReadEl12scrfd_2_5g/conv50 | hw_frame_size: 12800)
[2025-06-28 10:06:06.017] [825777] [HailoRT] [info] [queue_elements.cpp:800] [create] Created (UserBuffQEl12scrfd_2_5g/conv50 | timeout: 10s)
[2025-06-28 10:06:06.017] [825777] [HailoRT] [info] [vstream.cpp:1114] [OutputVStreamImpl] Creating scrfd_2_5g/conv50...
[2025-06-28 10:06:06.017] [825777] [HailoRT] [info] [vstream_builder.cpp:220] [create_outputs] Output pipeline 'scrfd_2_5g/conv50': HW >> (HwReadEl12scrfd_2_5g/conv50 | hw_frame_size: 12800) >> (UserBuffQEl12scrfd_2_5g/conv50 | timeout: 10s)
[2025-06-28 10:06:06.017] [825777] [HailoRT] [info] [edge_elements.cpp:287] [create] Created (HwReadEl1scrfd_2_5g/conv51 | hw_frame_size: 38400)
[2025-06-28 10:06:06.018] [825777] [HailoRT] [info] [queue_elements.cpp:657] [create] Created (PullQEl_hw_read1scrfd_2_5g/conv51)
[2025-06-28 10:06:06.018] [825777] [HailoRT] [info] [filter_elements.cpp:375] [create] Created (PostInferEl1scrfd_2_5g/conv51 | Reorder - src_order: FCR, src_shape: (40, 40, 24), dst_order: FCR, dst_shape: (40, 40, 20))
[2025-06-28 10:06:06.020] [825777] [HailoRT] [info] [queue_elements.cpp:800] [create] Created (UserBuffQEl1scrfd_2_5g/conv51 | timeout: 10s)
[2025-06-28 10:06:06.020] [825777] [HailoRT] [info] [vstream.cpp:1114] [OutputVStreamImpl] Creating scrfd_2_5g/conv51...
[2025-06-28 10:06:06.020] [825777] [HailoRT] [info] [vstream_builder.cpp:220] [create_outputs] Output pipeline 'scrfd_2_5g/conv51': HW >> (HwReadEl1scrfd_2_5g/conv51 | hw_frame_size: 38400) >> (PullQEl_hw_read1scrfd_2_5g/conv51) >> (PostInferEl1scrfd_2_5g/conv51 | Reorder - src_order: FCR, src_shape: (40, 40, 24), dst_order: FCR, dst_shape: (40, 40, 20)) >> (UserBuffQEl1scrfd_2_5g/conv51 | timeout: 10s)
[2025-06-28 10:06:06.020] [825777] [HailoRT] [info] [edge_elements.cpp:287] [create] Created (HwReadEl10scrfd_2_5g/conv55 | hw_frame_size: 800)
[2025-06-28 10:06:06.024] [825777] [HailoRT] [info] [queue_elements.cpp:657] [create] Created (PullQEl_hw_read10scrfd_2_5g/conv55)
[2025-06-28 10:06:06.024] [825777] [HailoRT] [info] [filter_elements.cpp:375] [create] Created (PostInferEl10scrfd_2_5g/conv55 | Reorder - src_order: NHCW, src_shape: (20, 20, 2), dst_order: NHWC, dst_shape: (20, 20, 2))
[2025-06-28 10:06:06.025] [825777] [HailoRT] [info] [queue_elements.cpp:800] [create] Created (UserBuffQEl10scrfd_2_5g/conv55 | timeout: 10s)
[2025-06-28 10:06:06.025] [825777] [HailoRT] [info] [vstream.cpp:1114] [OutputVStreamImpl] Creating scrfd_2_5g/conv55...
[2025-06-28 10:06:06.025] [825777] [HailoRT] [info] [vstream_builder.cpp:220] [create_outputs] Output pipeline 'scrfd_2_5g/conv55': HW >> (HwReadEl10scrfd_2_5g/conv55 | hw_frame_size: 800) >> (PullQEl_hw_read10scrfd_2_5g/conv55) >> (PostInferEl10scrfd_2_5g/conv55 | Reorder - src_order: NHCW, src_shape: (20, 20, 2), dst_order: NHWC, dst_shape: (20, 20, 2)) >> (UserBuffQEl10scrfd_2_5g/conv55 | timeout: 10s)
[2025-06-28 10:06:06.025] [825777] [HailoRT] [info] [edge_elements.cpp:287] [create] Created (HwReadEl9scrfd_2_5g/conv56 | hw_frame_size: 3200)
[2025-06-28 10:06:06.028] [825777] [HailoRT] [info] [queue_elements.cpp:657] [create] Created (PullQEl_hw_read9scrfd_2_5g/conv56)
[2025-06-28 10:06:06.028] [825777] [HailoRT] [info] [filter_elements.cpp:375] [create] Created (PostInferEl9scrfd_2_5g/conv56 | Reorder - src_order: NHCW, src_shape: (20, 20, 8), dst_order: NHWC, dst_shape: (20, 20, 8))
[2025-06-28 10:06:06.029] [825777] [HailoRT] [info] [queue_elements.cpp:800] [create] Created (UserBuffQEl9scrfd_2_5g/conv56 | timeout: 10s)
[2025-06-28 10:06:06.029] [825777] [HailoRT] [info] [vstream.cpp:1114] [OutputVStreamImpl] Creating scrfd_2_5g/conv56...
[2025-06-28 10:06:06.029] [825777] [HailoRT] [info] [vstream_builder.cpp:220] [create_outputs] Output pipeline 'scrfd_2_5g/conv56': HW >> (HwReadEl9scrfd_2_5g/conv56 | hw_frame_size: 3200) >> (PullQEl_hw_read9scrfd_2_5g/conv56) >> (PostInferEl9scrfd_2_5g/conv56 | Reorder - src_order: NHCW, src_shape: (20, 20, 8), dst_order: NHWC, dst_shape: (20, 20, 8)) >> (UserBuffQEl9scrfd_2_5g/conv56 | timeout: 10s)
[2025-06-28 10:06:06.029] [825777] [HailoRT] [info] [edge_elements.cpp:287] [create] Created (HwReadEl13scrfd_2_5g/conv57 | hw_frame_size: 9600)
[2025-06-28 10:06:06.030] [825777] [HailoRT] [info] [queue_elements.cpp:657] [create] Created (PullQEl_hw_read13scrfd_2_5g/conv57)
[2025-06-28 10:06:06.030] [825777] [HailoRT] [info] [filter_elements.cpp:375] [create] Created (PostInferEl13scrfd_2_5g/conv57 | Reorder - src_order: FCR, src_shape: (20, 20, 24), dst_order: FCR, dst_shape: (20, 20, 20))
[2025-06-28 10:06:06.031] [825777] [HailoRT] [info] [queue_elements.cpp:800] [create] Created (UserBuffQEl13scrfd_2_5g/conv57 | timeout: 10s)
[2025-06-28 10:06:06.031] [825777] [HailoRT] [info] [vstream.cpp:1114] [OutputVStreamImpl] Creating scrfd_2_5g/conv57...
[2025-06-28 10:06:06.031] [825777] [HailoRT] [info] [vstream_builder.cpp:220] [create_outputs] Output pipeline 'scrfd_2_5g/conv57': HW >> (HwReadEl13scrfd_2_5g/conv57 | hw_frame_size: 9600) >> (PullQEl_hw_read13scrfd_2_5g/conv57) >> (PostInferEl13scrfd_2_5g/conv57 | Reorder - src_order: FCR, src_shape: (20, 20, 24), dst_order: FCR, dst_shape: (20, 20, 20)) >> (UserBuffQEl13scrfd_2_5g/conv57 | timeout: 10s)
[2025-06-28 10:06:06.974] [825815] [HailoRT] [info] [hef.cpp:1929] [get_network_group_and_network_name] No name was given. Addressing all networks of default network_group: arcface_mobilefacenet
[2025-06-28 10:06:06.976] [825815] [HailoRT] [info] [internal_buffer_manager.cpp:204] [print_execution_results] Planned internal buffer memory: CMA memory 0, user memory 50688. memory to edge layer usage factor is 1
[2025-06-28 10:06:06.976] [825815] [HailoRT] [info] [internal_buffer_manager.cpp:212] [print_execution_results] Default Internal buffer planner executed successfully
[2025-06-28 10:06:06.993] [825815] [HailoRT] [info] [device_internal.cpp:57] [configure] Configuring HEF took 18.66706 milliseconds
[2025-06-28 10:06:06.996] [825815] [HailoRT] [info] [vdevice.cpp:749] [configure] Configuring HEF on VDevice took 21.430467 milliseconds
[2025-06-28 10:06:06.996] [825815] [HailoRT] [info] [edge_elements.cpp:52] [create] Created (HwWriteEl1arcface_mobilefacenet/input_layer1 | hw_frame_size: 37632)
[2025-06-28 10:06:06.996] [825815] [HailoRT] [info] [vstream.cpp:754] [InputVStreamImpl] Creating arcface_mobilefacenet/input_layer1...
[2025-06-28 10:06:06.996] [825815] [HailoRT] [info] [vstream_builder.cpp:102] [create_inputs] Input pipeline 'arcface_mobilefacenet/input_layer1': (HwWriteEl1arcface_mobilefacenet/input_layer1 | hw_frame_size: 37632) >> HW
[2025-06-28 10:06:06.996] [825815] [HailoRT] [info] [edge_elements.cpp:287] [create] Created (HwReadEl0arcface_mobilefacenet/fc1 | hw_frame_size: 512)
[2025-06-28 10:06:07.028] [825815] [HailoRT] [info] [queue_elements.cpp:800] [create] Created (UserBuffQEl0arcface_mobilefacenet/fc1 | timeout: 10s)
[2025-06-28 10:06:07.028] [825815] [HailoRT] [info] [vstream.cpp:1114] [OutputVStreamImpl] Creating arcface_mobilefacenet/fc1...
[2025-06-28 10:06:07.028] [825815] [HailoRT] [info] [vstream_builder.cpp:220] [create_outputs] Output pipeline 'arcface_mobilefacenet/fc1': HW >> (HwReadEl0arcface_mobilefacenet/fc1 | hw_frame_size: 512) >> (UserBuffQEl0arcface_mobilefacenet/fc1 | timeout: 10s)
[2025-06-28 10:08:01.259] [833419] [HailoRT] [info] [vdevice.cpp:523] [create] Creating vdevice with params: device_count: 1, scheduling_algorithm: ROUND_ROBIN, multi_process_service: false
[2025-06-28 10:08:01.271] [833419] [HailoRT] [info] [device.cpp:49] [Device] OS Version: Linux 6.12.20+rpt-rpi-2712 #1 SMP PREEMPT Debian 1:6.12.20-1+rpt1~bpo12+1 (2025-03-19) aarch64
[2025-06-28 10:08:01.273] [833419] [HailoRT] [info] [control.cpp:108] [control__parse_identify_results] firmware_version is: 4.20.0
[2025-06-28 10:08:01.273] [833419] [HailoRT] [info] [vdevice.cpp:651] [create] VDevice Infos: 0001:01:00.0
[2025-06-28 10:08:01.298] [833520] [HailoRT] [info] [hef.cpp:1929] [get_network_group_and_network_name] No name was given. Addressing all networks of default network_group: scrfd_2_5g
[2025-06-28 10:08:01.305] [833520] [HailoRT] [info] [internal_buffer_manager.cpp:204] [print_execution_results] Planned internal buffer memory: CMA memory 0, user memory 462336. memory to edge layer usage factor is 1
[2025-06-28 10:08:01.305] [833520] [HailoRT] [info] [internal_buffer_manager.cpp:212] [print_execution_results] Default Internal buffer planner executed successfully
[2025-06-28 10:08:01.316] [833520] [HailoRT] [info] [device_internal.cpp:57] [configure] Configuring HEF took 17.249262 milliseconds
[2025-06-28 10:08:01.326] [833520] [HailoRT] [info] [vdevice.cpp:749] [configure] Configuring HEF on VDevice took 28.046283 milliseconds
[2025-06-28 10:08:01.327] [833520] [HailoRT] [info] [edge_elements.cpp:52] [create] Created (HwWriteEl3scrfd_2_5g/input_layer1 | hw_frame_size: 1228800)
[2025-06-28 10:08:01.327] [833520] [HailoRT] [info] [vstream.cpp:754] [InputVStreamImpl] Creating scrfd_2_5g/input_layer1...
[2025-06-28 10:08:01.327] [833520] [HailoRT] [info] [vstream_builder.cpp:102] [create_inputs] Input pipeline 'scrfd_2_5g/input_layer1': (HwWriteEl3scrfd_2_5g/input_layer1 | hw_frame_size: 1228800) >> HW
[2025-06-28 10:08:01.327] [833520] [HailoRT] [info] [edge_elements.cpp:287] [create] Created (HwReadEl3scrfd_2_5g/conv42 | hw_frame_size: 12800)
[2025-06-28 10:08:01.327] [833520] [HailoRT] [info] [queue_elements.cpp:800] [create] Created (UserBuffQEl3scrfd_2_5g/conv42 | timeout: 10s)
[2025-06-28 10:08:01.327] [833520] [HailoRT] [info] [vstream.cpp:1114] [OutputVStreamImpl] Creating scrfd_2_5g/conv42...
[2025-06-28 10:08:01.327] [833520] [HailoRT] [info] [vstream_builder.cpp:220] [create_outputs] Output pipeline 'scrfd_2_5g/conv42': HW >> (HwReadEl3scrfd_2_5g/conv42 | hw_frame_size: 12800) >> (UserBuffQEl3scrfd_2_5g/conv42 | timeout: 10s)
[2025-06-28 10:08:01.327] [833520] [HailoRT] [info] [edge_elements.cpp:287] [create] Created (HwReadEl0scrfd_2_5g/conv43 | hw_frame_size: 51200)
[2025-06-28 10:08:01.327] [833520] [HailoRT] [info] [queue_elements.cpp:800] [create] Created (UserBuffQEl0scrfd_2_5g/conv43 | timeout: 10s)
[2025-06-28 10:08:01.327] [833520] [HailoRT] [info] [vstream.cpp:1114] [OutputVStreamImpl] Creating scrfd_2_5g/conv43...
[2025-06-28 10:08:01.327] [833520] [HailoRT] [info] [vstream_builder.cpp:220] [create_outputs] Output pipeline 'scrfd_2_5g/conv43': HW >> (HwReadEl0scrfd_2_5g/conv43 | hw_frame_size: 51200) >> (UserBuffQEl0scrfd_2_5g/conv43 | timeout: 10s)
[2025-06-28 10:08:01.327] [833520] [HailoRT] [info] [edge_elements.cpp:287] [create] Created (HwReadEl2scrfd_2_5g/conv44 | hw_frame_size: 153600)
[2025-06-28 10:08:01.327] [833520] [HailoRT] [info] [queue_elements.cpp:657] [create] Created (PullQEl_hw_read2scrfd_2_5g/conv44)
[2025-06-28 10:08:01.327] [833520] [HailoRT] [info] [filter_elements.cpp:375] [create] Created (PostInferEl2scrfd_2_5g/conv44 | Reorder - src_order: FCR, src_shape: (80, 80, 24), dst_order: FCR, dst_shape: (80, 80, 20))
[2025-06-28 10:08:01.327] [833520] [HailoRT] [info] [queue_elements.cpp:800] [create] Created (UserBuffQEl2scrfd_2_5g/conv44 | timeout: 10s)
[2025-06-28 10:08:01.327] [833520] [HailoRT] [info] [vstream.cpp:1114] [OutputVStreamImpl] Creating scrfd_2_5g/conv44...
[2025-06-28 10:08:01.327] [833520] [HailoRT] [info] [vstream_builder.cpp:220] [create_outputs] Output pipeline 'scrfd_2_5g/conv44': HW >> (HwReadEl2scrfd_2_5g/conv44 | hw_frame_size: 153600) >> (PullQEl_hw_read2scrfd_2_5g/conv44) >> (PostInferEl2scrfd_2_5g/conv44 | Reorder - src_order: FCR, src_shape: (80, 80, 24), dst_order: FCR, dst_shape: (80, 80, 20)) >> (UserBuffQEl2scrfd_2_5g/conv44 | timeout: 10s)
[2025-06-28 10:08:01.327] [833520] [HailoRT] [info] [edge_elements.cpp:287] [create] Created (HwReadEl14scrfd_2_5g/conv49 | hw_frame_size: 3200)
[2025-06-28 10:08:01.327] [833520] [HailoRT] [info] [queue_elements.cpp:800] [create] Created (UserBuffQEl14scrfd_2_5g/conv49 | timeout: 10s)
[2025-06-28 10:08:01.327] [833520] [HailoRT] [info] [vstream.cpp:1114] [OutputVStreamImpl] Creating scrfd_2_5g/conv49...
[2025-06-28 10:08:01.327] [833520] [HailoRT] [info] [vstream_builder.cpp:220] [create_outputs] Output pipeline 'scrfd_2_5g/conv49': HW >> (HwReadEl14scrfd_2_5g/conv49 | hw_frame_size: 3200) >> (UserBuffQEl14scrfd_2_5g/conv49 | timeout: 10s)
[2025-06-28 10:08:01.327] [833520] [HailoRT] [info] [edge_elements.cpp:287] [create] Created (HwReadEl12scrfd_2_5g/conv50 | hw_frame_size: 12800)
[2025-06-28 10:08:01.328] [833520] [HailoRT] [info] [queue_elements.cpp:800] [create] Created (UserBuffQEl12scrfd_2_5g/conv50 | timeout: 10s)
[2025-06-28 10:08:01.328] [833520] [HailoRT] [info] [vstream.cpp:1114] [OutputVStreamImpl] Creating scrfd_2_5g/conv50...
[2025-06-28 10:08:01.328] [833520] [HailoRT] [info] [vstream_builder.cpp:220] [create_outputs] Output pipeline 'scrfd_2_5g/conv50': HW >> (HwReadEl12scrfd_2_5g/conv50 | hw_frame_size: 12800) >> (UserBuffQEl12scrfd_2_5g/conv50 | timeout: 10s)
[2025-06-28 10:08:01.328] [833520] [HailoRT] [info] [edge_elements.cpp:287] [create] Created (HwReadEl1scrfd_2_5g/conv51 | hw_frame_size: 38400)
[2025-06-28 10:08:01.328] [833520] [HailoRT] [info] [queue_elements.cpp:657] [create] Created (PullQEl_hw_read1scrfd_2_5g/conv51)
[2025-06-28 10:08:01.328] [833520] [HailoRT] [info] [filter_elements.cpp:375] [create] Created (PostInferEl1scrfd_2_5g/conv51 | Reorder - src_order: FCR, src_shape: (40, 40, 24), dst_order: FCR, dst_shape: (40, 40, 20))
[2025-06-28 10:08:01.328] [833520] [HailoRT] [info] [queue_elements.cpp:800] [create] Created (UserBuffQEl1scrfd_2_5g/conv51 | timeout: 10s)
[2025-06-28 10:08:01.328] [833520] [HailoRT] [info] [vstream.cpp:1114] [OutputVStreamImpl] Creating scrfd_2_5g/conv51...
[2025-06-28 10:08:01.328] [833520] [HailoRT] [info] [vstream_builder.cpp:220] [create_outputs] Output pipeline 'scrfd_2_5g/conv51': HW >> (HwReadEl1scrfd_2_5g/conv51 | hw_frame_size: 38400) >> (PullQEl_hw_read1scrfd_2_5g/conv51) >> (PostInferEl1scrfd_2_5g/conv51 | Reorder - src_order: FCR, src_shape: (40, 40, 24), dst_order: FCR, dst_shape: (40, 40, 20)) >> (UserBuffQEl1scrfd_2_5g/conv51 | timeout: 10s)
[2025-06-28 10:08:01.328] [833520] [HailoRT] [info] [edge_elements.cpp:287] [create] Created (HwReadEl10scrfd_2_5g/conv55 | hw_frame_size: 800)
[2025-06-28 10:08:01.328] [833520] [HailoRT] [info] [queue_elements.cpp:657] [create] Created (PullQEl_hw_read10scrfd_2_5g/conv55)
[2025-06-28 10:08:01.328] [833520] [HailoRT] [info] [filter_elements.cpp:375] [create] Created (PostInferEl10scrfd_2_5g/conv55 | Reorder - src_order: NHCW, src_shape: (20, 20, 2), dst_order: NHWC, dst_shape: (20, 20, 2))
[2025-06-28 10:08:01.328] [833520] [HailoRT] [info] [queue_elements.cpp:800] [create] Created (UserBuffQEl10scrfd_2_5g/conv55 | timeout: 10s)
[2025-06-28 10:08:01.328] [833520] [HailoRT] [info] [vstream.cpp:1114] [OutputVStreamImpl] Creating scrfd_2_5g/conv55...
[2025-06-28 10:08:01.328] [833520] [HailoRT] [info] [vstream_builder.cpp:220] [create_outputs] Output pipeline 'scrfd_2_5g/conv55': HW >> (HwReadEl10scrfd_2_5g/conv55 | hw_frame_size: 800) >> (PullQEl_hw_read10scrfd_2_5g/conv55) >> (PostInferEl10scrfd_2_5g/conv55 | Reorder - src_order: NHCW, src_shape: (20, 20, 2), dst_order: NHWC, dst_shape: (20, 20, 2)) >> (UserBuffQEl10scrfd_2_5g/conv55 | timeout: 10s)
[2025-06-28 10:08:01.328] [833520] [HailoRT] [info] [edge_elements.cpp:287] [create] Created (HwReadEl9scrfd_2_5g/conv56 | hw_frame_size: 3200)
[2025-06-28 10:08:01.328] [833520] [HailoRT] [info] [queue_elements.cpp:657] [create] Created (PullQEl_hw_read9scrfd_2_5g/conv56)
[2025-06-28 10:08:01.328] [833520] [HailoRT] [info] [filter_elements.cpp:375] [create] Created (PostInferEl9scrfd_2_5g/conv56 | Reorder - src_order: NHCW, src_shape: (20, 20, 8), dst_order: NHWC, dst_shape: (20, 20, 8))
[2025-06-28 10:08:01.328] [833520] [HailoRT] [info] [queue_elements.cpp:800] [create] Created (UserBuffQEl9scrfd_2_5g/conv56 | timeout: 10s)
[2025-06-28 10:08:01.328] [833520] [HailoRT] [info] [vstream.cpp:1114] [OutputVStreamImpl] Creating scrfd_2_5g/conv56...
[2025-06-28 10:08:01.328] [833520] [HailoRT] [info] [vstream_builder.cpp:220] [create_outputs] Output pipeline 'scrfd_2_5g/conv56': HW >> (HwReadEl9scrfd_2_5g/conv56 | hw_frame_size: 3200) >> (PullQEl_hw_read9scrfd_2_5g/conv56) >> (PostInferEl9scrfd_2_5g/conv56 | Reorder - src_order: NHCW, src_shape: (20, 20, 8), dst_order: NHWC, dst_shape: (20, 20, 8)) >> (UserBuffQEl9scrfd_2_5g/conv56 | timeout: 10s)
[2025-06-28 10:08:01.328] [833520] [HailoRT] [info] [edge_elements.cpp:287] [create] Created (HwReadEl13scrfd_2_5g/conv57 | hw_frame_size: 9600)
[2025-06-28 10:08:01.328] [833520] [HailoRT] [info] [queue_elements.cpp:657] [create] Created (PullQEl_hw_read13scrfd_2_5g/conv57)
[2025-06-28 10:08:01.328] [833520] [HailoRT] [info] [filter_elements.cpp:375] [create] Created (PostInferEl13scrfd_2_5g/conv57 | Reorder - src_order: FCR, src_shape: (20, 20, 24), dst_order: FCR, dst_shape: (20, 20, 20))
[2025-06-28 10:08:01.329] [833520] [HailoRT] [info] [queue_elements.cpp:800] [create] Created (UserBuffQEl13scrfd_2_5g/conv57 | timeout: 10s)
[2025-06-28 10:08:01.329] [833520] [HailoRT] [info] [vstream.cpp:1114] [OutputVStreamImpl] Creating scrfd_2_5g/conv57...
[2025-06-28 10:08:01.329] [833520] [HailoRT] [info] [vstream_builder.cpp:220] [create_outputs] Output pipeline 'scrfd_2_5g/conv57': HW >> (HwReadEl13scrfd_2_5g/conv57 | hw_frame_size: 9600) >> (PullQEl_hw_read13scrfd_2_5g/conv57) >> (PostInferEl13scrfd_2_5g/conv57 | Reorder - src_order: FCR, src_shape: (20, 20, 24), dst_order: FCR, dst_shape: (20, 20, 20)) >> (UserBuffQEl13scrfd_2_5g/conv57 | timeout: 10s)
[2025-06-28 10:08:02.299] [833559] [HailoRT] [info] [hef.cpp:1929] [get_network_group_and_network_name] No name was given. Addressing all networks of default network_group: arcface_mobilefacenet
[2025-06-28 10:08:02.301] [833559] [HailoRT] [info] [internal_buffer_manager.cpp:204] [print_execution_results] Planned internal buffer memory: CMA memory 0, user memory 50688. memory to edge layer usage factor is 1
[2025-06-28 10:08:02.301] [833559] [HailoRT] [info] [internal_buffer_manager.cpp:212] [print_execution_results] Default Internal buffer planner executed successfully
[2025-06-28 10:08:02.317] [833559] [HailoRT] [info] [device_internal.cpp:57] [configure] Configuring HEF took 16.953151 milliseconds
[2025-06-28 10:08:02.319] [833559] [HailoRT] [info] [vdevice.cpp:749] [configure] Configuring HEF on VDevice took 19.378837 milliseconds
[2025-06-28 10:08:02.319] [833559] [HailoRT] [info] [edge_elements.cpp:52] [create] Created (HwWriteEl1arcface_mobilefacenet/input_layer1 | hw_frame_size: 37632)
[2025-06-28 10:08:02.319] [833559] [HailoRT] [info] [vstream.cpp:754] [InputVStreamImpl] Creating arcface_mobilefacenet/input_layer1...
[2025-06-28 10:08:02.319] [833559] [HailoRT] [info] [vstream_builder.cpp:102] [create_inputs] Input pipeline 'arcface_mobilefacenet/input_layer1': (HwWriteEl1arcface_mobilefacenet/input_layer1 | hw_frame_size: 37632) >> HW
[2025-06-28 10:08:02.319] [833559] [HailoRT] [info] [edge_elements.cpp:287] [create] Created (HwReadEl0arcface_mobilefacenet/fc1 | hw_frame_size: 512)
[2025-06-28 10:08:02.319] [833559] [HailoRT] [info] [queue_elements.cpp:800] [create] Created (UserBuffQEl0arcface_mobilefacenet/fc1 | timeout: 10s)
[2025-06-28 10:08:02.319] [833559] [HailoRT] [info] [vstream.cpp:1114] [OutputVStreamImpl] Creating arcface_mobilefacenet/fc1...
[2025-06-28 10:08:02.319] [833559] [HailoRT] [info] [vstream_builder.cpp:220] [create_outputs] Output pipeline 'arcface_mobilefacenet/fc1': HW >> (HwReadEl0arcface_mobilefacenet/fc1 | hw_frame_size: 512) >> (UserBuffQEl0arcface_mobilefacenet/fc1 | timeout: 10s)
[2025-06-28 10:09:34.310] [844021] [HailoRT] [info] [vdevice.cpp:523] [create] Creating vdevice with params: device_count: 1, scheduling_algorithm: ROUND_ROBIN, multi_process_service: false
[2025-06-28 10:09:34.323] [844021] [HailoRT] [info] [device.cpp:49] [Device] OS Version: Linux 6.12.20+rpt-rpi-2712 #1 SMP PREEMPT Debian 1:6.12.20-1+rpt1~bpo12+1 (2025-03-19) aarch64
[2025-06-28 10:09:34.324] [844021] [HailoRT] [info] [control.cpp:108] [control__parse_identify_results] firmware_version is: 4.20.0
[2025-06-28 10:09:34.324] [844021] [HailoRT] [info] [vdevice.cpp:651] [create] VDevice Infos: 0001:01:00.0
[2025-06-28 10:09:34.351] [844074] [HailoRT] [info] [hef.cpp:1929] [get_network_group_and_network_name] No name was given. Addressing all networks of default network_group: scrfd_2_5g
[2025-06-28 10:09:34.357] [844074] [HailoRT] [info] [internal_buffer_manager.cpp:204] [print_execution_results] Planned internal buffer memory: CMA memory 0, user memory 462336. memory to edge layer usage factor is 1
[2025-06-28 10:09:34.357] [844074] [HailoRT] [info] [internal_buffer_manager.cpp:212] [print_execution_results] Default Internal buffer planner executed successfully
[2025-06-28 10:09:34.368] [844074] [HailoRT] [info] [device_internal.cpp:57] [configure] Configuring HEF took 17.510188 milliseconds
[2025-06-28 10:09:34.379] [844074] [HailoRT] [info] [vdevice.cpp:749] [configure] Configuring HEF on VDevice took 28.645875 milliseconds
[2025-06-28 10:09:34.380] [844074] [HailoRT] [info] [edge_elements.cpp:52] [create] Created (HwWriteEl3scrfd_2_5g/input_layer1 | hw_frame_size: 1228800)
[2025-06-28 10:09:34.380] [844074] [HailoRT] [info] [vstream.cpp:754] [InputVStreamImpl] Creating scrfd_2_5g/input_layer1...
[2025-06-28 10:09:34.380] [844074] [HailoRT] [info] [vstream_builder.cpp:102] [create_inputs] Input pipeline 'scrfd_2_5g/input_layer1': (HwWriteEl3scrfd_2_5g/input_layer1 | hw_frame_size: 1228800) >> HW
[2025-06-28 10:09:34.380] [844074] [HailoRT] [info] [edge_elements.cpp:287] [create] Created (HwReadEl3scrfd_2_5g/conv42 | hw_frame_size: 12800)
[2025-06-28 10:09:34.380] [844074] [HailoRT] [info] [queue_elements.cpp:800] [create] Created (UserBuffQEl3scrfd_2_5g/conv42 | timeout: 10s)
[2025-06-28 10:09:34.380] [844074] [HailoRT] [info] [vstream.cpp:1114] [OutputVStreamImpl] Creating scrfd_2_5g/conv42...
[2025-06-28 10:09:34.380] [844074] [HailoRT] [info] [vstream_builder.cpp:220] [create_outputs] Output pipeline 'scrfd_2_5g/conv42': HW >> (HwReadEl3scrfd_2_5g/conv42 | hw_frame_size: 12800) >> (UserBuffQEl3scrfd_2_5g/conv42 | timeout: 10s)
[2025-06-28 10:09:34.380] [844074] [HailoRT] [info] [edge_elements.cpp:287] [create] Created (HwReadEl0scrfd_2_5g/conv43 | hw_frame_size: 51200)
[2025-06-28 10:09:34.380] [844074] [HailoRT] [info] [queue_elements.cpp:800] [create] Created (UserBuffQEl0scrfd_2_5g/conv43 | timeout: 10s)
[2025-06-28 10:09:34.380] [844074] [HailoRT] [info] [vstream.cpp:1114] [OutputVStreamImpl] Creating scrfd_2_5g/conv43...
[2025-06-28 10:09:34.380] [844074] [HailoRT] [info] [vstream_builder.cpp:220] [create_outputs] Output pipeline 'scrfd_2_5g/conv43': HW >> (HwReadEl0scrfd_2_5g/conv43 | hw_frame_size: 51200) >> (UserBuffQEl0scrfd_2_5g/conv43 | timeout: 10s)
[2025-06-28 10:09:34.380] [844074] [HailoRT] [info] [edge_elements.cpp:287] [create] Created (HwReadEl2scrfd_2_5g/conv44 | hw_frame_size: 153600)
[2025-06-28 10:09:34.380] [844074] [HailoRT] [info] [queue_elements.cpp:657] [create] Created (PullQEl_hw_read2scrfd_2_5g/conv44)
[2025-06-28 10:09:34.380] [844074] [HailoRT] [info] [filter_elements.cpp:375] [create] Created (PostInferEl2scrfd_2_5g/conv44 | Reorder - src_order: FCR, src_shape: (80, 80, 24), dst_order: FCR, dst_shape: (80, 80, 20))
[2025-06-28 10:09:34.380] [844074] [HailoRT] [info] [queue_elements.cpp:800] [create] Created (UserBuffQEl2scrfd_2_5g/conv44 | timeout: 10s)
[2025-06-28 10:09:34.380] [844074] [HailoRT] [info] [vstream.cpp:1114] [OutputVStreamImpl] Creating scrfd_2_5g/conv44...
[2025-06-28 10:09:34.380] [844074] [HailoRT] [info] [vstream_builder.cpp:220] [create_outputs] Output pipeline 'scrfd_2_5g/conv44': HW >> (HwReadEl2scrfd_2_5g/conv44 | hw_frame_size: 153600) >> (PullQEl_hw_read2scrfd_2_5g/conv44) >> (PostInferEl2scrfd_2_5g/conv44 | Reorder - src_order: FCR, src_shape: (80, 80, 24), dst_order: FCR, dst_shape: (80, 80, 20)) >> (UserBuffQEl2scrfd_2_5g/conv44 | timeout: 10s)
[2025-06-28 10:09:34.380] [844074] [HailoRT] [info] [edge_elements.cpp:287] [create] Created (HwReadEl14scrfd_2_5g/conv49 | hw_frame_size: 3200)
[2025-06-28 10:09:34.381] [844074] [HailoRT] [info] [queue_elements.cpp:800] [create] Created (UserBuffQEl14scrfd_2_5g/conv49 | timeout: 10s)
[2025-06-28 10:09:34.381] [844074] [HailoRT] [info] [vstream.cpp:1114] [OutputVStreamImpl] Creating scrfd_2_5g/conv49...
[2025-06-28 10:09:34.381] [844074] [HailoRT] [info] [vstream_builder.cpp:220] [create_outputs] Output pipeline 'scrfd_2_5g/conv49': HW >> (HwReadEl14scrfd_2_5g/conv49 | hw_frame_size: 3200) >> (UserBuffQEl14scrfd_2_5g/conv49 | timeout: 10s)
[2025-06-28 10:09:34.381] [844074] [HailoRT] [info] [edge_elements.cpp:287] [create] Created (HwReadEl12scrfd_2_5g/conv50 | hw_frame_size: 12800)
[2025-06-28 10:09:34.381] [844074] [HailoRT] [info] [queue_elements.cpp:800] [create] Created (UserBuffQEl12scrfd_2_5g/conv50 | timeout: 10s)
[2025-06-28 10:09:34.381] [844074] [HailoRT] [info] [vstream.cpp:1114] [OutputVStreamImpl] Creating scrfd_2_5g/conv50...
[2025-06-28 10:09:34.381] [844074] [HailoRT] [info] [vstream_builder.cpp:220] [create_outputs] Output pipeline 'scrfd_2_5g/conv50': HW >> (HwReadEl12scrfd_2_5g/conv50 | hw_frame_size: 12800) >> (UserBuffQEl12scrfd_2_5g/conv50 | timeout: 10s)
[2025-06-28 10:09:34.381] [844074] [HailoRT] [info] [edge_elements.cpp:287] [create] Created (HwReadEl1scrfd_2_5g/conv51 | hw_frame_size: 38400)
[2025-06-28 10:09:34.381] [844074] [HailoRT] [info] [queue_elements.cpp:657] [create] Created (PullQEl_hw_read1scrfd_2_5g/conv51)
[2025-06-28 10:09:34.381] [844074] [HailoRT] [info] [filter_elements.cpp:375] [create] Created (PostInferEl1scrfd_2_5g/conv51 | Reorder - src_order: FCR, src_shape: (40, 40, 24), dst_order: FCR, dst_shape: (40, 40, 20))
[2025-06-28 10:09:34.381] [844074] [HailoRT] [info] [queue_elements.cpp:800] [create] Created (UserBuffQEl1scrfd_2_5g/conv51 | timeout: 10s)
[2025-06-28 10:09:34.381] [844074] [HailoRT] [info] [vstream.cpp:1114] [OutputVStreamImpl] Creating scrfd_2_5g/conv51...
[2025-06-28 10:09:34.381] [844074] [HailoRT] [info] [vstream_builder.cpp:220] [create_outputs] Output pipeline 'scrfd_2_5g/conv51': HW >> (HwReadEl1scrfd_2_5g/conv51 | hw_frame_size: 38400) >> (PullQEl_hw_read1scrfd_2_5g/conv51) >> (PostInferEl1scrfd_2_5g/conv51 | Reorder - src_order: FCR, src_shape: (40, 40, 24), dst_order: FCR, dst_shape: (40, 40, 20)) >> (UserBuffQEl1scrfd_2_5g/conv51 | timeout: 10s)
[2025-06-28 10:09:34.381] [844074] [HailoRT] [info] [edge_elements.cpp:287] [create] Created (HwReadEl10scrfd_2_5g/conv55 | hw_frame_size: 800)
[2025-06-28 10:09:34.381] [844074] [HailoRT] [info] [queue_elements.cpp:657] [create] Created (PullQEl_hw_read10scrfd_2_5g/conv55)
[2025-06-28 10:09:34.381] [844074] [HailoRT] [info] [filter_elements.cpp:375] [create] Created (PostInferEl10scrfd_2_5g/conv55 | Reorder - src_order: NHCW, src_shape: (20, 20, 2), dst_order: NHWC, dst_shape: (20, 20, 2))
[2025-06-28 10:09:34.381] [844074] [HailoRT] [info] [queue_elements.cpp:800] [create] Created (UserBuffQEl10scrfd_2_5g/conv55 | timeout: 10s)
[2025-06-28 10:09:34.381] [844074] [HailoRT] [info] [vstream.cpp:1114] [OutputVStreamImpl] Creating scrfd_2_5g/conv55...
[2025-06-28 10:09:34.381] [844074] [HailoRT] [info] [vstream_builder.cpp:220] [create_outputs] Output pipeline 'scrfd_2_5g/conv55': HW >> (HwReadEl10scrfd_2_5g/conv55 | hw_frame_size: 800) >> (PullQEl_hw_read10scrfd_2_5g/conv55) >> (PostInferEl10scrfd_2_5g/conv55 | Reorder - src_order: NHCW, src_shape: (20, 20, 2), dst_order: NHWC, dst_shape: (20, 20, 2)) >> (UserBuffQEl10scrfd_2_5g/conv55 | timeout: 10s)
[2025-06-28 10:09:34.381] [844074] [HailoRT] [info] [edge_elements.cpp:287] [create] Created (HwReadEl9scrfd_2_5g/conv56 | hw_frame_size: 3200)
[2025-06-28 10:09:34.381] [844074] [HailoRT] [info] [queue_elements.cpp:657] [create] Created (PullQEl_hw_read9scrfd_2_5g/conv56)
[2025-06-28 10:09:34.381] [844074] [HailoRT] [info] [filter_elements.cpp:375] [create] Created (PostInferEl9scrfd_2_5g/conv56 | Reorder - src_order: NHCW, src_shape: (20, 20, 8), dst_order: NHWC, dst_shape: (20, 20, 8))
[2025-06-28 10:09:34.381] [844074] [HailoRT] [info] [queue_elements.cpp:800] [create] Created (UserBuffQEl9scrfd_2_5g/conv56 | timeout: 10s)
[2025-06-28 10:09:34.381] [844074] [HailoRT] [info] [vstream.cpp:1114] [OutputVStreamImpl] Creating scrfd_2_5g/conv56...
[2025-06-28 10:09:34.381] [844074] [HailoRT] [info] [vstream_builder.cpp:220] [create_outputs] Output pipeline 'scrfd_2_5g/conv56': HW >> (HwReadEl9scrfd_2_5g/conv56 | hw_frame_size: 3200) >> (PullQEl_hw_read9scrfd_2_5g/conv56) >> (PostInferEl9scrfd_2_5g/conv56 | Reorder - src_order: NHCW, src_shape: (20, 20, 8), dst_order: NHWC, dst_shape: (20, 20, 8)) >> (UserBuffQEl9scrfd_2_5g/conv56 | timeout: 10s)
[2025-06-28 10:09:34.381] [844074] [HailoRT] [info] [edge_elements.cpp:287] [create] Created (HwReadEl13scrfd_2_5g/conv57 | hw_frame_size: 9600)
[2025-06-28 10:09:34.382] [844074] [HailoRT] [info] [queue_elements.cpp:657] [create] Created (PullQEl_hw_read13scrfd_2_5g/conv57)
[2025-06-28 10:09:34.382] [844074] [HailoRT] [info] [filter_elements.cpp:375] [create] Created (PostInferEl13scrfd_2_5g/conv57 | Reorder - src_order: FCR, src_shape: (20, 20, 24), dst_order: FCR, dst_shape: (20, 20, 20))
[2025-06-28 10:09:34.382] [844074] [HailoRT] [info] [queue_elements.cpp:800] [create] Created (UserBuffQEl13scrfd_2_5g/conv57 | timeout: 10s)
[2025-06-28 10:09:34.382] [844074] [HailoRT] [info] [vstream.cpp:1114] [OutputVStreamImpl] Creating scrfd_2_5g/conv57...
[2025-06-28 10:09:34.382] [844074] [HailoRT] [info] [vstream_builder.cpp:220] [create_outputs] Output pipeline 'scrfd_2_5g/conv57': HW >> (HwReadEl13scrfd_2_5g/conv57 | hw_frame_size: 9600) >> (PullQEl_hw_read13scrfd_2_5g/conv57) >> (PostInferEl13scrfd_2_5g/conv57 | Reorder - src_order: FCR, src_shape: (20, 20, 24), dst_order: FCR, dst_shape: (20, 20, 20)) >> (UserBuffQEl13scrfd_2_5g/conv57 | timeout: 10s)
[2025-06-28 10:09:35.351] [844112] [HailoRT] [info] [hef.cpp:1929] [get_network_group_and_network_name] No name was given. Addressing all networks of default network_group: arcface_mobilefacenet
[2025-06-28 10:09:35.352] [844112] [HailoRT] [info] [internal_buffer_manager.cpp:204] [print_execution_results] Planned internal buffer memory: CMA memory 0, user memory 50688. memory to edge layer usage factor is 1
[2025-06-28 10:09:35.352] [844112] [HailoRT] [info] [internal_buffer_manager.cpp:212] [print_execution_results] Default Internal buffer planner executed successfully
[2025-06-28 10:09:35.364] [844112] [HailoRT] [info] [device_internal.cpp:57] [configure] Configuring HEF took 13.627965 milliseconds
[2025-06-28 10:09:35.367] [844112] [HailoRT] [info] [vdevice.cpp:749] [configure] Configuring HEF on VDevice took 15.960428 milliseconds
[2025-06-28 10:09:35.367] [844112] [HailoRT] [info] [edge_elements.cpp:52] [create] Created (HwWriteEl1arcface_mobilefacenet/input_layer1 | hw_frame_size: 37632)
[2025-06-28 10:09:35.367] [844112] [HailoRT] [info] [vstream.cpp:754] [InputVStreamImpl] Creating arcface_mobilefacenet/input_layer1...
[2025-06-28 10:09:35.367] [844112] [HailoRT] [info] [vstream_builder.cpp:102] [create_inputs] Input pipeline 'arcface_mobilefacenet/input_layer1': (HwWriteEl1arcface_mobilefacenet/input_layer1 | hw_frame_size: 37632) >> HW
[2025-06-28 10:09:35.367] [844112] [HailoRT] [info] [edge_elements.cpp:287] [create] Created (HwReadEl0arcface_mobilefacenet/fc1 | hw_frame_size: 512)
[2025-06-28 10:09:35.367] [844112] [HailoRT] [info] [queue_elements.cpp:800] [create] Created (UserBuffQEl0arcface_mobilefacenet/fc1 | timeout: 10s)
[2025-06-28 10:09:35.367] [844112] [HailoRT] [info] [vstream.cpp:1114] [OutputVStreamImpl] Creating arcface_mobilefacenet/fc1...
[2025-06-28 10:09:35.367] [844112] [HailoRT] [info] [vstream_builder.cpp:220] [create_outputs] Output pipeline 'arcface_mobilefacenet/fc1': HW >> (HwReadEl0arcface_mobilefacenet/fc1 | hw_frame_size: 512) >> (UserBuffQEl0arcface_mobilefacenet/fc1 | timeout: 10s)
[2025-06-28 10:09:58.664] [847114] [HailoRT] [info] [vdevice.cpp:523] [create] Creating vdevice with params: device_count: 1, scheduling_algorithm: ROUND_ROBIN, multi_process_service: false
[2025-06-28 10:09:58.675] [847114] [HailoRT] [info] [device.cpp:49] [Device] OS Version: Linux 6.12.20+rpt-rpi-2712 #1 SMP PREEMPT Debian 1:6.12.20-1+rpt1~bpo12+1 (2025-03-19) aarch64
[2025-06-28 10:09:58.677] [847114] [HailoRT] [info] [control.cpp:108] [control__parse_identify_results] firmware_version is: 4.20.0
[2025-06-28 10:09:58.677] [847114] [HailoRT] [info] [vdevice.cpp:651] [create] VDevice Infos: 0001:01:00.0
[2025-06-28 10:09:58.703] [847167] [HailoRT] [info] [hef.cpp:1929] [get_network_group_and_network_name] No name was given. Addressing all networks of default network_group: scrfd_2_5g
[2025-06-28 10:09:58.710] [847167] [HailoRT] [info] [internal_buffer_manager.cpp:204] [print_execution_results] Planned internal buffer memory: CMA memory 0, user memory 462336. memory to edge layer usage factor is 1
[2025-06-28 10:09:58.710] [847167] [HailoRT] [info] [internal_buffer_manager.cpp:212] [print_execution_results] Default Internal buffer planner executed successfully
[2025-06-28 10:09:58.720] [847167] [HailoRT] [info] [device_internal.cpp:57] [configure] Configuring HEF took 16.594466 milliseconds
[2025-06-28 10:09:58.731] [847167] [HailoRT] [info] [vdevice.cpp:749] [configure] Configuring HEF on VDevice took 27.858134 milliseconds
[2025-06-28 10:09:58.732] [847167] [HailoRT] [info] [edge_elements.cpp:52] [create] Created (HwWriteEl3scrfd_2_5g/input_layer1 | hw_frame_size: 1228800)
[2025-06-28 10:09:58.732] [847167] [HailoRT] [info] [vstream.cpp:754] [InputVStreamImpl] Creating scrfd_2_5g/input_layer1...
[2025-06-28 10:09:58.732] [847167] [HailoRT] [info] [vstream_builder.cpp:102] [create_inputs] Input pipeline 'scrfd_2_5g/input_layer1': (HwWriteEl3scrfd_2_5g/input_layer1 | hw_frame_size: 1228800) >> HW
[2025-06-28 10:09:58.732] [847167] [HailoRT] [info] [edge_elements.cpp:287] [create] Created (HwReadEl3scrfd_2_5g/conv42 | hw_frame_size: 12800)
[2025-06-28 10:09:58.732] [847167] [HailoRT] [info] [queue_elements.cpp:800] [create] Created (UserBuffQEl3scrfd_2_5g/conv42 | timeout: 10s)
[2025-06-28 10:09:58.732] [847167] [HailoRT] [info] [vstream.cpp:1114] [OutputVStreamImpl] Creating scrfd_2_5g/conv42...
[2025-06-28 10:09:58.732] [847167] [HailoRT] [info] [vstream_builder.cpp:220] [create_outputs] Output pipeline 'scrfd_2_5g/conv42': HW >> (HwReadEl3scrfd_2_5g/conv42 | hw_frame_size: 12800) >> (UserBuffQEl3scrfd_2_5g/conv42 | timeout: 10s)
[2025-06-28 10:09:58.732] [847167] [HailoRT] [info] [edge_elements.cpp:287] [create] Created (HwReadEl0scrfd_2_5g/conv43 | hw_frame_size: 51200)
[2025-06-28 10:09:58.732] [847167] [HailoRT] [info] [queue_elements.cpp:800] [create] Created (UserBuffQEl0scrfd_2_5g/conv43 | timeout: 10s)
[2025-06-28 10:09:58.732] [847167] [HailoRT] [info] [vstream.cpp:1114] [OutputVStreamImpl] Creating scrfd_2_5g/conv43...
[2025-06-28 10:09:58.732] [847167] [HailoRT] [info] [vstream_builder.cpp:220] [create_outputs] Output pipeline 'scrfd_2_5g/conv43': HW >> (HwReadEl0scrfd_2_5g/conv43 | hw_frame_size: 51200) >> (UserBuffQEl0scrfd_2_5g/conv43 | timeout: 10s)
[2025-06-28 10:09:58.732] [847167] [HailoRT] [info] [edge_elements.cpp:287] [create] Created (HwReadEl2scrfd_2_5g/conv44 | hw_frame_size: 153600)
[2025-06-28 10:09:58.732] [847167] [HailoRT] [info] [queue_elements.cpp:657] [create] Created (PullQEl_hw_read2scrfd_2_5g/conv44)
[2025-06-28 10:09:58.732] [847167] [HailoRT] [info] [filter_elements.cpp:375] [create] Created (PostInferEl2scrfd_2_5g/conv44 | Reorder - src_order: FCR, src_shape: (80, 80, 24), dst_order: FCR, dst_shape: (80, 80, 20))
[2025-06-28 10:09:58.732] [847167] [HailoRT] [info] [queue_elements.cpp:800] [create] Created (UserBuffQEl2scrfd_2_5g/conv44 | timeout: 10s)
[2025-06-28 10:09:58.732] [847167] [HailoRT] [info] [vstream.cpp:1114] [OutputVStreamImpl] Creating scrfd_2_5g/conv44...
[2025-06-28 10:09:58.732] [847167] [HailoRT] [info] [vstream_builder.cpp:220] [create_outputs] Output pipeline 'scrfd_2_5g/conv44': HW >> (HwReadEl2scrfd_2_5g/conv44 | hw_frame_size: 153600) >> (PullQEl_hw_read2scrfd_2_5g/conv44) >> (PostInferEl2scrfd_2_5g/conv44 | Reorder - src_order: FCR, src_shape: (80, 80, 24), dst_order: FCR, dst_shape: (80, 80, 20)) >> (UserBuffQEl2scrfd_2_5g/conv44 | timeout: 10s)
[2025-06-28 10:09:58.733] [847167] [HailoRT] [info] [edge_elements.cpp:287] [create] Created (HwReadEl14scrfd_2_5g/conv49 | hw_frame_size: 3200)
[2025-06-28 10:09:58.733] [847167] [HailoRT] [info] [queue_elements.cpp:800] [create] Created (UserBuffQEl14scrfd_2_5g/conv49 | timeout: 10s)
[2025-06-28 10:09:58.733] [847167] [HailoRT] [info] [vstream.cpp:1114] [OutputVStreamImpl] Creating scrfd_2_5g/conv49...
[2025-06-28 10:09:58.733] [847167] [HailoRT] [info] [vstream_builder.cpp:220] [create_outputs] Output pipeline 'scrfd_2_5g/conv49': HW >> (HwReadEl14scrfd_2_5g/conv49 | hw_frame_size: 3200) >> (UserBuffQEl14scrfd_2_5g/conv49 | timeout: 10s)
[2025-06-28 10:09:58.733] [847167] [HailoRT] [info] [edge_elements.cpp:287] [create] Created (HwReadEl12scrfd_2_5g/conv50 | hw_frame_size: 12800)
[2025-06-28 10:09:58.733] [847167] [HailoRT] [info] [queue_elements.cpp:800] [create] Created (UserBuffQEl12scrfd_2_5g/conv50 | timeout: 10s)
[2025-06-28 10:09:58.733] [847167] [HailoRT] [info] [vstream.cpp:1114] [OutputVStreamImpl] Creating scrfd_2_5g/conv50...
[2025-06-28 10:09:58.733] [847167] [HailoRT] [info] [vstream_builder.cpp:220] [create_outputs] Output pipeline 'scrfd_2_5g/conv50': HW >> (HwReadEl12scrfd_2_5g/conv50 | hw_frame_size: 12800) >> (UserBuffQEl12scrfd_2_5g/conv50 | timeout: 10s)
[2025-06-28 10:09:58.733] [847167] [HailoRT] [info] [edge_elements.cpp:287] [create] Created (HwReadEl1scrfd_2_5g/conv51 | hw_frame_size: 38400)
[2025-06-28 10:09:58.733] [847167] [HailoRT] [info] [queue_elements.cpp:657] [create] Created (PullQEl_hw_read1scrfd_2_5g/conv51)
[2025-06-28 10:09:58.733] [847167] [HailoRT] [info] [filter_elements.cpp:375] [create] Created (PostInferEl1scrfd_2_5g/conv51 | Reorder - src_order: FCR, src_shape: (40, 40, 24), dst_order: FCR, dst_shape: (40, 40, 20))
[2025-06-28 10:09:58.733] [847167] [HailoRT] [info] [queue_elements.cpp:800] [create] Created (UserBuffQEl1scrfd_2_5g/conv51 | timeout: 10s)
[2025-06-28 10:09:58.733] [847167] [HailoRT] [info] [vstream.cpp:1114] [OutputVStreamImpl] Creating scrfd_2_5g/conv51...
[2025-06-28 10:09:58.733] [847167] [HailoRT] [info] [vstream_builder.cpp:220] [create_outputs] Output pipeline 'scrfd_2_5g/conv51': HW >> (HwReadEl1scrfd_2_5g/conv51 | hw_frame_size: 38400) >> (PullQEl_hw_read1scrfd_2_5g/conv51) >> (PostInferEl1scrfd_2_5g/conv51 | Reorder - src_order: FCR, src_shape: (40, 40, 24), dst_order: FCR, dst_shape: (40, 40, 20)) >> (UserBuffQEl1scrfd_2_5g/conv51 | timeout: 10s)
[2025-06-28 10:09:58.733] [847167] [HailoRT] [info] [edge_elements.cpp:287] [create] Created (HwReadEl10scrfd_2_5g/conv55 | hw_frame_size: 800)
[2025-06-28 10:09:58.733] [847167] [HailoRT] [info] [queue_elements.cpp:657] [create] Created (PullQEl_hw_read10scrfd_2_5g/conv55)
[2025-06-28 10:09:58.733] [847167] [HailoRT] [info] [filter_elements.cpp:375] [create] Created (PostInferEl10scrfd_2_5g/conv55 | Reorder - src_order: NHCW, src_shape: (20, 20, 2), dst_order: NHWC, dst_shape: (20, 20, 2))
[2025-06-28 10:09:58.733] [847167] [HailoRT] [info] [queue_elements.cpp:800] [create] Created (UserBuffQEl10scrfd_2_5g/conv55 | timeout: 10s)
[2025-06-28 10:09:58.733] [847167] [HailoRT] [info] [vstream.cpp:1114] [OutputVStreamImpl] Creating scrfd_2_5g/conv55...
[2025-06-28 10:09:58.733] [847167] [HailoRT] [info] [vstream_builder.cpp:220] [create_outputs] Output pipeline 'scrfd_2_5g/conv55': HW >> (HwReadEl10scrfd_2_5g/conv55 | hw_frame_size: 800) >> (PullQEl_hw_read10scrfd_2_5g/conv55) >> (PostInferEl10scrfd_2_5g/conv55 | Reorder - src_order: NHCW, src_shape: (20, 20, 2), dst_order: NHWC, dst_shape: (20, 20, 2)) >> (UserBuffQEl10scrfd_2_5g/conv55 | timeout: 10s)
[2025-06-28 10:09:58.733] [847167] [HailoRT] [info] [edge_elements.cpp:287] [create] Created (HwReadEl9scrfd_2_5g/conv56 | hw_frame_size: 3200)
[2025-06-28 10:09:58.733] [847167] [HailoRT] [info] [queue_elements.cpp:657] [create] Created (PullQEl_hw_read9scrfd_2_5g/conv56)
[2025-06-28 10:09:58.733] [847167] [HailoRT] [info] [filter_elements.cpp:375] [create] Created (PostInferEl9scrfd_2_5g/conv56 | Reorder - src_order: NHCW, src_shape: (20, 20, 8), dst_order: NHWC, dst_shape: (20, 20, 8))
[2025-06-28 10:09:58.733] [847167] [HailoRT] [info] [queue_elements.cpp:800] [create] Created (UserBuffQEl9scrfd_2_5g/conv56 | timeout: 10s)
[2025-06-28 10:09:58.733] [847167] [HailoRT] [info] [vstream.cpp:1114] [OutputVStreamImpl] Creating scrfd_2_5g/conv56...
[2025-06-28 10:09:58.733] [847167] [HailoRT] [info] [vstream_builder.cpp:220] [create_outputs] Output pipeline 'scrfd_2_5g/conv56': HW >> (HwReadEl9scrfd_2_5g/conv56 | hw_frame_size: 3200) >> (PullQEl_hw_read9scrfd_2_5g/conv56) >> (PostInferEl9scrfd_2_5g/conv56 | Reorder - src_order: NHCW, src_shape: (20, 20, 8), dst_order: NHWC, dst_shape: (20, 20, 8)) >> (UserBuffQEl9scrfd_2_5g/conv56 | timeout: 10s)
[2025-06-28 10:09:58.734] [847167] [HailoRT] [info] [edge_elements.cpp:287] [create] Created (HwReadEl13scrfd_2_5g/conv57 | hw_frame_size: 9600)
[2025-06-28 10:09:58.734] [847167] [HailoRT] [info] [queue_elements.cpp:657] [create] Created (PullQEl_hw_read13scrfd_2_5g/conv57)
[2025-06-28 10:09:58.734] [847167] [HailoRT] [info] [filter_elements.cpp:375] [create] Created (PostInferEl13scrfd_2_5g/conv57 | Reorder - src_order: FCR, src_shape: (20, 20, 24), dst_order: FCR, dst_shape: (20, 20, 20))
[2025-06-28 10:09:58.734] [847167] [HailoRT] [info] [queue_elements.cpp:800] [create] Created (UserBuffQEl13scrfd_2_5g/conv57 | timeout: 10s)
[2025-06-28 10:09:58.734] [847167] [HailoRT] [info] [vstream.cpp:1114] [OutputVStreamImpl] Creating scrfd_2_5g/conv57...
[2025-06-28 10:09:58.734] [847167] [HailoRT] [info] [vstream_builder.cpp:220] [create_outputs] Output pipeline 'scrfd_2_5g/conv57': HW >> (HwReadEl13scrfd_2_5g/conv57 | hw_frame_size: 9600) >> (PullQEl_hw_read13scrfd_2_5g/conv57) >> (PostInferEl13scrfd_2_5g/conv57 | Reorder - src_order: FCR, src_shape: (20, 20, 24), dst_order: FCR, dst_shape: (20, 20, 20)) >> (UserBuffQEl13scrfd_2_5g/conv57 | timeout: 10s)
[2025-06-28 10:09:59.703] [847205] [HailoRT] [info] [hef.cpp:1929] [get_network_group_and_network_name] No name was given. Addressing all networks of default network_group: arcface_mobilefacenet
[2025-06-28 10:09:59.704] [847205] [HailoRT] [info] [internal_buffer_manager.cpp:204] [print_execution_results] Planned internal buffer memory: CMA memory 0, user memory 50688. memory to edge layer usage factor is 1
[2025-06-28 10:09:59.704] [847205] [HailoRT] [info] [internal_buffer_manager.cpp:212] [print_execution_results] Default Internal buffer planner executed successfully
[2025-06-28 10:09:59.714] [847205] [HailoRT] [info] [device_internal.cpp:57] [configure] Configuring HEF took 10.447798 milliseconds
[2025-06-28 10:09:59.716] [847205] [HailoRT] [info] [vdevice.cpp:749] [configure] Configuring HEF on VDevice took 12.715354 milliseconds
[2025-06-28 10:09:59.716] [847205] [HailoRT] [info] [edge_elements.cpp:52] [create] Created (HwWriteEl1arcface_mobilefacenet/input_layer1 | hw_frame_size: 37632)
[2025-06-28 10:09:59.716] [847205] [HailoRT] [info] [vstream.cpp:754] [InputVStreamImpl] Creating arcface_mobilefacenet/input_layer1...
[2025-06-28 10:09:59.716] [847205] [HailoRT] [info] [vstream_builder.cpp:102] [create_inputs] Input pipeline 'arcface_mobilefacenet/input_layer1': (HwWriteEl1arcface_mobilefacenet/input_layer1 | hw_frame_size: 37632) >> HW
[2025-06-28 10:09:59.721] [847205] [HailoRT] [info] [edge_elements.cpp:287] [create] Created (HwReadEl0arcface_mobilefacenet/fc1 | hw_frame_size: 512)
[2025-06-28 10:09:59.722] [847205] [HailoRT] [info] [queue_elements.cpp:800] [create] Created (UserBuffQEl0arcface_mobilefacenet/fc1 | timeout: 10s)
[2025-06-28 10:09:59.722] [847205] [HailoRT] [info] [vstream.cpp:1114] [OutputVStreamImpl] Creating arcface_mobilefacenet/fc1...
[2025-06-28 10:09:59.722] [847205] [HailoRT] [info] [vstream_builder.cpp:220] [create_outputs] Output pipeline 'arcface_mobilefacenet/fc1': HW >> (HwReadEl0arcface_mobilefacenet/fc1 | hw_frame_size: 512) >> (UserBuffQEl0arcface_mobilefacenet/fc1 | timeout: 10s)
[2025-06-28 10:10:51.746] [854149] [HailoRT] [info] [vdevice.cpp:523] [create] Creating vdevice with params: device_count: 1, scheduling_algorithm: ROUND_ROBIN, multi_process_service: false
[2025-06-28 10:10:51.759] [854149] [HailoRT] [info] [device.cpp:49] [Device] OS Version: Linux 6.12.20+rpt-rpi-2712 #1 SMP PREEMPT Debian 1:6.12.20-1+rpt1~bpo12+1 (2025-03-19) aarch64
[2025-06-28 10:10:51.760] [854149] [HailoRT] [info] [control.cpp:108] [control__parse_identify_results] firmware_version is: 4.20.0
[2025-06-28 10:10:51.760] [854149] [HailoRT] [info] [vdevice.cpp:651] [create] VDevice Infos: 0001:01:00.0
[2025-06-28 10:10:51.786] [854200] [HailoRT] [info] [hef.cpp:1929] [get_network_group_and_network_name] No name was given. Addressing all networks of default network_group: scrfd_2_5g
[2025-06-28 10:10:51.792] [854200] [HailoRT] [info] [internal_buffer_manager.cpp:204] [print_execution_results] Planned internal buffer memory: CMA memory 0, user memory 462336. memory to edge layer usage factor is 1
[2025-06-28 10:10:51.792] [854200] [HailoRT] [info] [internal_buffer_manager.cpp:212] [print_execution_results] Default Internal buffer planner executed successfully
[2025-06-28 10:10:51.803] [854200] [HailoRT] [info] [device_internal.cpp:57] [configure] Configuring HEF took 16.903151 milliseconds
[2025-06-28 10:10:51.815] [854200] [HailoRT] [info] [vdevice.cpp:749] [configure] Configuring HEF on VDevice took 28.608708 milliseconds
[2025-06-28 10:10:51.815] [854200] [HailoRT] [info] [edge_elements.cpp:52] [create] Created (HwWriteEl3scrfd_2_5g/input_layer1 | hw_frame_size: 1228800)
[2025-06-28 10:10:51.815] [854200] [HailoRT] [info] [vstream.cpp:754] [InputVStreamImpl] Creating scrfd_2_5g/input_layer1...
[2025-06-28 10:10:51.815] [854200] [HailoRT] [info] [vstream_builder.cpp:102] [create_inputs] Input pipeline 'scrfd_2_5g/input_layer1': (HwWriteEl3scrfd_2_5g/input_layer1 | hw_frame_size: 1228800) >> HW
[2025-06-28 10:10:51.815] [854200] [HailoRT] [info] [edge_elements.cpp:287] [create] Created (HwReadEl3scrfd_2_5g/conv42 | hw_frame_size: 12800)
[2025-06-28 10:10:51.815] [854200] [HailoRT] [info] [queue_elements.cpp:800] [create] Created (UserBuffQEl3scrfd_2_5g/conv42 | timeout: 10s)
[2025-06-28 10:10:51.815] [854200] [HailoRT] [info] [vstream.cpp:1114] [OutputVStreamImpl] Creating scrfd_2_5g/conv42...
[2025-06-28 10:10:51.815] [854200] [HailoRT] [info] [vstream_builder.cpp:220] [create_outputs] Output pipeline 'scrfd_2_5g/conv42': HW >> (HwReadEl3scrfd_2_5g/conv42 | hw_frame_size: 12800) >> (UserBuffQEl3scrfd_2_5g/conv42 | timeout: 10s)
[2025-06-28 10:10:51.815] [854200] [HailoRT] [info] [edge_elements.cpp:287] [create] Created (HwReadEl0scrfd_2_5g/conv43 | hw_frame_size: 51200)
[2025-06-28 10:10:51.815] [854200] [HailoRT] [info] [queue_elements.cpp:800] [create] Created (UserBuffQEl0scrfd_2_5g/conv43 | timeout: 10s)
[2025-06-28 10:10:51.815] [854200] [HailoRT] [info] [vstream.cpp:1114] [OutputVStreamImpl] Creating scrfd_2_5g/conv43...
[2025-06-28 10:10:51.815] [854200] [HailoRT] [info] [vstream_builder.cpp:220] [create_outputs] Output pipeline 'scrfd_2_5g/conv43': HW >> (HwReadEl0scrfd_2_5g/conv43 | hw_frame_size: 51200) >> (UserBuffQEl0scrfd_2_5g/conv43 | timeout: 10s)
[2025-06-28 10:10:51.815] [854200] [HailoRT] [info] [edge_elements.cpp:287] [create] Created (HwReadEl2scrfd_2_5g/conv44 | hw_frame_size: 153600)
[2025-06-28 10:10:51.815] [854200] [HailoRT] [info] [queue_elements.cpp:657] [create] Created (PullQEl_hw_read2scrfd_2_5g/conv44)
[2025-06-28 10:10:51.815] [854200] [HailoRT] [info] [filter_elements.cpp:375] [create] Created (PostInferEl2scrfd_2_5g/conv44 | Reorder - src_order: FCR, src_shape: (80, 80, 24), dst_order: FCR, dst_shape: (80, 80, 20))
[2025-06-28 10:10:51.816] [854200] [HailoRT] [info] [queue_elements.cpp:800] [create] Created (UserBuffQEl2scrfd_2_5g/conv44 | timeout: 10s)
[2025-06-28 10:10:51.816] [854200] [HailoRT] [info] [vstream.cpp:1114] [OutputVStreamImpl] Creating scrfd_2_5g/conv44...
[2025-06-28 10:10:51.816] [854200] [HailoRT] [info] [vstream_builder.cpp:220] [create_outputs] Output pipeline 'scrfd_2_5g/conv44': HW >> (HwReadEl2scrfd_2_5g/conv44 | hw_frame_size: 153600) >> (PullQEl_hw_read2scrfd_2_5g/conv44) >> (PostInferEl2scrfd_2_5g/conv44 | Reorder - src_order: FCR, src_shape: (80, 80, 24), dst_order: FCR, dst_shape: (80, 80, 20)) >> (UserBuffQEl2scrfd_2_5g/conv44 | timeout: 10s)
[2025-06-28 10:10:51.816] [854200] [HailoRT] [info] [edge_elements.cpp:287] [create] Created (HwReadEl14scrfd_2_5g/conv49 | hw_frame_size: 3200)
[2025-06-28 10:10:51.816] [854200] [HailoRT] [info] [queue_elements.cpp:800] [create] Created (UserBuffQEl14scrfd_2_5g/conv49 | timeout: 10s)
[2025-06-28 10:10:51.816] [854200] [HailoRT] [info] [vstream.cpp:1114] [OutputVStreamImpl] Creating scrfd_2_5g/conv49...
[2025-06-28 10:10:51.816] [854200] [HailoRT] [info] [vstream_builder.cpp:220] [create_outputs] Output pipeline 'scrfd_2_5g/conv49': HW >> (HwReadEl14scrfd_2_5g/conv49 | hw_frame_size: 3200) >> (UserBuffQEl14scrfd_2_5g/conv49 | timeout: 10s)
[2025-06-28 10:10:51.816] [854200] [HailoRT] [info] [edge_elements.cpp:287] [create] Created (HwReadEl12scrfd_2_5g/conv50 | hw_frame_size: 12800)
[2025-06-28 10:10:51.816] [854200] [HailoRT] [info] [queue_elements.cpp:800] [create] Created (UserBuffQEl12scrfd_2_5g/conv50 | timeout: 10s)
[2025-06-28 10:10:51.816] [854200] [HailoRT] [info] [vstream.cpp:1114] [OutputVStreamImpl] Creating scrfd_2_5g/conv50...
[2025-06-28 10:10:51.816] [854200] [HailoRT] [info] [vstream_builder.cpp:220] [create_outputs] Output pipeline 'scrfd_2_5g/conv50': HW >> (HwReadEl12scrfd_2_5g/conv50 | hw_frame_size: 12800) >> (UserBuffQEl12scrfd_2_5g/conv50 | timeout: 10s)
[2025-06-28 10:10:51.816] [854200] [HailoRT] [info] [edge_elements.cpp:287] [create] Created (HwReadEl1scrfd_2_5g/conv51 | hw_frame_size: 38400)
[2025-06-28 10:10:51.816] [854200] [HailoRT] [info] [queue_elements.cpp:657] [create] Created (PullQEl_hw_read1scrfd_2_5g/conv51)
[2025-06-28 10:10:51.816] [854200] [HailoRT] [info] [filter_elements.cpp:375] [create] Created (PostInferEl1scrfd_2_5g/conv51 | Reorder - src_order: FCR, src_shape: (40, 40, 24), dst_order: FCR, dst_shape: (40, 40, 20))
[2025-06-28 10:10:51.816] [854200] [HailoRT] [info] [queue_elements.cpp:800] [create] Created (UserBuffQEl1scrfd_2_5g/conv51 | timeout: 10s)
[2025-06-28 10:10:51.816] [854200] [HailoRT] [info] [vstream.cpp:1114] [OutputVStreamImpl] Creating scrfd_2_5g/conv51...
[2025-06-28 10:10:51.816] [854200] [HailoRT] [info] [vstream_builder.cpp:220] [create_outputs] Output pipeline 'scrfd_2_5g/conv51': HW >> (HwReadEl1scrfd_2_5g/conv51 | hw_frame_size: 38400) >> (PullQEl_hw_read1scrfd_2_5g/conv51) >> (PostInferEl1scrfd_2_5g/conv51 | Reorder - src_order: FCR, src_shape: (40, 40, 24), dst_order: FCR, dst_shape: (40, 40, 20)) >> (UserBuffQEl1scrfd_2_5g/conv51 | timeout: 10s)
[2025-06-28 10:10:51.816] [854200] [HailoRT] [info] [edge_elements.cpp:287] [create] Created (HwReadEl10scrfd_2_5g/conv55 | hw_frame_size: 800)
[2025-06-28 10:10:51.816] [854200] [HailoRT] [info] [queue_elements.cpp:657] [create] Created (PullQEl_hw_read10scrfd_2_5g/conv55)
[2025-06-28 10:10:51.816] [854200] [HailoRT] [info] [filter_elements.cpp:375] [create] Created (PostInferEl10scrfd_2_5g/conv55 | Reorder - src_order: NHCW, src_shape: (20, 20, 2), dst_order: NHWC, dst_shape: (20, 20, 2))
[2025-06-28 10:10:51.816] [854200] [HailoRT] [info] [queue_elements.cpp:800] [create] Created (UserBuffQEl10scrfd_2_5g/conv55 | timeout: 10s)
[2025-06-28 10:10:51.816] [854200] [HailoRT] [info] [vstream.cpp:1114] [OutputVStreamImpl] Creating scrfd_2_5g/conv55...
[2025-06-28 10:10:51.817] [854200] [HailoRT] [info] [vstream_builder.cpp:220] [create_outputs] Output pipeline 'scrfd_2_5g/conv55': HW >> (HwReadEl10scrfd_2_5g/conv55 | hw_frame_size: 800) >> (PullQEl_hw_read10scrfd_2_5g/conv55) >> (PostInferEl10scrfd_2_5g/conv55 | Reorder - src_order: NHCW, src_shape: (20, 20, 2), dst_order: NHWC, dst_shape: (20, 20, 2)) >> (UserBuffQEl10scrfd_2_5g/conv55 | timeout: 10s)
[2025-06-28 10:10:51.817] [854200] [HailoRT] [info] [edge_elements.cpp:287] [create] Created (HwReadEl9scrfd_2_5g/conv56 | hw_frame_size: 3200)
[2025-06-28 10:10:51.817] [854200] [HailoRT] [info] [queue_elements.cpp:657] [create] Created (PullQEl_hw_read9scrfd_2_5g/conv56)
[2025-06-28 10:10:51.817] [854200] [HailoRT] [info] [filter_elements.cpp:375] [create] Created (PostInferEl9scrfd_2_5g/conv56 | Reorder - src_order: NHCW, src_shape: (20, 20, 8), dst_order: NHWC, dst_shape: (20, 20, 8))
[2025-06-28 10:10:51.817] [854200] [HailoRT] [info] [queue_elements.cpp:800] [create] Created (UserBuffQEl9scrfd_2_5g/conv56 | timeout: 10s)
[2025-06-28 10:10:51.817] [854200] [HailoRT] [info] [vstream.cpp:1114] [OutputVStreamImpl] Creating scrfd_2_5g/conv56...
[2025-06-28 10:10:51.817] [854200] [HailoRT] [info] [vstream_builder.cpp:220] [create_outputs] Output pipeline 'scrfd_2_5g/conv56': HW >> (HwReadEl9scrfd_2_5g/conv56 | hw_frame_size: 3200) >> (PullQEl_hw_read9scrfd_2_5g/conv56) >> (PostInferEl9scrfd_2_5g/conv56 | Reorder - src_order: NHCW, src_shape: (20, 20, 8), dst_order: NHWC, dst_shape: (20, 20, 8)) >> (UserBuffQEl9scrfd_2_5g/conv56 | timeout: 10s)
[2025-06-28 10:10:51.817] [854200] [HailoRT] [info] [edge_elements.cpp:287] [create] Created (HwReadEl13scrfd_2_5g/conv57 | hw_frame_size: 9600)
[2025-06-28 10:10:51.817] [854200] [HailoRT] [info] [queue_elements.cpp:657] [create] Created (PullQEl_hw_read13scrfd_2_5g/conv57)
[2025-06-28 10:10:51.817] [854200] [HailoRT] [info] [filter_elements.cpp:375] [create] Created (PostInferEl13scrfd_2_5g/conv57 | Reorder - src_order: FCR, src_shape: (20, 20, 24), dst_order: FCR, dst_shape: (20, 20, 20))
[2025-06-28 10:10:51.817] [854200] [HailoRT] [info] [queue_elements.cpp:800] [create] Created (UserBuffQEl13scrfd_2_5g/conv57 | timeout: 10s)
[2025-06-28 10:10:51.817] [854200] [HailoRT] [info] [vstream.cpp:1114] [OutputVStreamImpl] Creating scrfd_2_5g/conv57...
[2025-06-28 10:10:51.817] [854200] [HailoRT] [info] [vstream_builder.cpp:220] [create_outputs] Output pipeline 'scrfd_2_5g/conv57': HW >> (HwReadEl13scrfd_2_5g/conv57 | hw_frame_size: 9600) >> (PullQEl_hw_read13scrfd_2_5g/conv57) >> (PostInferEl13scrfd_2_5g/conv57 | Reorder - src_order: FCR, src_shape: (20, 20, 24), dst_order: FCR, dst_shape: (20, 20, 20)) >> (UserBuffQEl13scrfd_2_5g/conv57 | timeout: 10s)
[2025-06-28 10:10:52.798] [854238] [HailoRT] [info] [hef.cpp:1929] [get_network_group_and_network_name] No name was given. Addressing all networks of default network_group: arcface_mobilefacenet
[2025-06-28 10:10:52.800] [854238] [HailoRT] [info] [internal_buffer_manager.cpp:204] [print_execution_results] Planned internal buffer memory: CMA memory 0, user memory 50688. memory to edge layer usage factor is 1
[2025-06-28 10:10:52.800] [854238] [HailoRT] [info] [internal_buffer_manager.cpp:212] [print_execution_results] Default Internal buffer planner executed successfully
[2025-06-28 10:10:52.816] [854238] [HailoRT] [info] [device_internal.cpp:57] [configure] Configuring HEF took 17.180503 milliseconds
[2025-06-28 10:10:52.819] [854238] [HailoRT] [info] [vdevice.cpp:749] [configure] Configuring HEF on VDevice took 20.717762 milliseconds
[2025-06-28 10:10:52.819] [854238] [HailoRT] [info] [edge_elements.cpp:52] [create] Created (HwWriteEl1arcface_mobilefacenet/input_layer1 | hw_frame_size: 37632)
[2025-06-28 10:10:52.819] [854238] [HailoRT] [info] [vstream.cpp:754] [InputVStreamImpl] Creating arcface_mobilefacenet/input_layer1...
[2025-06-28 10:10:52.819] [854238] [HailoRT] [info] [vstream_builder.cpp:102] [create_inputs] Input pipeline 'arcface_mobilefacenet/input_layer1': (HwWriteEl1arcface_mobilefacenet/input_layer1 | hw_frame_size: 37632) >> HW
[2025-06-28 10:10:52.819] [854238] [HailoRT] [info] [edge_elements.cpp:287] [create] Created (HwReadEl0arcface_mobilefacenet/fc1 | hw_frame_size: 512)
[2025-06-28 10:10:52.819] [854238] [HailoRT] [info] [queue_elements.cpp:800] [create] Created (UserBuffQEl0arcface_mobilefacenet/fc1 | timeout: 10s)
[2025-06-28 10:10:52.819] [854238] [HailoRT] [info] [vstream.cpp:1114] [OutputVStreamImpl] Creating arcface_mobilefacenet/fc1...
[2025-06-28 10:10:52.819] [854238] [HailoRT] [info] [vstream_builder.cpp:220] [create_outputs] Output pipeline 'arcface_mobilefacenet/fc1': HW >> (HwReadEl0arcface_mobilefacenet/fc1 | hw_frame_size: 512) >> (UserBuffQEl0arcface_mobilefacenet/fc1 | timeout: 10s)
[2025-06-28 10:14:12.954] [859674] [HailoRT] [info] [vdevice.cpp:523] [create] Creating vdevice with params: device_count: 1, scheduling_algorithm: ROUND_ROBIN, multi_process_service: false
[2025-06-28 10:14:12.966] [859674] [HailoRT] [info] [device.cpp:49] [Device] OS Version: Linux 6.12.20+rpt-rpi-2712 #1 SMP PREEMPT Debian 1:6.12.20-1+rpt1~bpo12+1 (2025-03-19) aarch64
[2025-06-28 10:14:12.967] [859674] [HailoRT] [info] [control.cpp:108] [control__parse_identify_results] firmware_version is: 4.20.0
[2025-06-28 10:14:12.967] [859674] [HailoRT] [info] [vdevice.cpp:651] [create] VDevice Infos: 0001:01:00.0
[2025-06-28 10:14:12.994] [859727] [HailoRT] [info] [hef.cpp:1929] [get_network_group_and_network_name] No name was given. Addressing all networks of default network_group: scrfd_2_5g
[2025-06-28 10:14:13.000] [859727] [HailoRT] [info] [internal_buffer_manager.cpp:204] [print_execution_results] Planned internal buffer memory: CMA memory 0, user memory 462336. memory to edge layer usage factor is 1
[2025-06-28 10:14:13.000] [859727] [HailoRT] [info] [internal_buffer_manager.cpp:212] [print_execution_results] Default Internal buffer planner executed successfully
[2025-06-28 10:14:13.013] [859727] [HailoRT] [info] [device_internal.cpp:57] [configure] Configuring HEF took 18.993355 milliseconds
[2025-06-28 10:14:13.024] [859727] [HailoRT] [info] [vdevice.cpp:749] [configure] Configuring HEF on VDevice took 30.148764 milliseconds
[2025-06-28 10:14:13.024] [859727] [HailoRT] [info] [edge_elements.cpp:52] [create] Created (HwWriteEl3scrfd_2_5g/input_layer1 | hw_frame_size: 1228800)
[2025-06-28 10:14:13.024] [859727] [HailoRT] [info] [vstream.cpp:754] [InputVStreamImpl] Creating scrfd_2_5g/input_layer1...
[2025-06-28 10:14:13.024] [859727] [HailoRT] [info] [vstream_builder.cpp:102] [create_inputs] Input pipeline 'scrfd_2_5g/input_layer1': (HwWriteEl3scrfd_2_5g/input_layer1 | hw_frame_size: 1228800) >> HW
[2025-06-28 10:14:13.025] [859727] [HailoRT] [info] [edge_elements.cpp:287] [create] Created (HwReadEl3scrfd_2_5g/conv42 | hw_frame_size: 12800)
[2025-06-28 10:14:13.025] [859727] [HailoRT] [info] [queue_elements.cpp:800] [create] Created (UserBuffQEl3scrfd_2_5g/conv42 | timeout: 10s)
[2025-06-28 10:14:13.025] [859727] [HailoRT] [info] [vstream.cpp:1114] [OutputVStreamImpl] Creating scrfd_2_5g/conv42...
[2025-06-28 10:14:13.025] [859727] [HailoRT] [info] [vstream_builder.cpp:220] [create_outputs] Output pipeline 'scrfd_2_5g/conv42': HW >> (HwReadEl3scrfd_2_5g/conv42 | hw_frame_size: 12800) >> (UserBuffQEl3scrfd_2_5g/conv42 | timeout: 10s)
[2025-06-28 10:14:13.025] [859727] [HailoRT] [info] [edge_elements.cpp:287] [create] Created (HwReadEl0scrfd_2_5g/conv43 | hw_frame_size: 51200)
[2025-06-28 10:14:13.025] [859727] [HailoRT] [info] [queue_elements.cpp:800] [create] Created (UserBuffQEl0scrfd_2_5g/conv43 | timeout: 10s)
[2025-06-28 10:14:13.025] [859727] [HailoRT] [info] [vstream.cpp:1114] [OutputVStreamImpl] Creating scrfd_2_5g/conv43...
[2025-06-28 10:14:13.025] [859727] [HailoRT] [info] [vstream_builder.cpp:220] [create_outputs] Output pipeline 'scrfd_2_5g/conv43': HW >> (HwReadEl0scrfd_2_5g/conv43 | hw_frame_size: 51200) >> (UserBuffQEl0scrfd_2_5g/conv43 | timeout: 10s)
[2025-06-28 10:14:13.025] [859727] [HailoRT] [info] [edge_elements.cpp:287] [create] Created (HwReadEl2scrfd_2_5g/conv44 | hw_frame_size: 153600)
[2025-06-28 10:14:13.025] [859727] [HailoRT] [info] [queue_elements.cpp:657] [create] Created (PullQEl_hw_read2scrfd_2_5g/conv44)
[2025-06-28 10:14:13.025] [859727] [HailoRT] [info] [filter_elements.cpp:375] [create] Created (PostInferEl2scrfd_2_5g/conv44 | Reorder - src_order: FCR, src_shape: (80, 80, 24), dst_order: FCR, dst_shape: (80, 80, 20))
[2025-06-28 10:14:13.025] [859727] [HailoRT] [info] [queue_elements.cpp:800] [create] Created (UserBuffQEl2scrfd_2_5g/conv44 | timeout: 10s)
[2025-06-28 10:14:13.025] [859727] [HailoRT] [info] [vstream.cpp:1114] [OutputVStreamImpl] Creating scrfd_2_5g/conv44...
[2025-06-28 10:14:13.025] [859727] [HailoRT] [info] [vstream_builder.cpp:220] [create_outputs] Output pipeline 'scrfd_2_5g/conv44': HW >> (HwReadEl2scrfd_2_5g/conv44 | hw_frame_size: 153600) >> (PullQEl_hw_read2scrfd_2_5g/conv44) >> (PostInferEl2scrfd_2_5g/conv44 | Reorder - src_order: FCR, src_shape: (80, 80, 24), dst_order: FCR, dst_shape: (80, 80, 20)) >> (UserBuffQEl2scrfd_2_5g/conv44 | timeout: 10s)
[2025-06-28 10:14:13.025] [859727] [HailoRT] [info] [edge_elements.cpp:287] [create] Created (HwReadEl14scrfd_2_5g/conv49 | hw_frame_size: 3200)
[2025-06-28 10:14:13.025] [859727] [HailoRT] [info] [queue_elements.cpp:800] [create] Created (UserBuffQEl14scrfd_2_5g/conv49 | timeout: 10s)
[2025-06-28 10:14:13.025] [859727] [HailoRT] [info] [vstream.cpp:1114] [OutputVStreamImpl] Creating scrfd_2_5g/conv49...
[2025-06-28 10:14:13.025] [859727] [HailoRT] [info] [vstream_builder.cpp:220] [create_outputs] Output pipeline 'scrfd_2_5g/conv49': HW >> (HwReadEl14scrfd_2_5g/conv49 | hw_frame_size: 3200) >> (UserBuffQEl14scrfd_2_5g/conv49 | timeout: 10s)
[2025-06-28 10:14:13.025] [859727] [HailoRT] [info] [edge_elements.cpp:287] [create] Created (HwReadEl12scrfd_2_5g/conv50 | hw_frame_size: 12800)
[2025-06-28 10:14:13.026] [859727] [HailoRT] [info] [queue_elements.cpp:800] [create] Created (UserBuffQEl12scrfd_2_5g/conv50 | timeout: 10s)
[2025-06-28 10:14:13.026] [859727] [HailoRT] [info] [vstream.cpp:1114] [OutputVStreamImpl] Creating scrfd_2_5g/conv50...
[2025-06-28 10:14:13.026] [859727] [HailoRT] [info] [vstream_builder.cpp:220] [create_outputs] Output pipeline 'scrfd_2_5g/conv50': HW >> (HwReadEl12scrfd_2_5g/conv50 | hw_frame_size: 12800) >> (UserBuffQEl12scrfd_2_5g/conv50 | timeout: 10s)
[2025-06-28 10:14:13.026] [859727] [HailoRT] [info] [edge_elements.cpp:287] [create] Created (HwReadEl1scrfd_2_5g/conv51 | hw_frame_size: 38400)
[2025-06-28 10:14:13.026] [859727] [HailoRT] [info] [queue_elements.cpp:657] [create] Created (PullQEl_hw_read1scrfd_2_5g/conv51)
[2025-06-28 10:14:13.026] [859727] [HailoRT] [info] [filter_elements.cpp:375] [create] Created (PostInferEl1scrfd_2_5g/conv51 | Reorder - src_order: FCR, src_shape: (40, 40, 24), dst_order: FCR, dst_shape: (40, 40, 20))
[2025-06-28 10:14:13.026] [859727] [HailoRT] [info] [queue_elements.cpp:800] [create] Created (UserBuffQEl1scrfd_2_5g/conv51 | timeout: 10s)
[2025-06-28 10:14:13.026] [859727] [HailoRT] [info] [vstream.cpp:1114] [OutputVStreamImpl] Creating scrfd_2_5g/conv51...
[2025-06-28 10:14:13.026] [859727] [HailoRT] [info] [vstream_builder.cpp:220] [create_outputs] Output pipeline 'scrfd_2_5g/conv51': HW >> (HwReadEl1scrfd_2_5g/conv51 | hw_frame_size: 38400) >> (PullQEl_hw_read1scrfd_2_5g/conv51) >> (PostInferEl1scrfd_2_5g/conv51 | Reorder - src_order: FCR, src_shape: (40, 40, 24), dst_order: FCR, dst_shape: (40, 40, 20)) >> (UserBuffQEl1scrfd_2_5g/conv51 | timeout: 10s)
[2025-06-28 10:14:13.026] [859727] [HailoRT] [info] [edge_elements.cpp:287] [create] Created (HwReadEl10scrfd_2_5g/conv55 | hw_frame_size: 800)
[2025-06-28 10:14:13.026] [859727] [HailoRT] [info] [queue_elements.cpp:657] [create] Created (PullQEl_hw_read10scrfd_2_5g/conv55)
[2025-06-28 10:14:13.026] [859727] [HailoRT] [info] [filter_elements.cpp:375] [create] Created (PostInferEl10scrfd_2_5g/conv55 | Reorder - src_order: NHCW, src_shape: (20, 20, 2), dst_order: NHWC, dst_shape: (20, 20, 2))
[2025-06-28 10:14:13.026] [859727] [HailoRT] [info] [queue_elements.cpp:800] [create] Created (UserBuffQEl10scrfd_2_5g/conv55 | timeout: 10s)
[2025-06-28 10:14:13.026] [859727] [HailoRT] [info] [vstream.cpp:1114] [OutputVStreamImpl] Creating scrfd_2_5g/conv55...
[2025-06-28 10:14:13.026] [859727] [HailoRT] [info] [vstream_builder.cpp:220] [create_outputs] Output pipeline 'scrfd_2_5g/conv55': HW >> (HwReadEl10scrfd_2_5g/conv55 | hw_frame_size: 800) >> (PullQEl_hw_read10scrfd_2_5g/conv55) >> (PostInferEl10scrfd_2_5g/conv55 | Reorder - src_order: NHCW, src_shape: (20, 20, 2), dst_order: NHWC, dst_shape: (20, 20, 2)) >> (UserBuffQEl10scrfd_2_5g/conv55 | timeout: 10s)
[2025-06-28 10:14:13.026] [859727] [HailoRT] [info] [edge_elements.cpp:287] [create] Created (HwReadEl9scrfd_2_5g/conv56 | hw_frame_size: 3200)
[2025-06-28 10:14:13.026] [859727] [HailoRT] [info] [queue_elements.cpp:657] [create] Created (PullQEl_hw_read9scrfd_2_5g/conv56)
[2025-06-28 10:14:13.026] [859727] [HailoRT] [info] [filter_elements.cpp:375] [create] Created (PostInferEl9scrfd_2_5g/conv56 | Reorder - src_order: NHCW, src_shape: (20, 20, 8), dst_order: NHWC, dst_shape: (20, 20, 8))
[2025-06-28 10:14:13.026] [859727] [HailoRT] [info] [queue_elements.cpp:800] [create] Created (UserBuffQEl9scrfd_2_5g/conv56 | timeout: 10s)
[2025-06-28 10:14:13.026] [859727] [HailoRT] [info] [vstream.cpp:1114] [OutputVStreamImpl] Creating scrfd_2_5g/conv56...
[2025-06-28 10:14:13.026] [859727] [HailoRT] [info] [vstream_builder.cpp:220] [create_outputs] Output pipeline 'scrfd_2_5g/conv56': HW >> (HwReadEl9scrfd_2_5g/conv56 | hw_frame_size: 3200) >> (PullQEl_hw_read9scrfd_2_5g/conv56) >> (PostInferEl9scrfd_2_5g/conv56 | Reorder - src_order: NHCW, src_shape: (20, 20, 8), dst_order: NHWC, dst_shape: (20, 20, 8)) >> (UserBuffQEl9scrfd_2_5g/conv56 | timeout: 10s)
[2025-06-28 10:14:13.026] [859727] [HailoRT] [info] [edge_elements.cpp:287] [create] Created (HwReadEl13scrfd_2_5g/conv57 | hw_frame_size: 9600)
[2025-06-28 10:14:13.027] [859727] [HailoRT] [info] [queue_elements.cpp:657] [create] Created (PullQEl_hw_read13scrfd_2_5g/conv57)
[2025-06-28 10:14:13.027] [859727] [HailoRT] [info] [filter_elements.cpp:375] [create] Created (PostInferEl13scrfd_2_5g/conv57 | Reorder - src_order: FCR, src_shape: (20, 20, 24), dst_order: FCR, dst_shape: (20, 20, 20))
[2025-06-28 10:14:13.027] [859727] [HailoRT] [info] [queue_elements.cpp:800] [create] Created (UserBuffQEl13scrfd_2_5g/conv57 | timeout: 10s)
[2025-06-28 10:14:13.027] [859727] [HailoRT] [info] [vstream.cpp:1114] [OutputVStreamImpl] Creating scrfd_2_5g/conv57...
[2025-06-28 10:14:13.027] [859727] [HailoRT] [info] [vstream_builder.cpp:220] [create_outputs] Output pipeline 'scrfd_2_5g/conv57': HW >> (HwReadEl13scrfd_2_5g/conv57 | hw_frame_size: 9600) >> (PullQEl_hw_read13scrfd_2_5g/conv57) >> (PostInferEl13scrfd_2_5g/conv57 | Reorder - src_order: FCR, src_shape: (20, 20, 24), dst_order: FCR, dst_shape: (20, 20, 20)) >> (UserBuffQEl13scrfd_2_5g/conv57 | timeout: 10s)
[2025-06-28 10:14:13.994] [859766] [HailoRT] [info] [hef.cpp:1929] [get_network_group_and_network_name] No name was given. Addressing all networks of default network_group: arcface_mobilefacenet
[2025-06-28 10:14:13.997] [859766] [HailoRT] [info] [internal_buffer_manager.cpp:204] [print_execution_results] Planned internal buffer memory: CMA memory 0, user memory 50688. memory to edge layer usage factor is 1
[2025-06-28 10:14:13.997] [859766] [HailoRT] [info] [internal_buffer_manager.cpp:212] [print_execution_results] Default Internal buffer planner executed successfully
[2025-06-28 10:14:14.009] [859766] [HailoRT] [info] [device_internal.cpp:57] [configure] Configuring HEF took 15.421446 milliseconds
[2025-06-28 10:14:14.012] [859766] [HailoRT] [info] [vdevice.cpp:749] [configure] Configuring HEF on VDevice took 17.689669 milliseconds
[2025-06-28 10:14:14.012] [859766] [HailoRT] [info] [edge_elements.cpp:52] [create] Created (HwWriteEl1arcface_mobilefacenet/input_layer1 | hw_frame_size: 37632)
[2025-06-28 10:14:14.012] [859766] [HailoRT] [info] [vstream.cpp:754] [InputVStreamImpl] Creating arcface_mobilefacenet/input_layer1...
[2025-06-28 10:14:14.012] [859766] [HailoRT] [info] [vstream_builder.cpp:102] [create_inputs] Input pipeline 'arcface_mobilefacenet/input_layer1': (HwWriteEl1arcface_mobilefacenet/input_layer1 | hw_frame_size: 37632) >> HW
[2025-06-28 10:14:14.012] [859766] [HailoRT] [info] [edge_elements.cpp:287] [create] Created (HwReadEl0arcface_mobilefacenet/fc1 | hw_frame_size: 512)
[2025-06-28 10:14:14.012] [859766] [HailoRT] [info] [queue_elements.cpp:800] [create] Created (UserBuffQEl0arcface_mobilefacenet/fc1 | timeout: 10s)
[2025-06-28 10:14:14.012] [859766] [HailoRT] [info] [vstream.cpp:1114] [OutputVStreamImpl] Creating arcface_mobilefacenet/fc1...
[2025-06-28 10:14:14.012] [859766] [HailoRT] [info] [vstream_builder.cpp:220] [create_outputs] Output pipeline 'arcface_mobilefacenet/fc1': HW >> (HwReadEl0arcface_mobilefacenet/fc1 | hw_frame_size: 512) >> (UserBuffQEl0arcface_mobilefacenet/fc1 | timeout: 10s)
[2025-06-28 10:16:53.215] [865734] [HailoRT] [info] [vdevice.cpp:523] [create] Creating vdevice with params: device_count: 1, scheduling_algorithm: ROUND_ROBIN, multi_process_service: false
[2025-06-28 10:16:53.227] [865734] [HailoRT] [info] [device.cpp:49] [Device] OS Version: Linux 6.12.20+rpt-rpi-2712 #1 SMP PREEMPT Debian 1:6.12.20-1+rpt1~bpo12+1 (2025-03-19) aarch64
[2025-06-28 10:16:53.236] [865734] [HailoRT] [info] [control.cpp:108] [control__parse_identify_results] firmware_version is: 4.20.0
[2025-06-28 10:16:53.236] [865734] [HailoRT] [info] [vdevice.cpp:651] [create] VDevice Infos: 0001:01:00.0
[2025-06-28 10:16:53.266] [865824] [HailoRT] [info] [hef.cpp:1929] [get_network_group_and_network_name] No name was given. Addressing all networks of default network_group: scrfd_2_5g
[2025-06-28 10:16:53.277] [865824] [HailoRT] [info] [internal_buffer_manager.cpp:204] [print_execution_results] Planned internal buffer memory: CMA memory 0, user memory 462336. memory to edge layer usage factor is 1
[2025-06-28 10:16:53.277] [865824] [HailoRT] [info] [internal_buffer_manager.cpp:212] [print_execution_results] Default Internal buffer planner executed successfully
[2025-06-28 10:16:53.294] [865824] [HailoRT] [info] [device_internal.cpp:57] [configure] Configuring HEF took 27.182504 milliseconds
[2025-06-28 10:16:53.306] [865824] [HailoRT] [info] [vdevice.cpp:749] [configure] Configuring HEF on VDevice took 39.798802 milliseconds
[2025-06-28 10:16:53.306] [865824] [HailoRT] [info] [edge_elements.cpp:52] [create] Created (HwWriteEl3scrfd_2_5g/input_layer1 | hw_frame_size: 1228800)
[2025-06-28 10:16:53.306] [865824] [HailoRT] [info] [vstream.cpp:754] [InputVStreamImpl] Creating scrfd_2_5g/input_layer1...
[2025-06-28 10:16:53.306] [865824] [HailoRT] [info] [vstream_builder.cpp:102] [create_inputs] Input pipeline 'scrfd_2_5g/input_layer1': (HwWriteEl3scrfd_2_5g/input_layer1 | hw_frame_size: 1228800) >> HW
[2025-06-28 10:16:53.307] [865824] [HailoRT] [info] [edge_elements.cpp:287] [create] Created (HwReadEl3scrfd_2_5g/conv42 | hw_frame_size: 12800)
[2025-06-28 10:16:53.307] [865824] [HailoRT] [info] [queue_elements.cpp:800] [create] Created (UserBuffQEl3scrfd_2_5g/conv42 | timeout: 10s)
[2025-06-28 10:16:53.307] [865824] [HailoRT] [info] [vstream.cpp:1114] [OutputVStreamImpl] Creating scrfd_2_5g/conv42...
[2025-06-28 10:16:53.307] [865824] [HailoRT] [info] [vstream_builder.cpp:220] [create_outputs] Output pipeline 'scrfd_2_5g/conv42': HW >> (HwReadEl3scrfd_2_5g/conv42 | hw_frame_size: 12800) >> (UserBuffQEl3scrfd_2_5g/conv42 | timeout: 10s)
[2025-06-28 10:16:53.307] [865824] [HailoRT] [info] [edge_elements.cpp:287] [create] Created (HwReadEl0scrfd_2_5g/conv43 | hw_frame_size: 51200)
[2025-06-28 10:16:53.308] [865824] [HailoRT] [info] [queue_elements.cpp:800] [create] Created (UserBuffQEl0scrfd_2_5g/conv43 | timeout: 10s)
[2025-06-28 10:16:53.308] [865824] [HailoRT] [info] [vstream.cpp:1114] [OutputVStreamImpl] Creating scrfd_2_5g/conv43...
[2025-06-28 10:16:53.308] [865824] [HailoRT] [info] [vstream_builder.cpp:220] [create_outputs] Output pipeline 'scrfd_2_5g/conv43': HW >> (HwReadEl0scrfd_2_5g/conv43 | hw_frame_size: 51200) >> (UserBuffQEl0scrfd_2_5g/conv43 | timeout: 10s)
[2025-06-28 10:16:53.308] [865824] [HailoRT] [info] [edge_elements.cpp:287] [create] Created (HwReadEl2scrfd_2_5g/conv44 | hw_frame_size: 153600)
[2025-06-28 10:16:53.309] [865824] [HailoRT] [info] [queue_elements.cpp:657] [create] Created (PullQEl_hw_read2scrfd_2_5g/conv44)
[2025-06-28 10:16:53.309] [865824] [HailoRT] [info] [filter_elements.cpp:375] [create] Created (PostInferEl2scrfd_2_5g/conv44 | Reorder - src_order: FCR, src_shape: (80, 80, 24), dst_order: FCR, dst_shape: (80, 80, 20))
[2025-06-28 10:16:53.309] [865824] [HailoRT] [info] [queue_elements.cpp:800] [create] Created (UserBuffQEl2scrfd_2_5g/conv44 | timeout: 10s)
[2025-06-28 10:16:53.309] [865824] [HailoRT] [info] [vstream.cpp:1114] [OutputVStreamImpl] Creating scrfd_2_5g/conv44...
[2025-06-28 10:16:53.309] [865824] [HailoRT] [info] [vstream_builder.cpp:220] [create_outputs] Output pipeline 'scrfd_2_5g/conv44': HW >> (HwReadEl2scrfd_2_5g/conv44 | hw_frame_size: 153600) >> (PullQEl_hw_read2scrfd_2_5g/conv44) >> (PostInferEl2scrfd_2_5g/conv44 | Reorder - src_order: FCR, src_shape: (80, 80, 24), dst_order: FCR, dst_shape: (80, 80, 20)) >> (UserBuffQEl2scrfd_2_5g/conv44 | timeout: 10s)
[2025-06-28 10:16:53.310] [865824] [HailoRT] [info] [edge_elements.cpp:287] [create] Created (HwReadEl14scrfd_2_5g/conv49 | hw_frame_size: 3200)
[2025-06-28 10:16:53.311] [865824] [HailoRT] [info] [queue_elements.cpp:800] [create] Created (UserBuffQEl14scrfd_2_5g/conv49 | timeout: 10s)
[2025-06-28 10:16:53.311] [865824] [HailoRT] [info] [vstream.cpp:1114] [OutputVStreamImpl] Creating scrfd_2_5g/conv49...
[2025-06-28 10:16:53.311] [865824] [HailoRT] [info] [vstream_builder.cpp:220] [create_outputs] Output pipeline 'scrfd_2_5g/conv49': HW >> (HwReadEl14scrfd_2_5g/conv49 | hw_frame_size: 3200) >> (UserBuffQEl14scrfd_2_5g/conv49 | timeout: 10s)
[2025-06-28 10:16:53.311] [865824] [HailoRT] [info] [edge_elements.cpp:287] [create] Created (HwReadEl12scrfd_2_5g/conv50 | hw_frame_size: 12800)
[2025-06-28 10:16:53.315] [865824] [HailoRT] [info] [queue_elements.cpp:800] [create] Created (UserBuffQEl12scrfd_2_5g/conv50 | timeout: 10s)
[2025-06-28 10:16:53.315] [865824] [HailoRT] [info] [vstream.cpp:1114] [OutputVStreamImpl] Creating scrfd_2_5g/conv50...
[2025-06-28 10:16:53.315] [865824] [HailoRT] [info] [vstream_builder.cpp:220] [create_outputs] Output pipeline 'scrfd_2_5g/conv50': HW >> (HwReadEl12scrfd_2_5g/conv50 | hw_frame_size: 12800) >> (UserBuffQEl12scrfd_2_5g/conv50 | timeout: 10s)
[2025-06-28 10:16:53.315] [865824] [HailoRT] [info] [edge_elements.cpp:287] [create] Created (HwReadEl1scrfd_2_5g/conv51 | hw_frame_size: 38400)
[2025-06-28 10:16:53.316] [865824] [HailoRT] [info] [queue_elements.cpp:657] [create] Created (PullQEl_hw_read1scrfd_2_5g/conv51)
[2025-06-28 10:16:53.316] [865824] [HailoRT] [info] [filter_elements.cpp:375] [create] Created (PostInferEl1scrfd_2_5g/conv51 | Reorder - src_order: FCR, src_shape: (40, 40, 24), dst_order: FCR, dst_shape: (40, 40, 20))
[2025-06-28 10:16:53.316] [865824] [HailoRT] [info] [queue_elements.cpp:800] [create] Created (UserBuffQEl1scrfd_2_5g/conv51 | timeout: 10s)
[2025-06-28 10:16:53.316] [865824] [HailoRT] [info] [vstream.cpp:1114] [OutputVStreamImpl] Creating scrfd_2_5g/conv51...
[2025-06-28 10:16:53.316] [865824] [HailoRT] [info] [vstream_builder.cpp:220] [create_outputs] Output pipeline 'scrfd_2_5g/conv51': HW >> (HwReadEl1scrfd_2_5g/conv51 | hw_frame_size: 38400) >> (PullQEl_hw_read1scrfd_2_5g/conv51) >> (PostInferEl1scrfd_2_5g/conv51 | Reorder - src_order: FCR, src_shape: (40, 40, 24), dst_order: FCR, dst_shape: (40, 40, 20)) >> (UserBuffQEl1scrfd_2_5g/conv51 | timeout: 10s)
[2025-06-28 10:16:53.316] [865824] [HailoRT] [info] [edge_elements.cpp:287] [create] Created (HwReadEl10scrfd_2_5g/conv55 | hw_frame_size: 800)
[2025-06-28 10:16:53.317] [865824] [HailoRT] [info] [queue_elements.cpp:657] [create] Created (PullQEl_hw_read10scrfd_2_5g/conv55)
[2025-06-28 10:16:53.317] [865824] [HailoRT] [info] [filter_elements.cpp:375] [create] Created (PostInferEl10scrfd_2_5g/conv55 | Reorder - src_order: NHCW, src_shape: (20, 20, 2), dst_order: NHWC, dst_shape: (20, 20, 2))
[2025-06-28 10:16:53.317] [865824] [HailoRT] [info] [queue_elements.cpp:800] [create] Created (UserBuffQEl10scrfd_2_5g/conv55 | timeout: 10s)
[2025-06-28 10:16:53.317] [865824] [HailoRT] [info] [vstream.cpp:1114] [OutputVStreamImpl] Creating scrfd_2_5g/conv55...
[2025-06-28 10:16:53.318] [865824] [HailoRT] [info] [vstream_builder.cpp:220] [create_outputs] Output pipeline 'scrfd_2_5g/conv55': HW >> (HwReadEl10scrfd_2_5g/conv55 | hw_frame_size: 800) >> (PullQEl_hw_read10scrfd_2_5g/conv55) >> (PostInferEl10scrfd_2_5g/conv55 | Reorder - src_order: NHCW, src_shape: (20, 20, 2), dst_order: NHWC, dst_shape: (20, 20, 2)) >> (UserBuffQEl10scrfd_2_5g/conv55 | timeout: 10s)
[2025-06-28 10:16:53.318] [865824] [HailoRT] [info] [edge_elements.cpp:287] [create] Created (HwReadEl9scrfd_2_5g/conv56 | hw_frame_size: 3200)
[2025-06-28 10:16:53.318] [865824] [HailoRT] [info] [queue_elements.cpp:657] [create] Created (PullQEl_hw_read9scrfd_2_5g/conv56)
[2025-06-28 10:16:53.319] [865824] [HailoRT] [info] [filter_elements.cpp:375] [create] Created (PostInferEl9scrfd_2_5g/conv56 | Reorder - src_order: NHCW, src_shape: (20, 20, 8), dst_order: NHWC, dst_shape: (20, 20, 8))
[2025-06-28 10:16:53.319] [865824] [HailoRT] [info] [queue_elements.cpp:800] [create] Created (UserBuffQEl9scrfd_2_5g/conv56 | timeout: 10s)
[2025-06-28 10:16:53.319] [865824] [HailoRT] [info] [vstream.cpp:1114] [OutputVStreamImpl] Creating scrfd_2_5g/conv56...
[2025-06-28 10:16:53.319] [865824] [HailoRT] [info] [vstream_builder.cpp:220] [create_outputs] Output pipeline 'scrfd_2_5g/conv56': HW >> (HwReadEl9scrfd_2_5g/conv56 | hw_frame_size: 3200) >> (PullQEl_hw_read9scrfd_2_5g/conv56) >> (PostInferEl9scrfd_2_5g/conv56 | Reorder - src_order: NHCW, src_shape: (20, 20, 8), dst_order: NHWC, dst_shape: (20, 20, 8)) >> (UserBuffQEl9scrfd_2_5g/conv56 | timeout: 10s)
[2025-06-28 10:16:53.319] [865824] [HailoRT] [info] [edge_elements.cpp:287] [create] Created (HwReadEl13scrfd_2_5g/conv57 | hw_frame_size: 9600)
[2025-06-28 10:16:53.321] [865824] [HailoRT] [info] [queue_elements.cpp:657] [create] Created (PullQEl_hw_read13scrfd_2_5g/conv57)
[2025-06-28 10:16:53.321] [865824] [HailoRT] [info] [filter_elements.cpp:375] [create] Created (PostInferEl13scrfd_2_5g/conv57 | Reorder - src_order: FCR, src_shape: (20, 20, 24), dst_order: FCR, dst_shape: (20, 20, 20))
[2025-06-28 10:16:53.321] [865824] [HailoRT] [info] [queue_elements.cpp:800] [create] Created (UserBuffQEl13scrfd_2_5g/conv57 | timeout: 10s)
[2025-06-28 10:16:53.321] [865824] [HailoRT] [info] [vstream.cpp:1114] [OutputVStreamImpl] Creating scrfd_2_5g/conv57...
[2025-06-28 10:16:53.321] [865824] [HailoRT] [info] [vstream_builder.cpp:220] [create_outputs] Output pipeline 'scrfd_2_5g/conv57': HW >> (HwReadEl13scrfd_2_5g/conv57 | hw_frame_size: 9600) >> (PullQEl_hw_read13scrfd_2_5g/conv57) >> (PostInferEl13scrfd_2_5g/conv57 | Reorder - src_order: FCR, src_shape: (20, 20, 24), dst_order: FCR, dst_shape: (20, 20, 20)) >> (UserBuffQEl13scrfd_2_5g/conv57 | timeout: 10s)
[2025-06-28 10:16:54.267] [865865] [HailoRT] [info] [hef.cpp:1929] [get_network_group_and_network_name] No name was given. Addressing all networks of default network_group: arcface_mobilefacenet
[2025-06-28 10:16:54.268] [865865] [HailoRT] [info] [internal_buffer_manager.cpp:204] [print_execution_results] Planned internal buffer memory: CMA memory 0, user memory 50688. memory to edge layer usage factor is 1
[2025-06-28 10:16:54.268] [865865] [HailoRT] [info] [internal_buffer_manager.cpp:212] [print_execution_results] Default Internal buffer planner executed successfully
[2025-06-28 10:16:54.285] [865865] [HailoRT] [info] [device_internal.cpp:57] [configure] Configuring HEF took 18.49941 milliseconds
[2025-06-28 10:16:54.287] [865865] [HailoRT] [info] [vdevice.cpp:749] [configure] Configuring HEF on VDevice took 20.87004 milliseconds
[2025-06-28 10:16:54.288] [865865] [HailoRT] [info] [edge_elements.cpp:52] [create] Created (HwWriteEl1arcface_mobilefacenet/input_layer1 | hw_frame_size: 37632)
[2025-06-28 10:16:54.288] [865865] [HailoRT] [info] [vstream.cpp:754] [InputVStreamImpl] Creating arcface_mobilefacenet/input_layer1...
[2025-06-28 10:16:54.288] [865865] [HailoRT] [info] [vstream_builder.cpp:102] [create_inputs] Input pipeline 'arcface_mobilefacenet/input_layer1': (HwWriteEl1arcface_mobilefacenet/input_layer1 | hw_frame_size: 37632) >> HW
[2025-06-28 10:16:54.288] [865865] [HailoRT] [info] [edge_elements.cpp:287] [create] Created (HwReadEl0arcface_mobilefacenet/fc1 | hw_frame_size: 512)
[2025-06-28 10:16:54.304] [865865] [HailoRT] [info] [queue_elements.cpp:800] [create] Created (UserBuffQEl0arcface_mobilefacenet/fc1 | timeout: 10s)
[2025-06-28 10:16:54.304] [865865] [HailoRT] [info] [vstream.cpp:1114] [OutputVStreamImpl] Creating arcface_mobilefacenet/fc1...
[2025-06-28 10:16:54.304] [865865] [HailoRT] [info] [vstream_builder.cpp:220] [create_outputs] Output pipeline 'arcface_mobilefacenet/fc1': HW >> (HwReadEl0arcface_mobilefacenet/fc1 | hw_frame_size: 512) >> (UserBuffQEl0arcface_mobilefacenet/fc1 | timeout: 10s)
[2025-06-28 10:30:06.380] [883112] [HailoRT] [info] [vdevice.cpp:523] [create] Creating vdevice with params: device_count: 1, scheduling_algorithm: ROUND_ROBIN, multi_process_service: false
[2025-06-28 10:30:06.391] [883112] [HailoRT] [info] [device.cpp:49] [Device] OS Version: Linux 6.12.20+rpt-rpi-2712 #1 SMP PREEMPT Debian 1:6.12.20-1+rpt1~bpo12+1 (2025-03-19) aarch64
[2025-06-28 10:30:06.398] [883112] [HailoRT] [info] [control.cpp:108] [control__parse_identify_results] firmware_version is: 4.20.0
[2025-06-28 10:30:06.398] [883112] [HailoRT] [info] [vdevice.cpp:651] [create] VDevice Infos: 0001:01:00.0
[2025-06-28 10:30:06.431] [883275] [HailoRT] [info] [hef.cpp:1929] [get_network_group_and_network_name] No name was given. Addressing all networks of default network_group: scrfd_2_5g
[2025-06-28 10:30:06.441] [883275] [HailoRT] [info] [internal_buffer_manager.cpp:204] [print_execution_results] Planned internal buffer memory: CMA memory 0, user memory 462336. memory to edge layer usage factor is 1
[2025-06-28 10:30:06.441] [883275] [HailoRT] [info] [internal_buffer_manager.cpp:212] [print_execution_results] Default Internal buffer planner executed successfully
[2025-06-28 10:30:06.463] [883275] [HailoRT] [info] [device_internal.cpp:57] [configure] Configuring HEF took 31.855226 milliseconds
[2025-06-28 10:30:06.477] [883275] [HailoRT] [info] [vdevice.cpp:749] [configure] Configuring HEF on VDevice took 45.729116 milliseconds
[2025-06-28 10:30:06.477] [883275] [HailoRT] [info] [edge_elements.cpp:52] [create] Created (HwWriteEl3scrfd_2_5g/input_layer1 | hw_frame_size: 1228800)
[2025-06-28 10:30:06.477] [883275] [HailoRT] [info] [vstream.cpp:754] [InputVStreamImpl] Creating scrfd_2_5g/input_layer1...
[2025-06-28 10:30:06.477] [883275] [HailoRT] [info] [vstream_builder.cpp:102] [create_inputs] Input pipeline 'scrfd_2_5g/input_layer1': (HwWriteEl3scrfd_2_5g/input_layer1 | hw_frame_size: 1228800) >> HW
[2025-06-28 10:30:06.477] [883275] [HailoRT] [info] [edge_elements.cpp:287] [create] Created (HwReadEl3scrfd_2_5g/conv42 | hw_frame_size: 12800)
[2025-06-28 10:30:06.478] [883275] [HailoRT] [info] [queue_elements.cpp:800] [create] Created (UserBuffQEl3scrfd_2_5g/conv42 | timeout: 10s)
[2025-06-28 10:30:06.478] [883275] [HailoRT] [info] [vstream.cpp:1114] [OutputVStreamImpl] Creating scrfd_2_5g/conv42...
[2025-06-28 10:30:06.478] [883275] [HailoRT] [info] [vstream_builder.cpp:220] [create_outputs] Output pipeline 'scrfd_2_5g/conv42': HW >> (HwReadEl3scrfd_2_5g/conv42 | hw_frame_size: 12800) >> (UserBuffQEl3scrfd_2_5g/conv42 | timeout: 10s)
[2025-06-28 10:30:06.478] [883275] [HailoRT] [info] [edge_elements.cpp:287] [create] Created (HwReadEl0scrfd_2_5g/conv43 | hw_frame_size: 51200)
[2025-06-28 10:30:06.480] [883275] [HailoRT] [info] [queue_elements.cpp:800] [create] Created (UserBuffQEl0scrfd_2_5g/conv43 | timeout: 10s)
[2025-06-28 10:30:06.480] [883275] [HailoRT] [info] [vstream.cpp:1114] [OutputVStreamImpl] Creating scrfd_2_5g/conv43...
[2025-06-28 10:30:06.480] [883275] [HailoRT] [info] [vstream_builder.cpp:220] [create_outputs] Output pipeline 'scrfd_2_5g/conv43': HW >> (HwReadEl0scrfd_2_5g/conv43 | hw_frame_size: 51200) >> (UserBuffQEl0scrfd_2_5g/conv43 | timeout: 10s)
[2025-06-28 10:30:06.481] [883275] [HailoRT] [info] [edge_elements.cpp:287] [create] Created (HwReadEl2scrfd_2_5g/conv44 | hw_frame_size: 153600)
[2025-06-28 10:30:06.483] [883275] [HailoRT] [info] [queue_elements.cpp:657] [create] Created (PullQEl_hw_read2scrfd_2_5g/conv44)
[2025-06-28 10:30:06.483] [883275] [HailoRT] [info] [filter_elements.cpp:375] [create] Created (PostInferEl2scrfd_2_5g/conv44 | Reorder - src_order: FCR, src_shape: (80, 80, 24), dst_order: FCR, dst_shape: (80, 80, 20))
[2025-06-28 10:30:06.485] [883275] [HailoRT] [info] [queue_elements.cpp:800] [create] Created (UserBuffQEl2scrfd_2_5g/conv44 | timeout: 10s)
[2025-06-28 10:30:06.486] [883275] [HailoRT] [info] [vstream.cpp:1114] [OutputVStreamImpl] Creating scrfd_2_5g/conv44...
[2025-06-28 10:30:06.486] [883275] [HailoRT] [info] [vstream_builder.cpp:220] [create_outputs] Output pipeline 'scrfd_2_5g/conv44': HW >> (HwReadEl2scrfd_2_5g/conv44 | hw_frame_size: 153600) >> (PullQEl_hw_read2scrfd_2_5g/conv44) >> (PostInferEl2scrfd_2_5g/conv44 | Reorder - src_order: FCR, src_shape: (80, 80, 24), dst_order: FCR, dst_shape: (80, 80, 20)) >> (UserBuffQEl2scrfd_2_5g/conv44 | timeout: 10s)
[2025-06-28 10:30:06.487] [883275] [HailoRT] [info] [edge_elements.cpp:287] [create] Created (HwReadEl14scrfd_2_5g/conv49 | hw_frame_size: 3200)
[2025-06-28 10:30:06.490] [883275] [HailoRT] [info] [queue_elements.cpp:800] [create] Created (UserBuffQEl14scrfd_2_5g/conv49 | timeout: 10s)
[2025-06-28 10:30:06.490] [883275] [HailoRT] [info] [vstream.cpp:1114] [OutputVStreamImpl] Creating scrfd_2_5g/conv49...
[2025-06-28 10:30:06.490] [883275] [HailoRT] [info] [vstream_builder.cpp:220] [create_outputs] Output pipeline 'scrfd_2_5g/conv49': HW >> (HwReadEl14scrfd_2_5g/conv49 | hw_frame_size: 3200) >> (UserBuffQEl14scrfd_2_5g/conv49 | timeout: 10s)
[2025-06-28 10:30:06.490] [883275] [HailoRT] [info] [edge_elements.cpp:287] [create] Created (HwReadEl12scrfd_2_5g/conv50 | hw_frame_size: 12800)
[2025-06-28 10:30:06.491] [883275] [HailoRT] [info] [queue_elements.cpp:800] [create] Created (UserBuffQEl12scrfd_2_5g/conv50 | timeout: 10s)
[2025-06-28 10:30:06.491] [883275] [HailoRT] [info] [vstream.cpp:1114] [OutputVStreamImpl] Creating scrfd_2_5g/conv50...
[2025-06-28 10:30:06.491] [883275] [HailoRT] [info] [vstream_builder.cpp:220] [create_outputs] Output pipeline 'scrfd_2_5g/conv50': HW >> (HwReadEl12scrfd_2_5g/conv50 | hw_frame_size: 12800) >> (UserBuffQEl12scrfd_2_5g/conv50 | timeout: 10s)
[2025-06-28 10:30:06.491] [883275] [HailoRT] [info] [edge_elements.cpp:287] [create] Created (HwReadEl1scrfd_2_5g/conv51 | hw_frame_size: 38400)
[2025-06-28 10:30:06.494] [883275] [HailoRT] [info] [queue_elements.cpp:657] [create] Created (PullQEl_hw_read1scrfd_2_5g/conv51)
[2025-06-28 10:30:06.494] [883275] [HailoRT] [info] [filter_elements.cpp:375] [create] Created (PostInferEl1scrfd_2_5g/conv51 | Reorder - src_order: FCR, src_shape: (40, 40, 24), dst_order: FCR, dst_shape: (40, 40, 20))
[2025-06-28 10:30:06.497] [883275] [HailoRT] [info] [queue_elements.cpp:800] [create] Created (UserBuffQEl1scrfd_2_5g/conv51 | timeout: 10s)
[2025-06-28 10:30:06.497] [883275] [HailoRT] [info] [vstream.cpp:1114] [OutputVStreamImpl] Creating scrfd_2_5g/conv51...
[2025-06-28 10:30:06.497] [883275] [HailoRT] [info] [vstream_builder.cpp:220] [create_outputs] Output pipeline 'scrfd_2_5g/conv51': HW >> (HwReadEl1scrfd_2_5g/conv51 | hw_frame_size: 38400) >> (PullQEl_hw_read1scrfd_2_5g/conv51) >> (PostInferEl1scrfd_2_5g/conv51 | Reorder - src_order: FCR, src_shape: (40, 40, 24), dst_order: FCR, dst_shape: (40, 40, 20)) >> (UserBuffQEl1scrfd_2_5g/conv51 | timeout: 10s)
[2025-06-28 10:30:06.497] [883275] [HailoRT] [info] [edge_elements.cpp:287] [create] Created (HwReadEl10scrfd_2_5g/conv55 | hw_frame_size: 800)
[2025-06-28 10:30:06.501] [883275] [HailoRT] [info] [queue_elements.cpp:657] [create] Created (PullQEl_hw_read10scrfd_2_5g/conv55)
[2025-06-28 10:30:06.501] [883275] [HailoRT] [info] [filter_elements.cpp:375] [create] Created (PostInferEl10scrfd_2_5g/conv55 | Reorder - src_order: NHCW, src_shape: (20, 20, 2), dst_order: NHWC, dst_shape: (20, 20, 2))
[2025-06-28 10:30:06.503] [883275] [HailoRT] [info] [queue_elements.cpp:800] [create] Created (UserBuffQEl10scrfd_2_5g/conv55 | timeout: 10s)
[2025-06-28 10:30:06.503] [883275] [HailoRT] [info] [vstream.cpp:1114] [OutputVStreamImpl] Creating scrfd_2_5g/conv55...
[2025-06-28 10:30:06.503] [883275] [HailoRT] [info] [vstream_builder.cpp:220] [create_outputs] Output pipeline 'scrfd_2_5g/conv55': HW >> (HwReadEl10scrfd_2_5g/conv55 | hw_frame_size: 800) >> (PullQEl_hw_read10scrfd_2_5g/conv55) >> (PostInferEl10scrfd_2_5g/conv55 | Reorder - src_order: NHCW, src_shape: (20, 20, 2), dst_order: NHWC, dst_shape: (20, 20, 2)) >> (UserBuffQEl10scrfd_2_5g/conv55 | timeout: 10s)
[2025-06-28 10:30:06.503] [883275] [HailoRT] [info] [edge_elements.cpp:287] [create] Created (HwReadEl9scrfd_2_5g/conv56 | hw_frame_size: 3200)
[2025-06-28 10:30:06.504] [883275] [HailoRT] [info] [queue_elements.cpp:657] [create] Created (PullQEl_hw_read9scrfd_2_5g/conv56)
[2025-06-28 10:30:06.505] [883275] [HailoRT] [info] [filter_elements.cpp:375] [create] Created (PostInferEl9scrfd_2_5g/conv56 | Reorder - src_order: NHCW, src_shape: (20, 20, 8), dst_order: NHWC, dst_shape: (20, 20, 8))
[2025-06-28 10:30:06.505] [883275] [HailoRT] [info] [queue_elements.cpp:800] [create] Created (UserBuffQEl9scrfd_2_5g/conv56 | timeout: 10s)
[2025-06-28 10:30:06.505] [883275] [HailoRT] [info] [vstream.cpp:1114] [OutputVStreamImpl] Creating scrfd_2_5g/conv56...
[2025-06-28 10:30:06.505] [883275] [HailoRT] [info] [vstream_builder.cpp:220] [create_outputs] Output pipeline 'scrfd_2_5g/conv56': HW >> (HwReadEl9scrfd_2_5g/conv56 | hw_frame_size: 3200) >> (PullQEl_hw_read9scrfd_2_5g/conv56) >> (PostInferEl9scrfd_2_5g/conv56 | Reorder - src_order: NHCW, src_shape: (20, 20, 8), dst_order: NHWC, dst_shape: (20, 20, 8)) >> (UserBuffQEl9scrfd_2_5g/conv56 | timeout: 10s)
[2025-06-28 10:30:06.505] [883275] [HailoRT] [info] [edge_elements.cpp:287] [create] Created (HwReadEl13scrfd_2_5g/conv57 | hw_frame_size: 9600)
[2025-06-28 10:30:06.506] [883275] [HailoRT] [info] [queue_elements.cpp:657] [create] Created (PullQEl_hw_read13scrfd_2_5g/conv57)
[2025-06-28 10:30:06.506] [883275] [HailoRT] [info] [filter_elements.cpp:375] [create] Created (PostInferEl13scrfd_2_5g/conv57 | Reorder - src_order: FCR, src_shape: (20, 20, 24), dst_order: FCR, dst_shape: (20, 20, 20))
[2025-06-28 10:30:06.507] [883275] [HailoRT] [info] [queue_elements.cpp:800] [create] Created (UserBuffQEl13scrfd_2_5g/conv57 | timeout: 10s)
[2025-06-28 10:30:06.507] [883275] [HailoRT] [info] [vstream.cpp:1114] [OutputVStreamImpl] Creating scrfd_2_5g/conv57...
[2025-06-28 10:30:06.507] [883275] [HailoRT] [info] [vstream_builder.cpp:220] [create_outputs] Output pipeline 'scrfd_2_5g/conv57': HW >> (HwReadEl13scrfd_2_5g/conv57 | hw_frame_size: 9600) >> (PullQEl_hw_read13scrfd_2_5g/conv57) >> (PostInferEl13scrfd_2_5g/conv57 | Reorder - src_order: FCR, src_shape: (20, 20, 24), dst_order: FCR, dst_shape: (20, 20, 20)) >> (UserBuffQEl13scrfd_2_5g/conv57 | timeout: 10s)
[2025-06-28 10:30:07.436] [883314] [HailoRT] [info] [hef.cpp:1929] [get_network_group_and_network_name] No name was given. Addressing all networks of default network_group: arcface_mobilefacenet
[2025-06-28 10:30:07.437] [883314] [HailoRT] [info] [internal_buffer_manager.cpp:204] [print_execution_results] Planned internal buffer memory: CMA memory 0, user memory 50688. memory to edge layer usage factor is 1
[2025-06-28 10:30:07.437] [883314] [HailoRT] [info] [internal_buffer_manager.cpp:212] [print_execution_results] Default Internal buffer planner executed successfully
[2025-06-28 10:30:07.455] [883314] [HailoRT] [info] [device_internal.cpp:57] [configure] Configuring HEF took 19.277799 milliseconds
[2025-06-28 10:30:07.458] [883314] [HailoRT] [info] [vdevice.cpp:749] [configure] Configuring HEF on VDevice took 22.132725 milliseconds
[2025-06-28 10:30:07.458] [883314] [HailoRT] [info] [edge_elements.cpp:52] [create] Created (HwWriteEl1arcface_mobilefacenet/input_layer1 | hw_frame_size: 37632)
[2025-06-28 10:30:07.458] [883314] [HailoRT] [info] [vstream.cpp:754] [InputVStreamImpl] Creating arcface_mobilefacenet/input_layer1...
[2025-06-28 10:30:07.458] [883314] [HailoRT] [info] [vstream_builder.cpp:102] [create_inputs] Input pipeline 'arcface_mobilefacenet/input_layer1': (HwWriteEl1arcface_mobilefacenet/input_layer1 | hw_frame_size: 37632) >> HW
[2025-06-28 10:30:07.459] [883314] [HailoRT] [info] [edge_elements.cpp:287] [create] Created (HwReadEl0arcface_mobilefacenet/fc1 | hw_frame_size: 512)
[2025-06-28 10:30:07.482] [883314] [HailoRT] [info] [queue_elements.cpp:800] [create] Created (UserBuffQEl0arcface_mobilefacenet/fc1 | timeout: 10s)
[2025-06-28 10:30:07.482] [883314] [HailoRT] [info] [vstream.cpp:1114] [OutputVStreamImpl] Creating arcface_mobilefacenet/fc1...
[2025-06-28 10:30:07.482] [883314] [HailoRT] [info] [vstream_builder.cpp:220] [create_outputs] Output pipeline 'arcface_mobilefacenet/fc1': HW >> (HwReadEl0arcface_mobilefacenet/fc1 | hw_frame_size: 512) >> (UserBuffQEl0arcface_mobilefacenet/fc1 | timeout: 10s)
[2025-06-29 22:49:44.581] [8276] [HailoRT] [info] [vdevice.cpp:523] [create] Creating vdevice with params: device_count: 1, scheduling_algorithm: ROUND_ROBIN, multi_process_service: false
[2025-06-29 22:49:44.604] [8276] [HailoRT] [info] [device.cpp:49] [Device] OS Version: Linux 6.12.20+rpt-rpi-2712 #1 SMP PREEMPT Debian 1:6.12.20-1+rpt1~bpo12+1 (2025-03-19) aarch64
[2025-06-29 22:49:44.610] [8276] [HailoRT] [info] [control.cpp:108] [control__parse_identify_results] firmware_version is: 4.20.0
[2025-06-29 22:49:44.612] [8276] [HailoRT] [info] [vdevice.cpp:651] [create] VDevice Infos: 0001:01:00.0
[2025-06-29 22:49:44.709] [8420] [HailoRT] [info] [hef.cpp:1929] [get_network_group_and_network_name] No name was given. Addressing all networks of default network_group: scrfd_2_5g
[2025-06-29 22:49:44.725] [8420] [HailoRT] [info] [internal_buffer_manager.cpp:204] [print_execution_results] Planned internal buffer memory: CMA memory 0, user memory 462336. memory to edge layer usage factor is 1
[2025-06-29 22:49:44.725] [8420] [HailoRT] [info] [internal_buffer_manager.cpp:212] [print_execution_results] Default Internal buffer planner executed successfully
[2025-06-29 22:49:44.741] [8420] [HailoRT] [info] [device_internal.cpp:57] [configure] Configuring HEF took 30.81402 milliseconds
[2025-06-29 22:49:44.751] [8420] [HailoRT] [info] [vdevice.cpp:749] [configure] Configuring HEF on VDevice took 42.325056 milliseconds
[2025-06-29 22:49:44.753] [8420] [HailoRT] [info] [edge_elements.cpp:52] [create] Created (HwWriteEl3scrfd_2_5g/input_layer1 | hw_frame_size: 1228800)
[2025-06-29 22:49:44.753] [8420] [HailoRT] [info] [vstream.cpp:754] [InputVStreamImpl] Creating scrfd_2_5g/input_layer1...
[2025-06-29 22:49:44.753] [8420] [HailoRT] [info] [vstream_builder.cpp:102] [create_inputs] Input pipeline 'scrfd_2_5g/input_layer1': (HwWriteEl3scrfd_2_5g/input_layer1 | hw_frame_size: 1228800) >> HW
[2025-06-29 22:49:44.753] [8420] [HailoRT] [info] [edge_elements.cpp:287] [create] Created (HwReadEl3scrfd_2_5g/conv42 | hw_frame_size: 12800)
[2025-06-29 22:49:44.756] [8420] [HailoRT] [info] [queue_elements.cpp:800] [create] Created (UserBuffQEl3scrfd_2_5g/conv42 | timeout: 10s)
[2025-06-29 22:49:44.756] [8420] [HailoRT] [info] [vstream.cpp:1114] [OutputVStreamImpl] Creating scrfd_2_5g/conv42...
[2025-06-29 22:49:44.756] [8420] [HailoRT] [info] [vstream_builder.cpp:220] [create_outputs] Output pipeline 'scrfd_2_5g/conv42': HW >> (HwReadEl3scrfd_2_5g/conv42 | hw_frame_size: 12800) >> (UserBuffQEl3scrfd_2_5g/conv42 | timeout: 10s)
[2025-06-29 22:49:44.756] [8420] [HailoRT] [info] [edge_elements.cpp:287] [create] Created (HwReadEl0scrfd_2_5g/conv43 | hw_frame_size: 51200)
[2025-06-29 22:49:44.758] [8420] [HailoRT] [info] [queue_elements.cpp:800] [create] Created (UserBuffQEl0scrfd_2_5g/conv43 | timeout: 10s)
[2025-06-29 22:49:44.758] [8420] [HailoRT] [info] [vstream.cpp:1114] [OutputVStreamImpl] Creating scrfd_2_5g/conv43...
[2025-06-29 22:49:44.758] [8420] [HailoRT] [info] [vstream_builder.cpp:220] [create_outputs] Output pipeline 'scrfd_2_5g/conv43': HW >> (HwReadEl0scrfd_2_5g/conv43 | hw_frame_size: 51200) >> (UserBuffQEl0scrfd_2_5g/conv43 | timeout: 10s)
[2025-06-29 22:49:44.758] [8420] [HailoRT] [info] [edge_elements.cpp:287] [create] Created (HwReadEl2scrfd_2_5g/conv44 | hw_frame_size: 153600)
[2025-06-29 22:49:44.761] [8420] [HailoRT] [info] [queue_elements.cpp:657] [create] Created (PullQEl_hw_read2scrfd_2_5g/conv44)
[2025-06-29 22:49:44.761] [8420] [HailoRT] [info] [filter_elements.cpp:375] [create] Created (PostInferEl2scrfd_2_5g/conv44 | Reorder - src_order: FCR, src_shape: (80, 80, 24), dst_order: FCR, dst_shape: (80, 80, 20))
[2025-06-29 22:49:44.762] [8420] [HailoRT] [info] [queue_elements.cpp:800] [create] Created (UserBuffQEl2scrfd_2_5g/conv44 | timeout: 10s)
[2025-06-29 22:49:44.762] [8420] [HailoRT] [info] [vstream.cpp:1114] [OutputVStreamImpl] Creating scrfd_2_5g/conv44...
[2025-06-29 22:49:44.764] [8420] [HailoRT] [info] [vstream_builder.cpp:220] [create_outputs] Output pipeline 'scrfd_2_5g/conv44': HW >> (HwReadEl2scrfd_2_5g/conv44 | hw_frame_size: 153600) >> (PullQEl_hw_read2scrfd_2_5g/conv44) >> (PostInferEl2scrfd_2_5g/conv44 | Reorder - src_order: FCR, src_shape: (80, 80, 24), dst_order: FCR, dst_shape: (80, 80, 20)) >> (UserBuffQEl2scrfd_2_5g/conv44 | timeout: 10s)
[2025-06-29 22:49:44.764] [8420] [HailoRT] [info] [edge_elements.cpp:287] [create] Created (HwReadEl14scrfd_2_5g/conv49 | hw_frame_size: 3200)
[2025-06-29 22:49:44.765] [8420] [HailoRT] [info] [queue_elements.cpp:800] [create] Created (UserBuffQEl14scrfd_2_5g/conv49 | timeout: 10s)
[2025-06-29 22:49:44.765] [8420] [HailoRT] [info] [vstream.cpp:1114] [OutputVStreamImpl] Creating scrfd_2_5g/conv49...
[2025-06-29 22:49:44.765] [8420] [HailoRT] [info] [vstream_builder.cpp:220] [create_outputs] Output pipeline 'scrfd_2_5g/conv49': HW >> (HwReadEl14scrfd_2_5g/conv49 | hw_frame_size: 3200) >> (UserBuffQEl14scrfd_2_5g/conv49 | timeout: 10s)
[2025-06-29 22:49:44.766] [8420] [HailoRT] [info] [edge_elements.cpp:287] [create] Created (HwReadEl12scrfd_2_5g/conv50 | hw_frame_size: 12800)
[2025-06-29 22:49:44.767] [8420] [HailoRT] [info] [queue_elements.cpp:800] [create] Created (UserBuffQEl12scrfd_2_5g/conv50 | timeout: 10s)
[2025-06-29 22:49:44.767] [8420] [HailoRT] [info] [vstream.cpp:1114] [OutputVStreamImpl] Creating scrfd_2_5g/conv50...
[2025-06-29 22:49:44.767] [8420] [HailoRT] [info] [vstream_builder.cpp:220] [create_outputs] Output pipeline 'scrfd_2_5g/conv50': HW >> (HwReadEl12scrfd_2_5g/conv50 | hw_frame_size: 12800) >> (UserBuffQEl12scrfd_2_5g/conv50 | timeout: 10s)
[2025-06-29 22:49:44.767] [8420] [HailoRT] [info] [edge_elements.cpp:287] [create] Created (HwReadEl1scrfd_2_5g/conv51 | hw_frame_size: 38400)
[2025-06-29 22:49:44.768] [8420] [HailoRT] [info] [queue_elements.cpp:657] [create] Created (PullQEl_hw_read1scrfd_2_5g/conv51)
[2025-06-29 22:49:44.768] [8420] [HailoRT] [info] [filter_elements.cpp:375] [create] Created (PostInferEl1scrfd_2_5g/conv51 | Reorder - src_order: FCR, src_shape: (40, 40, 24), dst_order: FCR, dst_shape: (40, 40, 20))
[2025-06-29 22:49:44.768] [8420] [HailoRT] [info] [queue_elements.cpp:800] [create] Created (UserBuffQEl1scrfd_2_5g/conv51 | timeout: 10s)
[2025-06-29 22:49:44.769] [8420] [HailoRT] [info] [vstream.cpp:1114] [OutputVStreamImpl] Creating scrfd_2_5g/conv51...
[2025-06-29 22:49:44.769] [8420] [HailoRT] [info] [vstream_builder.cpp:220] [create_outputs] Output pipeline 'scrfd_2_5g/conv51': HW >> (HwReadEl1scrfd_2_5g/conv51 | hw_frame_size: 38400) >> (PullQEl_hw_read1scrfd_2_5g/conv51) >> (PostInferEl1scrfd_2_5g/conv51 | Reorder - src_order: FCR, src_shape: (40, 40, 24), dst_order: FCR, dst_shape: (40, 40, 20)) >> (UserBuffQEl1scrfd_2_5g/conv51 | timeout: 10s)
[2025-06-29 22:49:44.769] [8420] [HailoRT] [info] [edge_elements.cpp:287] [create] Created (HwReadEl10scrfd_2_5g/conv55 | hw_frame_size: 800)
[2025-06-29 22:49:44.769] [8420] [HailoRT] [info] [queue_elements.cpp:657] [create] Created (PullQEl_hw_read10scrfd_2_5g/conv55)
[2025-06-29 22:49:44.769] [8420] [HailoRT] [info] [filter_elements.cpp:375] [create] Created (PostInferEl10scrfd_2_5g/conv55 | Reorder - src_order: NHCW, src_shape: (20, 20, 2), dst_order: NHWC, dst_shape: (20, 20, 2))
[2025-06-29 22:49:44.770] [8420] [HailoRT] [info] [queue_elements.cpp:800] [create] Created (UserBuffQEl10scrfd_2_5g/conv55 | timeout: 10s)
[2025-06-29 22:49:44.771] [8420] [HailoRT] [info] [vstream.cpp:1114] [OutputVStreamImpl] Creating scrfd_2_5g/conv55...
[2025-06-29 22:49:44.771] [8420] [HailoRT] [info] [vstream_builder.cpp:220] [create_outputs] Output pipeline 'scrfd_2_5g/conv55': HW >> (HwReadEl10scrfd_2_5g/conv55 | hw_frame_size: 800) >> (PullQEl_hw_read10scrfd_2_5g/conv55) >> (PostInferEl10scrfd_2_5g/conv55 | Reorder - src_order: NHCW, src_shape: (20, 20, 2), dst_order: NHWC, dst_shape: (20, 20, 2)) >> (UserBuffQEl10scrfd_2_5g/conv55 | timeout: 10s)
[2025-06-29 22:49:44.771] [8420] [HailoRT] [info] [edge_elements.cpp:287] [create] Created (HwReadEl9scrfd_2_5g/conv56 | hw_frame_size: 3200)
[2025-06-29 22:49:44.772] [8420] [HailoRT] [info] [queue_elements.cpp:657] [create] Created (PullQEl_hw_read9scrfd_2_5g/conv56)
[2025-06-29 22:49:44.772] [8420] [HailoRT] [info] [filter_elements.cpp:375] [create] Created (PostInferEl9scrfd_2_5g/conv56 | Reorder - src_order: NHCW, src_shape: (20, 20, 8), dst_order: NHWC, dst_shape: (20, 20, 8))
[2025-06-29 22:49:44.774] [8420] [HailoRT] [info] [queue_elements.cpp:800] [create] Created (UserBuffQEl9scrfd_2_5g/conv56 | timeout: 10s)
[2025-06-29 22:49:44.774] [8420] [HailoRT] [info] [vstream.cpp:1114] [OutputVStreamImpl] Creating scrfd_2_5g/conv56...
[2025-06-29 22:49:44.774] [8420] [HailoRT] [info] [vstream_builder.cpp:220] [create_outputs] Output pipeline 'scrfd_2_5g/conv56': HW >> (HwReadEl9scrfd_2_5g/conv56 | hw_frame_size: 3200) >> (PullQEl_hw_read9scrfd_2_5g/conv56) >> (PostInferEl9scrfd_2_5g/conv56 | Reorder - src_order: NHCW, src_shape: (20, 20, 8), dst_order: NHWC, dst_shape: (20, 20, 8)) >> (UserBuffQEl9scrfd_2_5g/conv56 | timeout: 10s)
[2025-06-29 22:49:44.774] [8420] [HailoRT] [info] [edge_elements.cpp:287] [create] Created (HwReadEl13scrfd_2_5g/conv57 | hw_frame_size: 9600)
[2025-06-29 22:49:44.775] [8420] [HailoRT] [info] [queue_elements.cpp:657] [create] Created (PullQEl_hw_read13scrfd_2_5g/conv57)
[2025-06-29 22:49:44.775] [8420] [HailoRT] [info] [filter_elements.cpp:375] [create] Created (PostInferEl13scrfd_2_5g/conv57 | Reorder - src_order: FCR, src_shape: (20, 20, 24), dst_order: FCR, dst_shape: (20, 20, 20))
[2025-06-29 22:49:44.776] [8420] [HailoRT] [info] [queue_elements.cpp:800] [create] Created (UserBuffQEl13scrfd_2_5g/conv57 | timeout: 10s)
[2025-06-29 22:49:44.776] [8420] [HailoRT] [info] [vstream.cpp:1114] [OutputVStreamImpl] Creating scrfd_2_5g/conv57...
[2025-06-29 22:49:44.776] [8420] [HailoRT] [info] [vstream_builder.cpp:220] [create_outputs] Output pipeline 'scrfd_2_5g/conv57': HW >> (HwReadEl13scrfd_2_5g/conv57 | hw_frame_size: 9600) >> (PullQEl_hw_read13scrfd_2_5g/conv57) >> (PostInferEl13scrfd_2_5g/conv57 | Reorder - src_order: FCR, src_shape: (20, 20, 24), dst_order: FCR, dst_shape: (20, 20, 20)) >> (UserBuffQEl13scrfd_2_5g/conv57 | timeout: 10s)
[2025-06-29 22:49:45.709] [8459] [HailoRT] [info] [hef.cpp:1929] [get_network_group_and_network_name] No name was given. Addressing all networks of default network_group: arcface_mobilefacenet
[2025-06-29 22:49:45.710] [8459] [HailoRT] [info] [internal_buffer_manager.cpp:204] [print_execution_results] Planned internal buffer memory: CMA memory 0, user memory 50688. memory to edge layer usage factor is 1
[2025-06-29 22:49:45.710] [8459] [HailoRT] [info] [internal_buffer_manager.cpp:212] [print_execution_results] Default Internal buffer planner executed successfully
[2025-06-29 22:49:45.726] [8459] [HailoRT] [info] [device_internal.cpp:57] [configure] Configuring HEF took 16.823596 milliseconds
[2025-06-29 22:49:45.728] [8459] [HailoRT] [info] [vdevice.cpp:749] [configure] Configuring HEF on VDevice took 19.35408 milliseconds
[2025-06-29 22:49:45.728] [8459] [HailoRT] [info] [edge_elements.cpp:52] [create] Created (HwWriteEl1arcface_mobilefacenet/input_layer1 | hw_frame_size: 37632)
[2025-06-29 22:49:45.728] [8459] [HailoRT] [info] [vstream.cpp:754] [InputVStreamImpl] Creating arcface_mobilefacenet/input_layer1...
[2025-06-29 22:49:45.728] [8459] [HailoRT] [info] [vstream_builder.cpp:102] [create_inputs] Input pipeline 'arcface_mobilefacenet/input_layer1': (HwWriteEl1arcface_mobilefacenet/input_layer1 | hw_frame_size: 37632) >> HW
[2025-06-29 22:49:45.728] [8459] [HailoRT] [info] [edge_elements.cpp:287] [create] Created (HwReadEl0arcface_mobilefacenet/fc1 | hw_frame_size: 512)
[2025-06-29 22:49:45.754] [8459] [HailoRT] [info] [queue_elements.cpp:800] [create] Created (UserBuffQEl0arcface_mobilefacenet/fc1 | timeout: 10s)
[2025-06-29 22:49:45.754] [8459] [HailoRT] [info] [vstream.cpp:1114] [OutputVStreamImpl] Creating arcface_mobilefacenet/fc1...
[2025-06-29 22:49:45.754] [8459] [HailoRT] [info] [vstream_builder.cpp:220] [create_outputs] Output pipeline 'arcface_mobilefacenet/fc1': HW >> (HwReadEl0arcface_mobilefacenet/fc1 | hw_frame_size: 512) >> (UserBuffQEl0arcface_mobilefacenet/fc1 | timeout: 10s)
[2025-06-29 22:50:45.605] [11508] [HailoRT] [info] [vdevice.cpp:523] [create] Creating vdevice with params: device_count: 1, scheduling_algorithm: ROUND_ROBIN, multi_process_service: false
[2025-06-29 22:50:45.617] [11508] [HailoRT] [info] [device.cpp:49] [Device] OS Version: Linux 6.12.20+rpt-rpi-2712 #1 SMP PREEMPT Debian 1:6.12.20-1+rpt1~bpo12+1 (2025-03-19) aarch64
[2025-06-29 22:50:45.618] [11508] [HailoRT] [info] [control.cpp:108] [control__parse_identify_results] firmware_version is: 4.20.0
[2025-06-29 22:50:45.618] [11508] [HailoRT] [info] [vdevice.cpp:651] [create] VDevice Infos: 0001:01:00.0
[2025-06-29 22:50:45.644] [11559] [HailoRT] [info] [hef.cpp:1929] [get_network_group_and_network_name] No name was given. Addressing all networks of default network_group: scrfd_2_5g
[2025-06-29 22:50:45.651] [11559] [HailoRT] [info] [internal_buffer_manager.cpp:204] [print_execution_results] Planned internal buffer memory: CMA memory 0, user memory 462336. memory to edge layer usage factor is 1
[2025-06-29 22:50:45.651] [11559] [HailoRT] [info] [internal_buffer_manager.cpp:212] [print_execution_results] Default Internal buffer planner executed successfully
[2025-06-29 22:50:45.662] [11559] [HailoRT] [info] [device_internal.cpp:57] [configure] Configuring HEF took 17.512554 milliseconds
[2025-06-29 22:50:45.673] [11559] [HailoRT] [info] [vdevice.cpp:749] [configure] Configuring HEF on VDevice took 28.988404 milliseconds
[2025-06-29 22:50:45.674] [11559] [HailoRT] [info] [edge_elements.cpp:52] [create] Created (HwWriteEl3scrfd_2_5g/input_layer1 | hw_frame_size: 1228800)
[2025-06-29 22:50:45.674] [11559] [HailoRT] [info] [vstream.cpp:754] [InputVStreamImpl] Creating scrfd_2_5g/input_layer1...
[2025-06-29 22:50:45.674] [11559] [HailoRT] [info] [vstream_builder.cpp:102] [create_inputs] Input pipeline 'scrfd_2_5g/input_layer1': (HwWriteEl3scrfd_2_5g/input_layer1 | hw_frame_size: 1228800) >> HW
[2025-06-29 22:50:45.674] [11559] [HailoRT] [info] [edge_elements.cpp:287] [create] Created (HwReadEl3scrfd_2_5g/conv42 | hw_frame_size: 12800)
[2025-06-29 22:50:45.674] [11559] [HailoRT] [info] [queue_elements.cpp:800] [create] Created (UserBuffQEl3scrfd_2_5g/conv42 | timeout: 10s)
[2025-06-29 22:50:45.674] [11559] [HailoRT] [info] [vstream.cpp:1114] [OutputVStreamImpl] Creating scrfd_2_5g/conv42...
[2025-06-29 22:50:45.674] [11559] [HailoRT] [info] [vstream_builder.cpp:220] [create_outputs] Output pipeline 'scrfd_2_5g/conv42': HW >> (HwReadEl3scrfd_2_5g/conv42 | hw_frame_size: 12800) >> (UserBuffQEl3scrfd_2_5g/conv42 | timeout: 10s)
[2025-06-29 22:50:45.674] [11559] [HailoRT] [info] [edge_elements.cpp:287] [create] Created (HwReadEl0scrfd_2_5g/conv43 | hw_frame_size: 51200)
[2025-06-29 22:50:45.674] [11559] [HailoRT] [info] [queue_elements.cpp:800] [create] Created (UserBuffQEl0scrfd_2_5g/conv43 | timeout: 10s)
[2025-06-29 22:50:45.674] [11559] [HailoRT] [info] [vstream.cpp:1114] [OutputVStreamImpl] Creating scrfd_2_5g/conv43...
[2025-06-29 22:50:45.674] [11559] [HailoRT] [info] [vstream_builder.cpp:220] [create_outputs] Output pipeline 'scrfd_2_5g/conv43': HW >> (HwReadEl0scrfd_2_5g/conv43 | hw_frame_size: 51200) >> (UserBuffQEl0scrfd_2_5g/conv43 | timeout: 10s)
[2025-06-29 22:50:45.674] [11559] [HailoRT] [info] [edge_elements.cpp:287] [create] Created (HwReadEl2scrfd_2_5g/conv44 | hw_frame_size: 153600)
[2025-06-29 22:50:45.674] [11559] [HailoRT] [info] [queue_elements.cpp:657] [create] Created (PullQEl_hw_read2scrfd_2_5g/conv44)
[2025-06-29 22:50:45.674] [11559] [HailoRT] [info] [filter_elements.cpp:375] [create] Created (PostInferEl2scrfd_2_5g/conv44 | Reorder - src_order: FCR, src_shape: (80, 80, 24), dst_order: FCR, dst_shape: (80, 80, 20))
[2025-06-29 22:50:45.674] [11559] [HailoRT] [info] [queue_elements.cpp:800] [create] Created (UserBuffQEl2scrfd_2_5g/conv44 | timeout: 10s)
[2025-06-29 22:50:45.674] [11559] [HailoRT] [info] [vstream.cpp:1114] [OutputVStreamImpl] Creating scrfd_2_5g/conv44...
[2025-06-29 22:50:45.674] [11559] [HailoRT] [info] [vstream_builder.cpp:220] [create_outputs] Output pipeline 'scrfd_2_5g/conv44': HW >> (HwReadEl2scrfd_2_5g/conv44 | hw_frame_size: 153600) >> (PullQEl_hw_read2scrfd_2_5g/conv44) >> (PostInferEl2scrfd_2_5g/conv44 | Reorder - src_order: FCR, src_shape: (80, 80, 24), dst_order: FCR, dst_shape: (80, 80, 20)) >> (UserBuffQEl2scrfd_2_5g/conv44 | timeout: 10s)
[2025-06-29 22:50:45.674] [11559] [HailoRT] [info] [edge_elements.cpp:287] [create] Created (HwReadEl14scrfd_2_5g/conv49 | hw_frame_size: 3200)
[2025-06-29 22:50:45.674] [11559] [HailoRT] [info] [queue_elements.cpp:800] [create] Created (UserBuffQEl14scrfd_2_5g/conv49 | timeout: 10s)
[2025-06-29 22:50:45.674] [11559] [HailoRT] [info] [vstream.cpp:1114] [OutputVStreamImpl] Creating scrfd_2_5g/conv49...
[2025-06-29 22:50:45.675] [11559] [HailoRT] [info] [vstream_builder.cpp:220] [create_outputs] Output pipeline 'scrfd_2_5g/conv49': HW >> (HwReadEl14scrfd_2_5g/conv49 | hw_frame_size: 3200) >> (UserBuffQEl14scrfd_2_5g/conv49 | timeout: 10s)
[2025-06-29 22:50:45.675] [11559] [HailoRT] [info] [edge_elements.cpp:287] [create] Created (HwReadEl12scrfd_2_5g/conv50 | hw_frame_size: 12800)
[2025-06-29 22:50:45.675] [11559] [HailoRT] [info] [queue_elements.cpp:800] [create] Created (UserBuffQEl12scrfd_2_5g/conv50 | timeout: 10s)
[2025-06-29 22:50:45.675] [11559] [HailoRT] [info] [vstream.cpp:1114] [OutputVStreamImpl] Creating scrfd_2_5g/conv50...
[2025-06-29 22:50:45.675] [11559] [HailoRT] [info] [vstream_builder.cpp:220] [create_outputs] Output pipeline 'scrfd_2_5g/conv50': HW >> (HwReadEl12scrfd_2_5g/conv50 | hw_frame_size: 12800) >> (UserBuffQEl12scrfd_2_5g/conv50 | timeout: 10s)
[2025-06-29 22:50:45.675] [11559] [HailoRT] [info] [edge_elements.cpp:287] [create] Created (HwReadEl1scrfd_2_5g/conv51 | hw_frame_size: 38400)
[2025-06-29 22:50:45.675] [11559] [HailoRT] [info] [queue_elements.cpp:657] [create] Created (PullQEl_hw_read1scrfd_2_5g/conv51)
[2025-06-29 22:50:45.675] [11559] [HailoRT] [info] [filter_elements.cpp:375] [create] Created (PostInferEl1scrfd_2_5g/conv51 | Reorder - src_order: FCR, src_shape: (40, 40, 24), dst_order: FCR, dst_shape: (40, 40, 20))
[2025-06-29 22:50:45.675] [11559] [HailoRT] [info] [queue_elements.cpp:800] [create] Created (UserBuffQEl1scrfd_2_5g/conv51 | timeout: 10s)
[2025-06-29 22:50:45.675] [11559] [HailoRT] [info] [vstream.cpp:1114] [OutputVStreamImpl] Creating scrfd_2_5g/conv51...
[2025-06-29 22:50:45.675] [11559] [HailoRT] [info] [vstream_builder.cpp:220] [create_outputs] Output pipeline 'scrfd_2_5g/conv51': HW >> (HwReadEl1scrfd_2_5g/conv51 | hw_frame_size: 38400) >> (PullQEl_hw_read1scrfd_2_5g/conv51) >> (PostInferEl1scrfd_2_5g/conv51 | Reorder - src_order: FCR, src_shape: (40, 40, 24), dst_order: FCR, dst_shape: (40, 40, 20)) >> (UserBuffQEl1scrfd_2_5g/conv51 | timeout: 10s)
[2025-06-29 22:50:45.675] [11559] [HailoRT] [info] [edge_elements.cpp:287] [create] Created (HwReadEl10scrfd_2_5g/conv55 | hw_frame_size: 800)
[2025-06-29 22:50:45.675] [11559] [HailoRT] [info] [queue_elements.cpp:657] [create] Created (PullQEl_hw_read10scrfd_2_5g/conv55)
[2025-06-29 22:50:45.675] [11559] [HailoRT] [info] [filter_elements.cpp:375] [create] Created (PostInferEl10scrfd_2_5g/conv55 | Reorder - src_order: NHCW, src_shape: (20, 20, 2), dst_order: NHWC, dst_shape: (20, 20, 2))
[2025-06-29 22:50:45.675] [11559] [HailoRT] [info] [queue_elements.cpp:800] [create] Created (UserBuffQEl10scrfd_2_5g/conv55 | timeout: 10s)
[2025-06-29 22:50:45.675] [11559] [HailoRT] [info] [vstream.cpp:1114] [OutputVStreamImpl] Creating scrfd_2_5g/conv55...
[2025-06-29 22:50:45.675] [11559] [HailoRT] [info] [vstream_builder.cpp:220] [create_outputs] Output pipeline 'scrfd_2_5g/conv55': HW >> (HwReadEl10scrfd_2_5g/conv55 | hw_frame_size: 800) >> (PullQEl_hw_read10scrfd_2_5g/conv55) >> (PostInferEl10scrfd_2_5g/conv55 | Reorder - src_order: NHCW, src_shape: (20, 20, 2), dst_order: NHWC, dst_shape: (20, 20, 2)) >> (UserBuffQEl10scrfd_2_5g/conv55 | timeout: 10s)
[2025-06-29 22:50:45.675] [11559] [HailoRT] [info] [edge_elements.cpp:287] [create] Created (HwReadEl9scrfd_2_5g/conv56 | hw_frame_size: 3200)
[2025-06-29 22:50:45.675] [11559] [HailoRT] [info] [queue_elements.cpp:657] [create] Created (PullQEl_hw_read9scrfd_2_5g/conv56)
[2025-06-29 22:50:45.675] [11559] [HailoRT] [info] [filter_elements.cpp:375] [create] Created (PostInferEl9scrfd_2_5g/conv56 | Reorder - src_order: NHCW, src_shape: (20, 20, 8), dst_order: NHWC, dst_shape: (20, 20, 8))
[2025-06-29 22:50:45.676] [11559] [HailoRT] [info] [queue_elements.cpp:800] [create] Created (UserBuffQEl9scrfd_2_5g/conv56 | timeout: 10s)
[2025-06-29 22:50:45.676] [11559] [HailoRT] [info] [vstream.cpp:1114] [OutputVStreamImpl] Creating scrfd_2_5g/conv56...
[2025-06-29 22:50:45.676] [11559] [HailoRT] [info] [vstream_builder.cpp:220] [create_outputs] Output pipeline 'scrfd_2_5g/conv56': HW >> (HwReadEl9scrfd_2_5g/conv56 | hw_frame_size: 3200) >> (PullQEl_hw_read9scrfd_2_5g/conv56) >> (PostInferEl9scrfd_2_5g/conv56 | Reorder - src_order: NHCW, src_shape: (20, 20, 8), dst_order: NHWC, dst_shape: (20, 20, 8)) >> (UserBuffQEl9scrfd_2_5g/conv56 | timeout: 10s)
[2025-06-29 22:50:45.676] [11559] [HailoRT] [info] [edge_elements.cpp:287] [create] Created (HwReadEl13scrfd_2_5g/conv57 | hw_frame_size: 9600)
[2025-06-29 22:50:45.676] [11559] [HailoRT] [info] [queue_elements.cpp:657] [create] Created (PullQEl_hw_read13scrfd_2_5g/conv57)
[2025-06-29 22:50:45.676] [11559] [HailoRT] [info] [filter_elements.cpp:375] [create] Created (PostInferEl13scrfd_2_5g/conv57 | Reorder - src_order: FCR, src_shape: (20, 20, 24), dst_order: FCR, dst_shape: (20, 20, 20))
[2025-06-29 22:50:45.676] [11559] [HailoRT] [info] [queue_elements.cpp:800] [create] Created (UserBuffQEl13scrfd_2_5g/conv57 | timeout: 10s)
[2025-06-29 22:50:45.676] [11559] [HailoRT] [info] [vstream.cpp:1114] [OutputVStreamImpl] Creating scrfd_2_5g/conv57...
[2025-06-29 22:50:45.676] [11559] [HailoRT] [info] [vstream_builder.cpp:220] [create_outputs] Output pipeline 'scrfd_2_5g/conv57': HW >> (HwReadEl13scrfd_2_5g/conv57 | hw_frame_size: 9600) >> (PullQEl_hw_read13scrfd_2_5g/conv57) >> (PostInferEl13scrfd_2_5g/conv57 | Reorder - src_order: FCR, src_shape: (20, 20, 24), dst_order: FCR, dst_shape: (20, 20, 20)) >> (UserBuffQEl13scrfd_2_5g/conv57 | timeout: 10s)
[2025-06-29 22:50:46.644] [11598] [HailoRT] [info] [hef.cpp:1929] [get_network_group_and_network_name] No name was given. Addressing all networks of default network_group: arcface_mobilefacenet
[2025-06-29 22:50:46.645] [11598] [HailoRT] [info] [internal_buffer_manager.cpp:204] [print_execution_results] Planned internal buffer memory: CMA memory 0, user memory 50688. memory to edge layer usage factor is 1
[2025-06-29 22:50:46.645] [11598] [HailoRT] [info] [internal_buffer_manager.cpp:212] [print_execution_results] Default Internal buffer planner executed successfully
[2025-06-29 22:50:46.656] [11598] [HailoRT] [info] [device_internal.cpp:57] [configure] Configuring HEF took 11.911722 milliseconds
[2025-06-29 22:50:46.658] [11598] [HailoRT] [info] [vdevice.cpp:749] [configure] Configuring HEF on VDevice took 14.579296 milliseconds
[2025-06-29 22:50:46.659] [11598] [HailoRT] [info] [edge_elements.cpp:52] [create] Created (HwWriteEl1arcface_mobilefacenet/input_layer1 | hw_frame_size: 37632)
[2025-06-29 22:50:46.659] [11598] [HailoRT] [info] [vstream.cpp:754] [InputVStreamImpl] Creating arcface_mobilefacenet/input_layer1...
[2025-06-29 22:50:46.659] [11598] [HailoRT] [info] [vstream_builder.cpp:102] [create_inputs] Input pipeline 'arcface_mobilefacenet/input_layer1': (HwWriteEl1arcface_mobilefacenet/input_layer1 | hw_frame_size: 37632) >> HW
[2025-06-29 22:50:46.659] [11598] [HailoRT] [info] [edge_elements.cpp:287] [create] Created (HwReadEl0arcface_mobilefacenet/fc1 | hw_frame_size: 512)
[2025-06-29 22:50:46.659] [11598] [HailoRT] [info] [queue_elements.cpp:800] [create] Created (UserBuffQEl0arcface_mobilefacenet/fc1 | timeout: 10s)
[2025-06-29 22:50:46.659] [11598] [HailoRT] [info] [vstream.cpp:1114] [OutputVStreamImpl] Creating arcface_mobilefacenet/fc1...
[2025-06-29 22:50:46.659] [11598] [HailoRT] [info] [vstream_builder.cpp:220] [create_outputs] Output pipeline 'arcface_mobilefacenet/fc1': HW >> (HwReadEl0arcface_mobilefacenet/fc1 | hw_frame_size: 512) >> (UserBuffQEl0arcface_mobilefacenet/fc1 | timeout: 10s)
